fight_id,event_id,event_date,red_fighter_id,blue_fighter_id,weight_class,title_fight,red_win,red_height_inches,red_weight_lbs,red_reach_inches,red_age_years,red_stance,red_fighter_name,blue_height_inches,blue_weight_lbs,blue_reach_inches,blue_age_years,blue_stance,blue_fighter_name,stance_matchup,red_career_fights,red_career_wins,red_career_losses,red_career_win_rate,red_career_ko_tko_win_rate,red_career_submission_win_rate,red_career_decision_win_rate,red_career_finish_loss_rate,red_career_avg_win,red_career_avg_ko_tko_win,red_career_avg_submission_win,red_career_avg_decision_win,red_career_avg_ko_tko_loss,red_career_avg_submission_loss,red_career_avg_decision_loss,red_career_avg_finish_win,red_career_avg_finish_loss,red_career_avg_kd_for,red_career_avg_kd_against,red_career_avg_sig_landed_for,red_career_avg_sig_attempted_for,red_career_avg_sig_landed_against,red_career_avg_sig_attempted_against,red_career_avg_total_str_landed_for,red_career_avg_total_str_attempted_for,red_career_avg_total_str_landed_against,red_career_avg_total_str_attempted_against,red_career_avg_td_success_for,red_career_avg_td_attempted_for,red_career_avg_td_success_against,red_career_avg_td_attempted_against,red_career_avg_sub_att_for,red_career_avg_sub_att_against,red_career_avg_rev_for,red_career_avg_rev_against,red_career_avg_ctrl_seconds_for,red_career_avg_ctrl_seconds_against,red_career_avg_rounds_fought,red_career_avg_fight_duration_seconds,red_career_sig_acc_for,red_career_sig_acc_against,red_career_td_acc_for,red_career_td_acc_against,red_last_3_fight_count,red_last_3_avg_win,red_last_3_avg_ko_tko_win,red_last_3_avg_submission_win,red_last_3_avg_decision_win,red_last_3_avg_ko_tko_loss,red_last_3_avg_submission_loss,red_last_3_avg_decision_loss,red_last_3_avg_finish_win,red_last_3_avg_finish_loss,red_last_3_avg_kd_for,red_last_3_avg_kd_against,red_last_3_avg_sig_landed_for,red_last_3_avg_sig_attempted_for,red_last_3_avg_sig_landed_against,red_last_3_avg_sig_attempted_against,red_last_3_avg_total_str_landed_for,red_last_3_avg_total_str_attempted_for,red_last_3_avg_total_str_landed_against,red_last_3_avg_total_str_attempted_against,red_last_3_avg_td_success_for,red_last_3_avg_td_attempted_for,red_last_3_avg_td_success_against,red_last_3_avg_td_attempted_against,red_last_3_avg_sub_att_for,red_last_3_avg_sub_att_against,red_last_3_avg_rev_for,red_last_3_avg_rev_against,red_last_3_avg_ctrl_seconds_for,red_last_3_avg_ctrl_seconds_against,red_last_3_avg_rounds_fought,red_last_3_avg_fight_duration_seconds,red_last_3_sig_acc_for,red_last_3_sig_acc_against,red_last_3_td_acc_for,red_last_3_td_acc_against,red_last_5_fight_count,red_last_5_avg_win,red_last_5_avg_ko_tko_win,red_last_5_avg_submission_win,red_last_5_avg_decision_win,red_last_5_avg_ko_tko_loss,red_last_5_avg_submission_loss,red_last_5_avg_decision_loss,red_last_5_avg_finish_win,red_last_5_avg_finish_loss,red_last_5_avg_kd_for,red_last_5_avg_kd_against,red_last_5_avg_sig_landed_for,red_last_5_avg_sig_attempted_for,red_last_5_avg_sig_landed_against,red_last_5_avg_sig_attempted_against,red_last_5_avg_total_str_landed_for,red_last_5_avg_total_str_attempted_for,red_last_5_avg_total_str_landed_against,red_last_5_avg_total_str_attempted_against,red_last_5_avg_td_success_for,red_last_5_avg_td_attempted_for,red_last_5_avg_td_success_against,red_last_5_avg_td_attempted_against,red_last_5_avg_sub_att_for,red_last_5_avg_sub_att_against,red_last_5_avg_rev_for,red_last_5_avg_rev_against,red_last_5_avg_ctrl_seconds_for,red_last_5_avg_ctrl_seconds_against,red_last_5_avg_rounds_fought,red_last_5_avg_fight_duration_seconds,red_last_5_sig_acc_for,red_last_5_sig_acc_against,red_last_5_td_acc_for,red_last_5_td_acc_against,red_last_10_fight_count,red_last_10_avg_win,red_last_10_avg_ko_tko_win,red_last_10_avg_submission_win,red_last_10_avg_decision_win,red_last_10_avg_ko_tko_loss,red_last_10_avg_submission_loss,red_last_10_avg_decision_loss,red_last_10_avg_finish_win,red_last_10_avg_finish_loss,red_last_10_avg_kd_for,red_last_10_avg_kd_against,red_last_10_avg_sig_landed_for,red_last_10_avg_sig_attempted_for,red_last_10_avg_sig_landed_against,red_last_10_avg_sig_attempted_against,red_last_10_avg_total_str_landed_for,red_last_10_avg_total_str_attempted_for,red_last_10_avg_total_str_landed_against,red_last_10_avg_total_str_attempted_against,red_last_10_avg_td_success_for,red_last_10_avg_td_attempted_for,red_last_10_avg_td_success_against,red_last_10_avg_td_attempted_against,red_last_10_avg_sub_att_for,red_last_10_avg_sub_att_against,red_last_10_avg_rev_for,red_last_10_avg_rev_against,red_last_10_avg_ctrl_seconds_for,red_last_10_avg_ctrl_seconds_against,red_last_10_avg_rounds_fought,red_last_10_avg_fight_duration_seconds,red_last_10_sig_acc_for,red_last_10_sig_acc_against,red_last_10_td_acc_for,red_last_10_td_acc_against,blue_career_fights,blue_career_wins,blue_career_losses,blue_career_win_rate,blue_career_ko_tko_win_rate,blue_career_submission_win_rate,blue_career_decision_win_rate,blue_career_finish_loss_rate,blue_career_avg_win,blue_career_avg_ko_tko_win,blue_career_avg_submission_win,blue_career_avg_decision_win,blue_career_avg_ko_tko_loss,blue_career_avg_submission_loss,blue_career_avg_decision_loss,blue_career_avg_finish_win,blue_career_avg_finish_loss,blue_career_avg_kd_for,blue_career_avg_kd_against,blue_career_avg_sig_landed_for,blue_career_avg_sig_attempted_for,blue_career_avg_sig_landed_against,blue_career_avg_sig_attempted_against,blue_career_avg_total_str_landed_for,blue_career_avg_total_str_attempted_for,blue_career_avg_total_str_landed_against,blue_career_avg_total_str_attempted_against,blue_career_avg_td_success_for,blue_career_avg_td_attempted_for,blue_career_avg_td_success_against,blue_career_avg_td_attempted_against,blue_career_avg_sub_att_for,blue_career_avg_sub_att_against,blue_career_avg_rev_for,blue_career_avg_rev_against,blue_career_avg_ctrl_seconds_for,blue_career_avg_ctrl_seconds_against,blue_career_avg_rounds_fought,blue_career_avg_fight_duration_seconds,blue_career_sig_acc_for,blue_career_sig_acc_against,blue_career_td_acc_for,blue_career_td_acc_against,blue_last_3_fight_count,blue_last_3_avg_win,blue_last_3_avg_ko_tko_win,blue_last_3_avg_submission_win,blue_last_3_avg_decision_win,blue_last_3_avg_ko_tko_loss,blue_last_3_avg_submission_loss,blue_last_3_avg_decision_loss,blue_last_3_avg_finish_win,blue_last_3_avg_finish_loss,blue_last_3_avg_kd_for,blue_last_3_avg_kd_against,blue_last_3_avg_sig_landed_for,blue_last_3_avg_sig_attempted_for,blue_last_3_avg_sig_landed_against,blue_last_3_avg_sig_attempted_against,blue_last_3_avg_total_str_landed_for,blue_last_3_avg_total_str_attempted_for,blue_last_3_avg_total_str_landed_against,blue_last_3_avg_total_str_attempted_against,blue_last_3_avg_td_success_for,blue_last_3_avg_td_attempted_for,blue_last_3_avg_td_success_against,blue_last_3_avg_td_attempted_against,blue_last_3_avg_sub_att_for,blue_last_3_avg_sub_att_against,blue_last_3_avg_rev_for,blue_last_3_avg_rev_against,blue_last_3_avg_ctrl_seconds_for,blue_last_3_avg_ctrl_seconds_against,blue_last_3_avg_rounds_fought,blue_last_3_avg_fight_duration_seconds,blue_last_3_sig_acc_for,blue_last_3_sig_acc_against,blue_last_3_td_acc_for,blue_last_3_td_acc_against,blue_last_5_fight_count,blue_last_5_avg_win,blue_last_5_avg_ko_tko_win,blue_last_5_avg_submission_win,blue_last_5_avg_decision_win,blue_last_5_avg_ko_tko_loss,blue_last_5_avg_submission_loss,blue_last_5_avg_decision_loss,blue_last_5_avg_finish_win,blue_last_5_avg_finish_loss,blue_last_5_avg_kd_for,blue_last_5_avg_kd_against,blue_last_5_avg_sig_landed_for,blue_last_5_avg_sig_attempted_for,blue_last_5_avg_sig_landed_against,blue_last_5_avg_sig_attempted_against,blue_last_5_avg_total_str_landed_for,blue_last_5_avg_total_str_attempted_for,blue_last_5_avg_total_str_landed_against,blue_last_5_avg_total_str_attempted_against,blue_last_5_avg_td_success_for,blue_last_5_avg_td_attempted_for,blue_last_5_avg_td_success_against,blue_last_5_avg_td_attempted_against,blue_last_5_avg_sub_att_for,blue_last_5_avg_sub_att_against,blue_last_5_avg_rev_for,blue_last_5_avg_rev_against,blue_last_5_avg_ctrl_seconds_for,blue_last_5_avg_ctrl_seconds_against,blue_last_5_avg_rounds_fought,blue_last_5_avg_fight_duration_seconds,blue_last_5_sig_acc_for,blue_last_5_sig_acc_against,blue_last_5_td_acc_for,blue_last_5_td_acc_against,blue_last_10_fight_count,blue_last_10_avg_win,blue_last_10_avg_ko_tko_win,blue_last_10_avg_submission_win,blue_last_10_avg_decision_win,blue_last_10_avg_ko_tko_loss,blue_last_10_avg_submission_loss,blue_last_10_avg_decision_loss,blue_last_10_avg_finish_win,blue_last_10_avg_finish_loss,blue_last_10_avg_kd_for,blue_last_10_avg_kd_against,blue_last_10_avg_sig_landed_for,blue_last_10_avg_sig_attempted_for,blue_last_10_avg_sig_landed_against,blue_last_10_avg_sig_attempted_against,blue_last_10_avg_total_str_landed_for,blue_last_10_avg_total_str_attempted_for,blue_last_10_avg_total_str_landed_against,blue_last_10_avg_total_str_attempted_against,blue_last_10_avg_td_success_for,blue_last_10_avg_td_attempted_for,blue_last_10_avg_td_success_against,blue_last_10_avg_td_attempted_against,blue_last_10_avg_sub_att_for,blue_last_10_avg_sub_att_against,blue_last_10_avg_rev_for,blue_last_10_avg_rev_against,blue_last_10_avg_ctrl_seconds_for,blue_last_10_avg_ctrl_seconds_against,blue_last_10_avg_rounds_fought,blue_last_10_avg_fight_duration_seconds,blue_last_10_sig_acc_for,blue_last_10_sig_acc_against,blue_last_10_td_acc_for,blue_last_10_td_acc_against,h2h_total_fights,h2h_red_wins,h2h_blue_wins,h2h_red_win_rate,h2h_win_diff,diff_height_inches,diff_weight_lbs,diff_reach_inches,diff_age_years,diff_career_fights,diff_career_wins,diff_career_losses,diff_career_win_rate,diff_career_ko_tko_win_rate,diff_career_submission_win_rate,diff_career_decision_win_rate,diff_career_finish_loss_rate,diff_career_avg_win,diff_career_avg_ko_tko_win,diff_career_avg_submission_win,diff_career_avg_decision_win,diff_career_avg_ko_tko_loss,diff_career_avg_submission_loss,diff_career_avg_decision_loss,diff_career_avg_finish_win,diff_career_avg_finish_loss,diff_career_avg_kd_for,diff_career_avg_kd_against,diff_career_avg_sig_landed_for,diff_career_avg_sig_attempted_for,diff_career_avg_sig_landed_against,diff_career_avg_sig_attempted_against,diff_career_avg_total_str_landed_for,diff_career_avg_total_str_attempted_for,diff_career_avg_total_str_landed_against,diff_career_avg_total_str_attempted_against,diff_career_avg_td_success_for,diff_career_avg_td_attempted_for,diff_career_avg_td_success_against,diff_career_avg_td_attempted_against,diff_career_avg_sub_att_for,diff_career_avg_sub_att_against,diff_career_avg_rev_for,diff_career_avg_rev_against,diff_career_avg_ctrl_seconds_for,diff_career_avg_ctrl_seconds_against,diff_career_avg_rounds_fought,diff_career_avg_fight_duration_seconds,diff_career_sig_acc_for,diff_career_sig_acc_against,diff_career_td_acc_for,diff_career_td_acc_against,diff_last_3_fight_count,diff_last_3_avg_win,diff_last_3_avg_ko_tko_win,diff_last_3_avg_submission_win,diff_last_3_avg_decision_win,diff_last_3_avg_ko_tko_loss,diff_last_3_avg_submission_loss,diff_last_3_avg_decision_loss,diff_last_3_avg_finish_win,diff_last_3_avg_finish_loss,diff_last_3_avg_kd_for,diff_last_3_avg_kd_against,diff_last_3_avg_sig_landed_for,diff_last_3_avg_sig_attempted_for,diff_last_3_avg_sig_landed_against,diff_last_3_avg_sig_attempted_against,diff_last_3_avg_total_str_landed_for,diff_last_3_avg_total_str_attempted_for,diff_last_3_avg_total_str_landed_against,diff_last_3_avg_total_str_attempted_against,diff_last_3_avg_td_success_for,diff_last_3_avg_td_attempted_for,diff_last_3_avg_td_success_against,diff_last_3_avg_td_attempted_against,diff_last_3_avg_sub_att_for,diff_last_3_avg_sub_att_against,diff_last_3_avg_rev_for,diff_last_3_avg_rev_against,diff_last_3_avg_ctrl_seconds_for,diff_last_3_avg_ctrl_seconds_against,diff_last_3_avg_rounds_fought,diff_last_3_avg_fight_duration_seconds,diff_last_3_sig_acc_for,diff_last_3_sig_acc_against,diff_last_3_td_acc_for,diff_last_3_td_acc_against,diff_last_5_fight_count,diff_last_5_avg_win,diff_last_5_avg_ko_tko_win,diff_last_5_avg_submission_win,diff_last_5_avg_decision_win,diff_last_5_avg_ko_tko_loss,diff_last_5_avg_submission_loss,diff_last_5_avg_decision_loss,diff_last_5_avg_finish_win,diff_last_5_avg_finish_loss,diff_last_5_avg_kd_for,diff_last_5_avg_kd_against,diff_last_5_avg_sig_landed_for,diff_last_5_avg_sig_attempted_for,diff_last_5_avg_sig_landed_against,diff_last_5_avg_sig_attempted_against,diff_last_5_avg_total_str_landed_for,diff_last_5_avg_total_str_attempted_for,diff_last_5_avg_total_str_landed_against,diff_last_5_avg_total_str_attempted_against,diff_last_5_avg_td_success_for,diff_last_5_avg_td_attempted_for,diff_last_5_avg_td_success_against,diff_last_5_avg_td_attempted_against,diff_last_5_avg_sub_att_for,diff_last_5_avg_sub_att_against,diff_last_5_avg_rev_for,diff_last_5_avg_rev_against,diff_last_5_avg_ctrl_seconds_for,diff_last_5_avg_ctrl_seconds_against,diff_last_5_avg_rounds_fought,diff_last_5_avg_fight_duration_seconds,diff_last_5_sig_acc_for,diff_last_5_sig_acc_against,diff_last_5_td_acc_for,diff_last_5_td_acc_against,diff_last_10_fight_count,diff_last_10_avg_win,diff_last_10_avg_ko_tko_win,diff_last_10_avg_submission_win,diff_last_10_avg_decision_win,diff_last_10_avg_ko_tko_loss,diff_last_10_avg_submission_loss,diff_last_10_avg_decision_loss,diff_last_10_avg_finish_win,diff_last_10_avg_finish_loss,diff_last_10_avg_kd_for,diff_last_10_avg_kd_against,diff_last_10_avg_sig_landed_for,diff_last_10_avg_sig_attempted_for,diff_last_10_avg_sig_landed_against,diff_last_10_avg_sig_attempted_against,diff_last_10_avg_total_str_landed_for,diff_last_10_avg_total_str_attempted_for,diff_last_10_avg_total_str_landed_against,diff_last_10_avg_total_str_attempted_against,diff_last_10_avg_td_success_for,diff_last_10_avg_td_attempted_for,diff_last_10_avg_td_success_against,diff_last_10_avg_td_attempted_against,diff_last_10_avg_sub_att_for,diff_last_10_avg_sub_att_against,diff_last_10_avg_rev_for,diff_last_10_avg_rev_against,diff_last_10_avg_ctrl_seconds_for,diff_last_10_avg_ctrl_seconds_against,diff_last_10_avg_rounds_fought,diff_last_10_avg_fight_duration_seconds,diff_last_10_sig_acc_for,diff_last_10_sig_acc_against,diff_last_10_td_acc_for,diff_last_10_td_acc_against
00b0796724ec1c09,6420efac0578988b,1993-11-12,6ceff86fae4f6b3b,02fc8f50f56eb307,Open Weight,0,1,71.0,190.0,,24.303901437371664,Southpaw,Jason DeLucia,74.0,185.0,,,Unknown,Trent Jenkins,Southpaw_vs_Unknown,0.0,0.0,0.0,,,,,,,,,,,,,,,,,,,,,,,,,,,,,,,,,,,,,,,,,0.0,,,,,,,,,,,,,,,,,,,,,,,,,,,,,,,,,,,,0.0,,,,,,,,,,,,,,,,,,,,,,,,,,,,,,,,,,,,0.0,,,,,,,,,,,,,,,,,,,,,,,,,,,,,,,,,,,,0.0,0.0,0.0,,,,,,,,,,,,,,,,,,,,,,,,,,,,,,,,,,,,,,,,,0.0,,,,,,,,,,,,,,,,,,,,,,,,,,,,,,,,,,,,0.0,,,,,,,,,,,,,,,,,,,,,,,,,,,,,,,,,,,,0.0,,,,,,,,,,,,,,,,,,,,,,,,,,,,,,,,,,,,0.0,0.0,0.0,,0.0,-3.0,5.0,,,0.0,0.0,0.0,,,,,,,,,,,,,,,,,,,,,,,,,,,,,,,,,,,,,,,,,0.0,,,,,,,,,,,,,,,,,,,,,,,,,,,,,,,,,,,,0.0,,,,,,,,,,,,,,,,,,,,,,,,,,,,,,,,,,,,0.0,,,,,,,,,,,,,,,,,,,,,,,,,,,,,,,,,,,
2d2bbc86e941e05c,6420efac0578988b,1993-11-12,598a58db87b890ee,d3711d3784b76255,Open Weight,0,1,76.0,275.0,,,Orthodox,Kevin Rosier,77.0,250.0,,,Orthodox,Zane Frazier,Orthodox_vs_Orthodox,0.0,0.0,0.0,,,,,,,,,,,,,,,,,,,,,,,,,,,,,,,,,,,,,,,,,0.0,,,,,,,,,,,,,,,,,,,,,,,,,,,,,,,,,,,,0.0,,,,,,,,,,,,,,,,,,,,,,,,,,,,,,,,,,,,0.0,,,,,,,,,,,,,,,,,,,,,,,,,,,,,,,,,,,,0.0,0.0,0.0,,,,,,,,,,,,,,,,,,,,,,,,,,,,,,,,,,,,,,,,,0.0,,,,,,,,,,,,,,,,,,,,,,,,,,,,,,,,,,,,0.0,,,,,,,,,,,,,,,,,,,,,,,,,,,,,,,,,,,,0.0,,,,,,,,,,,,,,,,,,,,,,,,,,,,,,,,,,,,0.0,0.0,0.0,,0.0,-1.0,25.0,,,0.0,0.0,0.0,,,,,,,,,,,,,,,,,,,,,,,,,,,,,,,,,,,,,,,,,0.0,,,,,,,,,,,,,,,,,,,,,,,,,,,,,,,,,,,,0.0,,,,,,,,,,,,,,,,,,,,,,,,,,,,,,,,,,,,0.0,,,,,,,,,,,,,,,,,,,,,,,,,,,,,,,,,,,
46acd54cc0c905fb,6420efac0578988b,1993-11-12,63b65af1c5cb02cb,46c8ec317aff28ac,Open Weight,0,1,73.0,205.0,72.0,29.752224503764545,Orthodox,Ken Shamrock,74.0,225.0,,30.209445585215605,Orthodox,Patrick Smith,Orthodox_vs_Orthodox,0.0,0.0,0.0,,,,,,,,,,,,,,,,,,,,,,,,,,,,,,,,,,,,,,,,,0.0,,,,,,,,,,,,,,,,,,,,,,,,,,,,,,,,,,,,0.0,,,,,,,,,,,,,,,,,,,,,,,,,,,,,,,,,,,,0.0,,,,,,,,,,,,,,,,,,,,,,,,,,,,,,,,,,,,0.0,0.0,0.0,,,,,,,,,,,,,,,,,,,,,,,,,,,,,,,,,,,,,,,,,0.0,,,,,,,,,,,,,,,,,,,,,,,,,,,,,,,,,,,,0.0,,,,,,,,,,,,,,,,,,,,,,,,,,,,,,,,,,,,0.0,,,,,,,,,,,,,,,,,,,,,,,,,,,,,,,,,,,,0.0,0.0,0.0,,0.0,-1.0,-20.0,,-0.4572210814510598,0.0,0.0,0.0,,,,,,,,,,,,,,,,,,,,,,,,,,,,,,,,,,,,,,,,,0.0,,,,,,,,,,,,,,,,,,,,,,,,,,,,,,,,,,,,0.0,,,,,,,,,,,,,,,,,,,,,,,,,,,,,,,,,,,,0.0,,,,,,,,,,,,,,,,,,,,,,,,,,,,,,,,,,,
567a09fd200cfa05,6420efac0578988b,1993-11-12,279093302a6f44b3,96eff1a628adcc7f,Open Weight,0,1,77.0,216.0,,34.62286105407255,Orthodox,Gerard Gordeau,72.0,430.0,,24.413415468856947,Orthodox,Teila Tuli,Orthodox_vs_Orthodox,0.0,0.0,0.0,,,,,,,,,,,,,,,,,,,,,,,,,,,,,,,,,,,,,,,,,0.0,,,,,,,,,,,,,,,,,,,,,,,,,,,,,,,,,,,,0.0,,,,,,,,,,,,,,,,,,,,,,,,,,,,,,,,,,,,0.0,,,,,,,,,,,,,,,,,,,,,,,,,,,,,,,,,,,,0.0,0.0,0.0,,,,,,,,,,,,,,,,,,,,,,,,,,,,,,,,,,,,,,,,,0.0,,,,,,,,,,,,,,,,,,,,,,,,,,,,,,,,,,,,0.0,,,,,,,,,,,,,,,,,,,,,,,,,,,,,,,,,,,,0.0,,,,,,,,,,,,,,,,,,,,,,,,,,,,,,,,,,,,0.0,0.0,0.0,,0.0,5.0,-214.0,,10.209445585215605,0.0,0.0,0.0,,,,,,,,,,,,,,,,,,,,,,,,,,,,,,,,,,,,,,,,,0.0,,,,,,,,,,,,,,,,,,,,,,,,,,,,,,,,,,,,0.0,,,,,,,,,,,,,,,,,,,,,,,,,,,,,,,,,,,,0.0,,,,,,,,,,,,,,,,,,,,,,,,,,,,,,,,,,,
64139d1d505e46c5,6420efac0578988b,1993-11-12,429e7d3725852ce9,279093302a6f44b3,1 Tournament,1,1,73.0,175.0,,26.91854893908282,Southpaw,Royce Gracie,77.0,216.0,,34.62286105407255,Orthodox,Gerard Gordeau,Southpaw_vs_Orthodox,0.0,0.0,0.0,,,,,,,,,,,,,,,,,,,,,,,,,,,,,,,,,,,,,,,,,0.0,,,,,,,,,,,,,,,,,,,,,,,,,,,,,,,,,,,,0.0,,,,,,,,,,,,,,,,,,,,,,,,,,,,,,,,,,,,0.0,,,,,,,,,,,,,,,,,,,,,,,,,,,,,,,,,,,,1.0,1.0,0.0,1.0,1.0,0.0,0.0,0.0,1.0,1.0,0.0,0.0,0.0,0.0,0.0,1.0,0.0,0.0,0.0,3.0,5.0,0.0,1.0,3.0,5.0,0.0,1.0,0.0,0.0,0.0,1.0,0.0,0.0,0.0,0.0,0.0,0.0,1.0,26.0,0.6,0.0,,0.0,1.0,1.0,1.0,0.0,0.0,0.0,0.0,0.0,1.0,0.0,0.0,0.0,3.0,5.0,0.0,1.0,3.0,5.0,0.0,1.0,0.0,0.0,0.0,1.0,0.0,0.0,0.0,0.0,0.0,0.0,1.0,26.0,0.6,0.0,,0.0,1.0,1.0,1.0,0.0,0.0,0.0,0.0,0.0,1.0,0.0,0.0,0.0,3.0,5.0,0.0,1.0,3.0,5.0,0.0,1.0,0.0,0.0,0.0,1.0,0.0,0.0,0.0,0.0,0.0,0.0,1.0,26.0,0.6,0.0,,0.0,1.0,1.0,1.0,0.0,0.0,0.0,0.0,0.0,1.0,0.0,0.0,0.0,3.0,5.0,0.0,1.0,3.0,5.0,0.0,1.0,0.0,0.0,0.0,1.0,0.0,0.0,0.0,0.0,0.0,0.0,1.0,26.0,0.6,0.0,,0.0,0.0,0.0,0.0,,0.0,-4.0,-41.0,,-7.70431211498973,-1.0,-1.0,0.0,,,,,,,,,,,,,,,,,,,,,,,,,,,,,,,,,,,,,,,,,-1.0,,,,,,,,,,,,,,,,,,,,,,,,,,,,,,,,,,,,-1.0,,,,,,,,,,,,,,,,,,,,,,,,,,,,,,,,,,,,-1.0,,,,,,,,,,,,,,,,,,,,,,,,,,,,,,,,,,,
ac7ca2ec38b96c1a,6420efac0578988b,1993-11-12,279093302a6f44b3,598a58db87b890ee,Open Weight,0,1,77.0,216.0,,34.62286105407255,Orthodox,Gerard Gordeau,76.0,275.0,,,Orthodox,Kevin Rosier,Orthodox_vs_Orthodox,2.0,1.0,1.0,0.5,0.5,0.0,0.0,0.5,0.5,0.5,0.0,0.0,0.0,0.5,0.0,0.5,0.5,0.0,0.0,1.5,2.5,0.5,1.5,1.5,2.5,1.5,2.5,0.0,0.0,0.5,2.0,0.0,0.5,0.0,0.0,0.0,0.0,1.0,65.0,0.6,0.3333333333333333,,0.25,2.0,0.5,0.5,0.0,0.0,0.0,0.5,0.0,0.5,0.5,0.0,0.0,1.5,2.5,0.5,1.5,1.5,2.5,1.5,2.5,0.0,0.0,0.5,2.0,0.0,0.5,0.0,0.0,0.0,0.0,1.0,65.0,0.6,0.3333333333333333,,0.25,2.0,0.5,0.5,0.0,0.0,0.0,0.5,0.0,0.5,0.5,0.0,0.0,1.5,2.5,0.5,1.5,1.5,2.5,1.5,2.5,0.0,0.0,0.5,2.0,0.0,0.5,0.0,0.0,0.0,0.0,1.0,65.0,0.6,0.3333333333333333,,0.25,2.0,0.5,0.5,0.0,0.0,0.0,0.5,0.0,0.5,0.5,0.0,0.0,1.5,2.5,0.5,1.5,1.5,2.5,1.5,2.5,0.0,0.0,0.5,2.0,0.0,0.5,0.0,0.0,0.0,0.0,1.0,65.0,0.6,0.3333333333333333,,0.25,1.0,1.0,0.0,1.0,1.0,0.0,0.0,0.0,1.0,1.0,0.0,0.0,0.0,0.0,0.0,1.0,0.0,2.0,0.0,15.0,27.0,12.0,28.0,38.0,53.0,13.0,29.0,0.0,0.0,0.0,0.0,0.0,0.0,0.0,0.0,0.0,0.0,1.0,260.0,0.5555555555555556,0.42857142857142855,,,1.0,1.0,1.0,0.0,0.0,0.0,0.0,0.0,1.0,0.0,2.0,0.0,15.0,27.0,12.0,28.0,38.0,53.0,13.0,29.0,0.0,0.0,0.0,0.0,0.0,0.0,0.0,0.0,0.0,0.0,1.0,260.0,0.5555555555555556,0.42857142857142855,,,1.0,1.0,1.0,0.0,0.0,0.0,0.0,0.0,1.0,0.0,2.0,0.0,15.0,27.0,12.0,28.0,38.0,53.0,13.0,29.0,0.0,0.0,0.0,0.0,0.0,0.0,0.0,0.0,0.0,0.0,1.0,260.0,0.5555555555555556,0.42857142857142855,,,1.0,1.0,1.0,0.0,0.0,0.0,0.0,0.0,1.0,0.0,2.0,0.0,15.0,27.0,12.0,28.0,38.0,53.0,13.0,29.0,0.0,0.0,0.0,0.0,0.0,0.0,0.0,0.0,0.0,0.0,1.0,260.0,0.5555555555555556,0.42857142857142855,,,0.0,0.0,0.0,,0.0,1.0,-59.0,,,1.0,0.0,1.0,-0.5,-0.5,0.0,0.0,0.5,-0.5,-0.5,0.0,0.0,0.0,0.5,0.0,-0.5,0.5,-2.0,0.0,-13.5,-24.5,-11.5,-26.5,-36.5,-50.5,-11.5,-26.5,0.0,0.0,0.5,2.0,0.0,0.5,0.0,0.0,0.0,0.0,0.0,-195.0,0.0444444444444444,-0.09523809523809523,,,1.0,-0.5,-0.5,0.0,0.0,0.0,0.5,0.0,-0.5,0.5,-2.0,0.0,-13.5,-24.5,-11.5,-26.5,-36.5,-50.5,-11.5,-26.5,0.0,0.0,0.5,2.0,0.0,0.5,0.0,0.0,0.0,0.0,0.0,-195.0,0.0444444444444444,-0.09523809523809523,,,1.0,-0.5,-0.5,0.0,0.0,0.0,0.5,0.0,-0.5,0.5,-2.0,0.0,-13.5,-24.5,-11.5,-26.5,-36.5,-50.5,-11.5,-26.5,0.0,0.0,0.5,2.0,0.0,0.5,0.0,0.0,0.0,0.0,0.0,-195.0,0.0444444444444444,-0.09523809523809523,,,1.0,-0.5,-0.5,0.0,0.0,0.0,0.5,0.0,-0.5,0.5,-2.0,0.0,-13.5,-24.5,-11.5,-26.5,-36.5,-50.5,-11.5,-26.5,0.0,0.0,0.5,2.0,0.0,0.5,0.0,0.0,0.0,0.0,0.0,-195.0,0.0444444444444444,-0.09523809523809523,,
cecdc0da584274b9,6420efac0578988b,1993-11-12,429e7d3725852ce9,a5c53b3ddb31cc7d,Open Weight,0,1,73.0,175.0,,26.91854893908282,Southpaw,Royce Gracie,73.0,196.0,,30.275154004106778,Orthodox,Art Jimmerson,Southpaw_vs_Orthodox,1.0,1.0,0.0,1.0,0.0,1.0,0.0,0.0,1.0,0.0,1.0,0.0,0.0,0.0,0.0,1.0,0.0,0.0,0.0,1.0,2.0,0.0,0.0,3.0,4.0,0.0,0.0,1.0,3.0,0.0,0.0,1.0,0.0,0.0,0.0,0.0,0.0,1.0,104.0,0.5,,0.3333333333333333,,1.0,1.0,0.0,1.0,0.0,0.0,0.0,0.0,1.0,0.0,0.0,0.0,1.0,2.0,0.0,0.0,3.0,4.0,0.0,0.0,1.0,3.0,0.0,0.0,1.0,0.0,0.0,0.0,0.0,0.0,1.0,104.0,0.5,,0.3333333333333333,,1.0,1.0,0.0,1.0,0.0,0.0,0.0,0.0,1.0,0.0,0.0,0.0,1.0,2.0,0.0,0.0,3.0,4.0,0.0,0.0,1.0,3.0,0.0,0.0,1.0,0.0,0.0,0.0,0.0,0.0,1.0,104.0,0.5,,0.3333333333333333,,1.0,1.0,0.0,1.0,0.0,0.0,0.0,0.0,1.0,0.0,0.0,0.0,1.0,2.0,0.0,0.0,3.0,4.0,0.0,0.0,1.0,3.0,0.0,0.0,1.0,0.0,0.0,0.0,0.0,0.0,1.0,104.0,0.5,,0.3333333333333333,,0.0,0.0,0.0,,,,,,,,,,,,,,,,,,,,,,,,,,,,,,,,,,,,,,,,,0.0,,,,,,,,,,,,,,,,,,,,,,,,,,,,,,,,,,,,0.0,,,,,,,,,,,,,,,,,,,,,,,,,,,,,,,,,,,,0.0,,,,,,,,,,,,,,,,,,,,,,,,,,,,,,,,,,,,0.0,0.0,0.0,,0.0,0.0,-21.0,,-3.356605065023956,1.0,1.0,0.0,,,,,,,,,,,,,,,,,,,,,,,,,,,,,,,,,,,,,,,,,1.0,,,,,,,,,,,,,,,,,,,,,,,,,,,,,,,,,,,,1.0,,,,,,,,,,,,,,,,,,,,,,,,,,,,,,,,,,,,1.0,,,,,,,,,,,,,,,,,,,,,,,,,,,,,,,,,,,
ffd16691c4c4aafc,6420efac0578988b,1993-11-12,429e7d3725852ce9,63b65af1c5cb02cb,Open Weight,0,1,73.0,175.0,,26.91854893908282,Southpaw,Royce Gracie,73.0,205.0,72.0,29.752224503764545,Orthodox,Ken Shamrock,Southpaw_vs_Orthodox,2.0,2.0,0.0,1.0,0.0,1.0,0.0,0.0,1.0,0.0,1.0,0.0,0.0,0.0,0.0,1.0,0.0,0.0,0.0,0.5,2.5,0.0,0.0,3.5,5.5,0.0,0.0,1.0,2.0,0.0,0.0,0.5,0.0,0.0,0.0,0.0,0.0,1.0,121.0,0.2,,0.5,,2.0,1.0,0.0,1.0,0.0,0.0,0.0,0.0,1.0,0.0,0.0,0.0,0.5,2.5,0.0,0.0,3.5,5.5,0.0,0.0,1.0,2.0,0.0,0.0,0.5,0.0,0.0,0.0,0.0,0.0,1.0,121.0,0.2,,0.5,,2.0,1.0,0.0,1.0,0.0,0.0,0.0,0.0,1.0,0.0,0.0,0.0,0.5,2.5,0.0,0.0,3.5,5.5,0.0,0.0,1.0,2.0,0.0,0.0,0.5,0.0,0.0,0.0,0.0,0.0,1.0,121.0,0.2,,0.5,,2.0,1.0,0.0,1.0,0.0,0.0,0.0,0.0,1.0,0.0,0.0,0.0,0.5,2.5,0.0,0.0,3.5,5.5,0.0,0.0,1.0,2.0,0.0,0.0,0.5,0.0,0.0,0.0,0.0,0.0,1.0,121.0,0.2,,0.5,,1.0,1.0,0.0,1.0,0.0,1.0,0.0,0.0,1.0,0.0,1.0,0.0,0.0,0.0,0.0,1.0,0.0,0.0,0.0,1.0,1.0,4.0,8.0,4.0,4.0,16.0,20.0,1.0,2.0,0.0,0.0,2.0,0.0,0.0,0.0,0.0,0.0,1.0,109.0,1.0,0.5,0.5,,1.0,1.0,0.0,1.0,0.0,0.0,0.0,0.0,1.0,0.0,0.0,0.0,1.0,1.0,4.0,8.0,4.0,4.0,16.0,20.0,1.0,2.0,0.0,0.0,2.0,0.0,0.0,0.0,0.0,0.0,1.0,109.0,1.0,0.5,0.5,,1.0,1.0,0.0,1.0,0.0,0.0,0.0,0.0,1.0,0.0,0.0,0.0,1.0,1.0,4.0,8.0,4.0,4.0,16.0,20.0,1.0,2.0,0.0,0.0,2.0,0.0,0.0,0.0,0.0,0.0,1.0,109.0,1.0,0.5,0.5,,1.0,1.0,0.0,1.0,0.0,0.0,0.0,0.0,1.0,0.0,0.0,0.0,1.0,1.0,4.0,8.0,4.0,4.0,16.0,20.0,1.0,2.0,0.0,0.0,2.0,0.0,0.0,0.0,0.0,0.0,1.0,109.0,1.0,0.5,0.5,,0.0,0.0,0.0,,0.0,0.0,-30.0,,-2.833675564681723,1.0,1.0,0.0,0.0,0.0,0.0,0.0,0.0,0.0,0.0,0.0,0.0,0.0,0.0,0.0,0.0,0.0,0.0,0.0,-0.5,1.5,-4.0,-8.0,-0.5,1.5,-16.0,-20.0,0.0,0.0,0.0,0.0,-1.5,0.0,0.0,0.0,0.0,0.0,0.0,12.0,-0.8,,0.0,,1.0,0.0,0.0,0.0,0.0,0.0,0.0,0.0,0.0,0.0,0.0,0.0,-0.5,1.5,-4.0,-8.0,-0.5,1.5,-16.0,-20.0,0.0,0.0,0.0,0.0,-1.5,0.0,0.0,0.0,0.0,0.0,0.0,12.0,-0.8,,0.0,,1.0,0.0,0.0,0.0,0.0,0.0,0.0,0.0,0.0,0.0,0.0,0.0,-0.5,1.5,-4.0,-8.0,-0.5,1.5,-16.0,-20.0,0.0,0.0,0.0,0.0,-1.5,0.0,0.0,0.0,0.0,0.0,0.0,12.0,-0.8,,0.0,,1.0,0.0,0.0,0.0,0.0,0.0,0.0,0.0,0.0,0.0,0.0,0.0,-0.5,1.5,-4.0,-8.0,-0.5,1.5,-16.0,-20.0,0.0,0.0,0.0,0.0,-1.5,0.0,0.0,0.0,0.0,0.0,0.0,12.0,-0.8,,0.0,
00835554f95fa911,a6a9ab5a824e8f66,1994-03-11,429e7d3725852ce9,46c8ec317aff28ac,2 Tournament,1,1,73.0,175.0,,27.24435318275154,Southpaw,Royce Gracie,74.0,225.0,,30.535249828884325,Orthodox,Patrick Smith,Southpaw_vs_Orthodox,3.0,3.0,0.0,1.0,0.0,1.0,0.0,0.0,1.0,0.0,1.0,0.0,0.0,0.0,0.0,1.0,0.0,0.0,0.0,0.3333333333333333,1.6666666666666667,0.0,0.0,6.333333333333333,7.666666666666667,0.0,0.0,0.6666666666666666,1.6666666666666667,0.0,0.3333333333333333,0.6666666666666666,0.0,0.3333333333333333,0.0,0.0,0.0,1.0,99.66666666666667,0.2,,0.4,0.0,3.0,1.0,0.0,1.0,0.0,0.0,0.0,0.0,1.0,0.0,0.0,0.0,0.3333333333333333,1.6666666666666667,0.0,0.0,6.333333333333333,7.666666666666667,0.0,0.0,0.6666666666666666,1.6666666666666667,0.0,0.3333333333333333,0.6666666666666666,0.0,0.3333333333333333,0.0,0.0,0.0,1.0,99.66666666666667,0.2,,0.4,0.0,3.0,1.0,0.0,1.0,0.0,0.0,0.0,0.0,1.0,0.0,0.0,0.0,0.3333333333333333,1.6666666666666667,0.0,0.0,6.333333333333333,7.666666666666667,0.0,0.0,0.6666666666666666,1.6666666666666667,0.0,0.3333333333333333,0.6666666666666666,0.0,0.3333333333333333,0.0,0.0,0.0,1.0,99.66666666666667,0.2,,0.4,0.0,3.0,1.0,0.0,1.0,0.0,0.0,0.0,0.0,1.0,0.0,0.0,0.0,0.3333333333333333,1.6666666666666667,0.0,0.0,6.333333333333333,7.666666666666667,0.0,0.0,0.6666666666666666,1.6666666666666667,0.0,0.3333333333333333,0.6666666666666666,0.0,0.3333333333333333,0.0,0.0,0.0,1.0,99.66666666666667,0.2,,0.4,0.0,1.0,0.0,1.0,0.0,0.0,0.0,0.0,1.0,0.0,0.0,0.0,0.0,0.0,1.0,0.0,0.0,1.0,0.0,0.0,4.0,8.0,1.0,1.0,16.0,20.0,4.0,4.0,0.0,0.0,1.0,2.0,0.0,2.0,0.0,0.0,0.0,0.0,1.0,109.0,0.5,1.0,,0.5,1.0,0.0,0.0,0.0,0.0,0.0,1.0,0.0,0.0,1.0,0.0,0.0,4.0,8.0,1.0,1.0,16.0,20.0,4.0,4.0,0.0,0.0,1.0,2.0,0.0,2.0,0.0,0.0,0.0,0.0,1.0,109.0,0.5,1.0,,0.5,1.0,0.0,0.0,0.0,0.0,0.0,1.0,0.0,0.0,1.0,0.0,0.0,4.0,8.0,1.0,1.0,16.0,20.0,4.0,4.0,0.0,0.0,1.0,2.0,0.0,2.0,0.0,0.0,0.0,0.0,1.0,109.0,0.5,1.0,,0.5,1.0,0.0,0.0,0.0,0.0,0.0,1.0,0.0,0.0,1.0,0.0,0.0,4.0,8.0,1.0,1.0,16.0,20.0,4.0,4.0,0.0,0.0,1.0,2.0,0.0,2.0,0.0,0.0,0.0,0.0,1.0,109.0,0.5,1.0,,0.5,0.0,0.0,0.0,,0.0,-1.0,-50.0,,-3.2908966461327864,2.0,3.0,-1.0,1.0,0.0,1.0,0.0,-1.0,1.0,0.0,1.0,0.0,0.0,-1.0,0.0,1.0,-1.0,0.0,0.0,-3.6666666666666665,-6.333333333333333,-1.0,-1.0,-9.666666666666668,-12.333333333333332,-4.0,-4.0,0.6666666666666666,1.6666666666666667,-1.0,-1.6666666666666667,0.6666666666666666,-2.0,0.3333333333333333,0.0,0.0,0.0,0.0,-9.333333333333329,-0.3,,,-0.5,2.0,1.0,0.0,1.0,0.0,0.0,-1.0,0.0,1.0,-1.0,0.0,0.0,-3.6666666666666665,-6.333333333333333,-1.0,-1.0,-9.666666666666668,-12.333333333333332,-4.0,-4.0,0.6666666666666666,1.6666666666666667,-1.0,-1.6666666666666667,0.6666666666666666,-2.0,0.3333333333333333,0.0,0.0,0.0,0.0,-9.333333333333329,-0.3,,,-0.5,2.0,1.0,0.0,1.0,0.0,0.0,-1.0,0.0,1.0,-1.0,0.0,0.0,-3.6666666666666665,-6.333333333333333,-1.0,-1.0,-9.666666666666668,-12.333333333333332,-4.0,-4.0,0.6666666666666666,1.6666666666666667,-1.0,-1.6666666666666667,0.6666666666666666,-2.0,0.3333333333333333,0.0,0.0,0.0,0.0,-9.333333333333329,-0.3,,,-0.5,2.0,1.0,0.0,1.0,0.0,0.0,-1.0,0.0,1.0,-1.0,0.0,0.0,-3.6666666666666665,-6.333333333333333,-1.0,-1.0,-9.666666666666668,-12.333333333333332,-4.0,-4.0,0.6666666666666666,1.6666666666666667,-1.0,-1.6666666666666667,0.6666666666666666,-2.0,0.3333333333333333,0.0,0.0,0.0,0.0,-9.333333333333329,-0.3,,,-0.5
17ee4caf06981b81,a6a9ab5a824e8f66,1994-03-11,749685d24e2cac50,6e02c318762f52f1,Open Weight,0,1,75.0,260.0,,24.799452429842574,Southpaw,Remco Pardoel,68.0,238.0,,,Unknown,Alberta Cerra Leon,Southpaw_vs_Unknown,0.0,0.0,0.0,,,,,,,,,,,,,,,,,,,,,,,,,,,,,,,,,,,,,,,,,0.0,,,,,,,,,,,,,,,,,,,,,,,,,,,,,,,,,,,,0.0,,,,,,,,,,,,,,,,,,,,,,,,,,,,,,,,,,,,0.0,,,,,,,,,,,,,,,,,,,,,,,,,,,,,,,,,,,,0.0,0.0,0.0,,,,,,,,,,,,,,,,,,,,,,,,,,,,,,,,,,,,,,,,,0.0,,,,,,,,,,,,,,,,,,,,,,,,,,,,,,,,,,,,0.0,,,,,,,,,,,,,,,,,,,,,,,,,,,,,,,,,,,,0.0,,,,,,,,,,,,,,,,,,,,,,,,,,,,,,,,,,,,0.0,0.0,0.0,,0.0,7.0,22.0,,,0.0,0.0,0.0,,,,,,,,,,,,,,,,,,,,,,,,,,,,,,,,,,,,,,,,,0.0,,,,,,,,,,,,,,,,,,,,,,,,,,,,,,,,,,,,0.0,,,,,,,,,,,,,,,,,,,,,,,,,,,,,,,,,,,,0.0,,,,,,,,,,,,,,,,,,,,,,,,,,,,,,,,,,,
3b020d4914b44fc8,a6a9ab5a824e8f66,1994-03-11,a6c2f5381d575920,96087e90d900f0ef,Open Weight,0,1,70.0,170.0,,28.37782340862423,Southpaw,Orlando Wiet,74.0,245.0,,,Unknown,Robert Lucarelli,Southpaw_vs_Unknown,0.0,0.0,0.0,,,,,,,,,,,,,,,,,,,,,,,,,,,,,,,,,,,,,,,,,0.0,,,,,,,,,,,,,,,,,,,,,,,,,,,,,,,,,,,,0.0,,,,,,,,,,,,,,,,,,,,,,,,,,,,,,,,,,,,0.0,,,,,,,,,,,,,,,,,,,,,,,,,,,,,,,,,,,,0.0,0.0,0.0,,,,,,,,,,,,,,,,,,,,,,,,,,,,,,,,,,,,,,,,,0.0,,,,,,,,,,,,,,,,,,,,,,,,,,,,,,,,,,,,0.0,,,,,,,,,,,,,,,,,,,,,,,,,,,,,,,,,,,,0.0,,,,,,,,,,,,,,,,,,,,,,,,,,,,,,,,,,,,0.0,0.0,0.0,,0.0,-4.0,-75.0,,,0.0,0.0,0.0,,,,,,,,,,,,,,,,,,,,,,,,,,,,,,,,,,,,,,,,,0.0,,,,,,,,,,,,,,,,,,,,,,,,,,,,,,,,,,,,0.0,,,,,,,,,,,,,,,,,,,,,,,,,,,,,,,,,,,,0.0,,,,,,,,,,,,,,,,,,,,,,,,,,,,,,,,,,,
4acab67848e78327,a6a9ab5a824e8f66,1994-03-11,be9d259be012e8a4,a683f9ddb70aa4bd,Open Weight,0,1,70.0,210.0,,,Orthodox,Scott Morris,72.0,175.0,,18.26694045174538,Unknown,Sean Daugherty,Orthodox_vs_Unknown,0.0,0.0,0.0,,,,,,,,,,,,,,,,,,,,,,,,,,,,,,,,,,,,,,,,,0.0,,,,,,,,,,,,,,,,,,,,,,,,,,,,,,,,,,,,0.0,,,,,,,,,,,,,,,,,,,,,,,,,,,,,,,,,,,,0.0,,,,,,,,,,,,,,,,,,,,,,,,,,,,,,,,,,,,0.0,0.0,0.0,,,,,,,,,,,,,,,,,,,,,,,,,,,,,,,,,,,,,,,,,0.0,,,,,,,,,,,,,,,,,,,,,,,,,,,,,,,,,,,,0.0,,,,,,,,,,,,,,,,,,,,,,,,,,,,,,,,,,,,0.0,,,,,,,,,,,,,,,,,,,,,,,,,,,,,,,,,,,,0.0,0.0,0.0,,0.0,-2.0,35.0,,,0.0,0.0,0.0,,,,,,,,,,,,,,,,,,,,,,,,,,,,,,,,,,,,,,,,,0.0,,,,,,,,,,,,,,,,,,,,,,,,,,,,,,,,,,,,0.0,,,,,,,,,,,,,,,,,,,,,,,,,,,,,,,,,,,,0.0,,,,,,,,,,,,,,,,,,,,,,,,,,,,,,,,,,,
4b9ae533ccb3fcdf,a6a9ab5a824e8f66,1994-03-11,46c8ec317aff28ac,ea0ad155451ed1f5,Open Weight,0,1,74.0,225.0,,30.535249828884325,Orthodox,Patrick Smith,,,,,Unknown,Ray Wizard,Orthodox_vs_Unknown,2.0,0.0,2.0,0.0,0.0,0.0,0.0,1.0,0.0,0.0,0.0,0.0,0.5,0.5,0.0,0.0,1.0,0.0,0.0,2.5,5.0,2.5,2.5,9.0,11.5,7.5,7.5,0.0,0.0,1.0,2.0,0.0,1.0,0.0,0.0,0.0,0.0,1.0,93.0,0.5,1.0,,0.5,2.0,0.0,0.0,0.0,0.0,0.5,0.5,0.0,0.0,1.0,0.0,0.0,2.5,5.0,2.5,2.5,9.0,11.5,7.5,7.5,0.0,0.0,1.0,2.0,0.0,1.0,0.0,0.0,0.0,0.0,1.0,93.0,0.5,1.0,,0.5,2.0,0.0,0.0,0.0,0.0,0.5,0.5,0.0,0.0,1.0,0.0,0.0,2.5,5.0,2.5,2.5,9.0,11.5,7.5,7.5,0.0,0.0,1.0,2.0,0.0,1.0,0.0,0.0,0.0,0.0,1.0,93.0,0.5,1.0,,0.5,2.0,0.0,0.0,0.0,0.0,0.5,0.5,0.0,0.0,1.0,0.0,0.0,2.5,5.0,2.5,2.5,9.0,11.5,7.5,7.5,0.0,0.0,1.0,2.0,0.0,1.0,0.0,0.0,0.0,0.0,1.0,93.0,0.5,1.0,,0.5,0.0,0.0,0.0,,,,,,,,,,,,,,,,,,,,,,,,,,,,,,,,,,,,,,,,,0.0,,,,,,,,,,,,,,,,,,,,,,,,,,,,,,,,,,,,0.0,,,,,,,,,,,,,,,,,,,,,,,,,,,,,,,,,,,,0.0,,,,,,,,,,,,,,,,,,,,,,,,,,,,,,,,,,,,0.0,0.0,0.0,,0.0,,,,,2.0,0.0,2.0,,,,,,,,,,,,,,,,,,,,,,,,,,,,,,,,,,,,,,,,,2.0,,,,,,,,,,,,,,,,,,,,,,,,,,,,,,,,,,,,2.0,,,,,,,,,,,,,,,,,,,,,,,,,,,,,,,,,,,,2.0,,,,,,,,,,,,,,,,,,,,,,,,,,,,,,,,,,,
5655639baecd8f6a,a6a9ab5a824e8f66,1994-03-11,429e7d3725852ce9,6ceff86fae4f6b3b,Open Weight,0,1,73.0,175.0,,27.24435318275154,Southpaw,Royce Gracie,71.0,190.0,,24.629705681040384,Southpaw,Jason DeLucia,Southpaw_vs_Southpaw,4.0,4.0,0.0,1.0,0.25,0.75,0.0,0.0,1.0,0.25,0.75,0.0,0.0,0.0,0.0,1.0,0.0,0.0,0.0,1.25,2.25,0.25,0.5,7.5,8.5,0.5,0.75,0.75,1.75,0.0,0.25,0.5,0.0,0.25,0.0,0.0,0.0,1.0,94.0,0.5555555555555556,0.5,0.42857142857142855,0.0,3.0,1.0,0.3333333333333333,0.6666666666666666,0.0,0.0,0.0,0.0,1.0,0.0,0.0,0.0,1.3333333333333333,2.3333333333333335,0.3333333333333333,0.6666666666666666,9.0,10.0,0.6666666666666666,1.0,0.6666666666666666,1.3333333333333333,0.0,0.3333333333333333,0.3333333333333333,0.0,0.3333333333333333,0.0,0.0,0.0,1.0,90.66666666666667,0.5714285714285714,0.5,0.5,0.0,4.0,1.0,0.25,0.75,0.0,0.0,0.0,0.0,1.0,0.0,0.0,0.0,1.25,2.25,0.25,0.5,7.5,8.5,0.5,0.75,0.75,1.75,0.0,0.25,0.5,0.0,0.25,0.0,0.0,0.0,1.0,94.0,0.5555555555555556,0.5,0.42857142857142855,0.0,4.0,1.0,0.25,0.75,0.0,0.0,0.0,0.0,1.0,0.0,0.0,0.0,1.25,2.25,0.25,0.5,7.5,8.5,0.5,0.75,0.75,1.75,0.0,0.25,0.5,0.0,0.25,0.0,0.0,0.0,1.0,94.0,0.5555555555555556,0.5,0.42857142857142855,0.0,1.0,1.0,0.0,1.0,0.0,1.0,0.0,0.0,1.0,0.0,1.0,0.0,0.0,0.0,0.0,1.0,0.0,0.0,0.0,3.0,9.0,1.0,7.0,3.0,9.0,1.0,7.0,1.0,2.0,0.0,0.0,1.0,0.0,0.0,0.0,0.0,0.0,1.0,52.0,0.3333333333333333,0.14285714285714285,0.5,,1.0,1.0,0.0,1.0,0.0,0.0,0.0,0.0,1.0,0.0,0.0,0.0,3.0,9.0,1.0,7.0,3.0,9.0,1.0,7.0,1.0,2.0,0.0,0.0,1.0,0.0,0.0,0.0,0.0,0.0,1.0,52.0,0.3333333333333333,0.14285714285714285,0.5,,1.0,1.0,0.0,1.0,0.0,0.0,0.0,0.0,1.0,0.0,0.0,0.0,3.0,9.0,1.0,7.0,3.0,9.0,1.0,7.0,1.0,2.0,0.0,0.0,1.0,0.0,0.0,0.0,0.0,0.0,1.0,52.0,0.3333333333333333,0.14285714285714285,0.5,,1.0,1.0,0.0,1.0,0.0,0.0,0.0,0.0,1.0,0.0,0.0,0.0,3.0,9.0,1.0,7.0,3.0,9.0,1.0,7.0,1.0,2.0,0.0,0.0,1.0,0.0,0.0,0.0,0.0,0.0,1.0,52.0,0.3333333333333333,0.14285714285714285,0.5,,0.0,0.0,0.0,,0.0,2.0,-15.0,,2.614647501711154,3.0,3.0,0.0,0.0,0.25,-0.25,0.0,0.0,0.0,0.25,-0.25,0.0,0.0,0.0,0.0,0.0,0.0,0.0,0.0,-1.75,-6.75,-0.75,-6.5,4.5,-0.5,-0.5,-6.25,-0.25,-0.25,0.0,0.25,-0.5,0.0,0.25,0.0,0.0,0.0,0.0,42.0,0.22222222222222227,0.35714285714285715,-0.07142857142857145,,2.0,0.0,0.3333333333333333,-0.33333333333333337,0.0,0.0,0.0,0.0,0.0,0.0,0.0,0.0,-1.6666666666666667,-6.666666666666666,-0.6666666666666667,-6.333333333333333,6.0,1.0,-0.33333333333333337,-6.0,-0.33333333333333337,-0.6666666666666667,0.0,0.3333333333333333,-0.6666666666666667,0.0,0.3333333333333333,0.0,0.0,0.0,0.0,38.66666666666667,0.23809523809523808,0.35714285714285715,0.0,,3.0,0.0,0.25,-0.25,0.0,0.0,0.0,0.0,0.0,0.0,0.0,0.0,-1.75,-6.75,-0.75,-6.5,4.5,-0.5,-0.5,-6.25,-0.25,-0.25,0.0,0.25,-0.5,0.0,0.25,0.0,0.0,0.0,0.0,42.0,0.22222222222222227,0.35714285714285715,-0.07142857142857145,,3.0,0.0,0.25,-0.25,0.0,0.0,0.0,0.0,0.0,0.0,0.0,0.0,-1.75,-6.75,-0.75,-6.5,4.5,-0.5,-0.5,-6.25,-0.25,-0.25,0.0,0.25,-0.5,0.0,0.25,0.0,0.0,0.0,0.0,42.0,0.22222222222222227,0.35714285714285715,-0.07142857142857145,
8ea72cf82fac07f6,a6a9ab5a824e8f66,1994-03-11,46c8ec317aff28ac,be9d259be012e8a4,Open Weight,0,1,74.0,225.0,,30.535249828884325,Orthodox,Patrick Smith,70.0,210.0,,,Orthodox,Scott Morris,Orthodox_vs_Orthodox,3.0,1.0,2.0,0.3333333333333333,0.0,0.3333333333333333,0.0,0.6666666666666666,0.3333333333333333,0.0,0.3333333333333333,0.0,0.3333333333333333,0.3333333333333333,0.0,0.3333333333333333,0.6666666666666666,0.0,0.0,2.0,3.6666666666666665,2.0,2.0,6.333333333333333,8.0,5.666666666666667,5.666666666666667,0.0,0.3333333333333333,0.6666666666666666,1.3333333333333333,0.3333333333333333,0.6666666666666666,0.0,0.0,0.0,0.0,1.0,81.33333333333333,0.5454545454545454,1.0,0.0,0.5,3.0,0.3333333333333333,0.0,0.3333333333333333,0.0,0.3333333333333333,0.3333333333333333,0.0,0.3333333333333333,0.6666666666666666,0.0,0.0,2.0,3.6666666666666665,2.0,2.0,6.333333333333333,8.0,5.666666666666667,5.666666666666667,0.0,0.3333333333333333,0.6666666666666666,1.3333333333333333,0.3333333333333333,0.6666666666666666,0.0,0.0,0.0,0.0,1.0,81.33333333333333,0.5454545454545454,1.0,0.0,0.5,3.0,0.3333333333333333,0.0,0.3333333333333333,0.0,0.3333333333333333,0.3333333333333333,0.0,0.3333333333333333,0.6666666666666666,0.0,0.0,2.0,3.6666666666666665,2.0,2.0,6.333333333333333,8.0,5.666666666666667,5.666666666666667,0.0,0.3333333333333333,0.6666666666666666,1.3333333333333333,0.3333333333333333,0.6666666666666666,0.0,0.0,0.0,0.0,1.0,81.33333333333333,0.5454545454545454,1.0,0.0,0.5,3.0,0.3333333333333333,0.0,0.3333333333333333,0.0,0.3333333333333333,0.3333333333333333,0.0,0.3333333333333333,0.6666666666666666,0.0,0.0,2.0,3.6666666666666665,2.0,2.0,6.333333333333333,8.0,5.666666666666667,5.666666666666667,0.0,0.3333333333333333,0.6666666666666666,1.3333333333333333,0.3333333333333333,0.6666666666666666,0.0,0.0,0.0,0.0,1.0,81.33333333333333,0.5454545454545454,1.0,0.0,0.5,1.0,1.0,0.0,1.0,0.0,1.0,0.0,0.0,1.0,0.0,1.0,0.0,0.0,0.0,0.0,1.0,0.0,0.0,0.0,1.0,1.0,0.0,4.0,2.0,2.0,1.0,5.0,1.0,1.0,0.0,0.0,1.0,0.0,0.0,0.0,0.0,0.0,1.0,20.0,1.0,0.0,1.0,,1.0,1.0,0.0,1.0,0.0,0.0,0.0,0.0,1.0,0.0,0.0,0.0,1.0,1.0,0.0,4.0,2.0,2.0,1.0,5.0,1.0,1.0,0.0,0.0,1.0,0.0,0.0,0.0,0.0,0.0,1.0,20.0,1.0,0.0,1.0,,1.0,1.0,0.0,1.0,0.0,0.0,0.0,0.0,1.0,0.0,0.0,0.0,1.0,1.0,0.0,4.0,2.0,2.0,1.0,5.0,1.0,1.0,0.0,0.0,1.0,0.0,0.0,0.0,0.0,0.0,1.0,20.0,1.0,0.0,1.0,,1.0,1.0,0.0,1.0,0.0,0.0,0.0,0.0,1.0,0.0,0.0,0.0,1.0,1.0,0.0,4.0,2.0,2.0,1.0,5.0,1.0,1.0,0.0,0.0,1.0,0.0,0.0,0.0,0.0,0.0,1.0,20.0,1.0,0.0,1.0,,0.0,0.0,0.0,,0.0,4.0,15.0,,,2.0,0.0,2.0,-0.6666666666666667,0.0,-0.6666666666666667,0.0,0.6666666666666666,-0.6666666666666667,0.0,-0.6666666666666667,0.0,0.3333333333333333,0.3333333333333333,0.0,-0.6666666666666667,0.6666666666666666,0.0,0.0,1.0,2.6666666666666665,2.0,-2.0,4.333333333333333,6.0,4.666666666666667,0.666666666666667,-1.0,-0.6666666666666667,0.6666666666666666,1.3333333333333333,-0.6666666666666667,0.6666666666666666,0.0,0.0,0.0,0.0,0.0,61.33333333333333,-0.4545454545454546,1.0,-1.0,,2.0,-0.6666666666666667,0.0,-0.6666666666666667,0.0,0.3333333333333333,0.3333333333333333,0.0,-0.6666666666666667,0.6666666666666666,0.0,0.0,1.0,2.6666666666666665,2.0,-2.0,4.333333333333333,6.0,4.666666666666667,0.666666666666667,-1.0,-0.6666666666666667,0.6666666666666666,1.3333333333333333,-0.6666666666666667,0.6666666666666666,0.0,0.0,0.0,0.0,0.0,61.33333333333333,-0.4545454545454546,1.0,-1.0,,2.0,-0.6666666666666667,0.0,-0.6666666666666667,0.0,0.3333333333333333,0.3333333333333333,0.0,-0.6666666666666667,0.6666666666666666,0.0,0.0,1.0,2.6666666666666665,2.0,-2.0,4.333333333333333,6.0,4.666666666666667,0.666666666666667,-1.0,-0.6666666666666667,0.6666666666666666,1.3333333333333333,-0.6666666666666667,0.6666666666666666,0.0,0.0,0.0,0.0,0.0,61.33333333333333,-0.4545454545454546,1.0,-1.0,,2.0,-0.6666666666666667,0.0,-0.6666666666666667,0.0,0.3333333333333333,0.3333333333333333,0.0,-0.6666666666666667,0.6666666666666666,0.0,0.0,1.0,2.6666666666666665,2.0,-2.0,4.333333333333333,6.0,4.666666666666667,0.666666666666667,-1.0,-0.6666666666666667,0.6666666666666666,1.3333333333333333,-0.6666666666666667,0.6666666666666666,0.0,0.0,0.0,0.0,0.0,61.33333333333333,-0.4545454545454546,1.0,-1.0,
8fbdde20b712b8da,a6a9ab5a824e8f66,1994-03-11,46c8ec317aff28ac,319fa1bd3176bded,Open Weight,0,1,74.0,225.0,,30.535249828884325,Orthodox,Patrick Smith,72.0,210.0,,,Orthodox,Johnny Rhodes,Orthodox_vs_Orthodox,4.0,2.0,2.0,0.5,0.25,0.25,0.0,0.5,0.5,0.25,0.25,0.0,0.25,0.25,0.0,0.5,0.5,0.0,0.0,4.75,7.0,1.5,1.5,9.5,12.25,4.25,4.25,0.0,0.25,0.5,1.25,0.25,0.5,0.0,0.0,0.0,0.0,1.0,68.5,0.6785714285714286,1.0,0.0,0.4,3.0,0.6666666666666666,0.3333333333333333,0.3333333333333333,0.0,0.3333333333333333,0.0,0.0,0.6666666666666666,0.3333333333333333,0.0,0.0,5.0,6.666666666666667,1.6666666666666667,1.6666666666666667,7.333333333333333,9.666666666666666,4.333333333333333,4.333333333333333,0.0,0.3333333333333333,0.3333333333333333,1.0,0.3333333333333333,0.0,0.0,0.0,0.0,0.0,1.0,55.0,0.75,1.0,0.0,0.3333333333333333,4.0,0.5,0.25,0.25,0.0,0.25,0.25,0.0,0.5,0.5,0.0,0.0,4.75,7.0,1.5,1.5,9.5,12.25,4.25,4.25,0.0,0.25,0.5,1.25,0.25,0.5,0.0,0.0,0.0,0.0,1.0,68.5,0.6785714285714286,1.0,0.0,0.4,4.0,0.5,0.25,0.25,0.0,0.25,0.25,0.0,0.5,0.5,0.0,0.0,4.75,7.0,1.5,1.5,9.5,12.25,4.25,4.25,0.0,0.25,0.5,1.25,0.25,0.5,0.0,0.0,0.0,0.0,1.0,68.5,0.6785714285714286,1.0,0.0,0.4,0.0,0.0,0.0,,,,,,,,,,,,,,,,,,,,,,,,,,,,,,,,,,,,,,,,,0.0,,,,,,,,,,,,,,,,,,,,,,,,,,,,,,,,,,,,0.0,,,,,,,,,,,,,,,,,,,,,,,,,,,,,,,,,,,,0.0,,,,,,,,,,,,,,,,,,,,,,,,,,,,,,,,,,,,0.0,0.0,0.0,,0.0,2.0,15.0,,,4.0,2.0,2.0,,,,,,,,,,,,,,,,,,,,,,,,,,,,,,,,,,,,,,,,,3.0,,,,,,,,,,,,,,,,,,,,,,,,,,,,,,,,,,,,4.0,,,,,,,,,,,,,,,,,,,,,,,,,,,,,,,,,,,,4.0,,,,,,,,,,,,,,,,,,,,,,,,,,,,,,,,,,,
aa161c7159741766,a6a9ab5a824e8f66,1994-03-11,429e7d3725852ce9,749685d24e2cac50,Open Weight,0,1,73.0,175.0,,27.24435318275154,Southpaw,Royce Gracie,75.0,260.0,,24.799452429842574,Southpaw,Remco Pardoel,Southpaw_vs_Southpaw,5.0,5.0,0.0,1.0,0.2,0.8,0.0,0.0,1.0,0.2,0.8,0.0,0.0,0.0,0.0,1.0,0.0,0.0,0.0,1.0,1.8,0.2,0.4,6.0,6.8,0.4,0.6,0.6,1.4,0.2,0.4,0.6,0.0,0.4,0.0,0.0,0.0,1.0,88.6,0.5555555555555556,0.5,0.42857142857142855,0.5,3.0,1.0,0.3333333333333333,0.6666666666666666,0.0,0.0,0.0,0.0,1.0,0.0,0.0,0.0,1.3333333333333333,1.3333333333333333,0.3333333333333333,0.6666666666666666,7.666666666666667,7.666666666666667,0.6666666666666666,1.0,0.3333333333333333,1.0,0.3333333333333333,0.6666666666666666,0.6666666666666666,0.0,0.6666666666666666,0.0,0.0,0.0,1.0,67.0,1.0,0.5,0.3333333333333333,0.5,5.0,1.0,0.2,0.8,0.0,0.0,0.0,0.0,1.0,0.0,0.0,0.0,1.0,1.8,0.2,0.4,6.0,6.8,0.4,0.6,0.6,1.4,0.2,0.4,0.6,0.0,0.4,0.0,0.0,0.0,1.0,88.6,0.5555555555555556,0.5,0.42857142857142855,0.5,5.0,1.0,0.2,0.8,0.0,0.0,0.0,0.0,1.0,0.0,0.0,0.0,1.0,1.8,0.2,0.4,6.0,6.8,0.4,0.6,0.6,1.4,0.2,0.4,0.6,0.0,0.4,0.0,0.0,0.0,1.0,88.6,0.5555555555555556,0.5,0.42857142857142855,0.5,1.0,1.0,0.0,1.0,0.0,1.0,0.0,0.0,1.0,0.0,1.0,0.0,0.0,0.0,0.0,1.0,0.0,0.0,0.0,4.0,6.0,1.0,3.0,20.0,22.0,9.0,11.0,1.0,1.0,0.0,0.0,1.0,0.0,0.0,0.0,0.0,0.0,1.0,591.0,0.6666666666666666,0.3333333333333333,1.0,,1.0,1.0,0.0,1.0,0.0,0.0,0.0,0.0,1.0,0.0,0.0,0.0,4.0,6.0,1.0,3.0,20.0,22.0,9.0,11.0,1.0,1.0,0.0,0.0,1.0,0.0,0.0,0.0,0.0,0.0,1.0,591.0,0.6666666666666666,0.3333333333333333,1.0,,1.0,1.0,0.0,1.0,0.0,0.0,0.0,0.0,1.0,0.0,0.0,0.0,4.0,6.0,1.0,3.0,20.0,22.0,9.0,11.0,1.0,1.0,0.0,0.0,1.0,0.0,0.0,0.0,0.0,0.0,1.0,591.0,0.6666666666666666,0.3333333333333333,1.0,,1.0,1.0,0.0,1.0,0.0,0.0,0.0,0.0,1.0,0.0,0.0,0.0,4.0,6.0,1.0,3.0,20.0,22.0,9.0,11.0,1.0,1.0,0.0,0.0,1.0,0.0,0.0,0.0,0.0,0.0,1.0,591.0,0.6666666666666666,0.3333333333333333,1.0,,0.0,0.0,0.0,,0.0,-2.0,-85.0,,2.444900752908964,4.0,4.0,0.0,0.0,0.2,-0.19999999999999996,0.0,0.0,0.0,0.2,-0.19999999999999996,0.0,0.0,0.0,0.0,0.0,0.0,0.0,0.0,-3.0,-4.2,-0.8,-2.6,-14.0,-15.2,-8.6,-10.4,-0.4,0.3999999999999999,0.2,0.4,-0.4,0.0,0.4,0.0,0.0,0.0,0.0,-502.4,-0.11111111111111105,0.16666666666666669,-0.5714285714285714,,2.0,0.0,0.3333333333333333,-0.33333333333333337,0.0,0.0,0.0,0.0,0.0,0.0,0.0,0.0,-2.666666666666667,-4.666666666666667,-0.6666666666666667,-2.3333333333333335,-12.333333333333332,-14.333333333333332,-8.333333333333334,-10.0,-0.6666666666666667,0.0,0.3333333333333333,0.6666666666666666,-0.33333333333333337,0.0,0.6666666666666666,0.0,0.0,0.0,0.0,-524.0,0.33333333333333337,0.16666666666666669,-0.6666666666666667,,4.0,0.0,0.2,-0.19999999999999996,0.0,0.0,0.0,0.0,0.0,0.0,0.0,0.0,-3.0,-4.2,-0.8,-2.6,-14.0,-15.2,-8.6,-10.4,-0.4,0.3999999999999999,0.2,0.4,-0.4,0.0,0.4,0.0,0.0,0.0,0.0,-502.4,-0.11111111111111105,0.16666666666666669,-0.5714285714285714,,4.0,0.0,0.2,-0.19999999999999996,0.0,0.0,0.0,0.0,0.0,0.0,0.0,0.0,-3.0,-4.2,-0.8,-2.6,-14.0,-15.2,-8.6,-10.4,-0.4,0.3999999999999999,0.2,0.4,-0.4,0.0,0.4,0.0,0.0,0.0,0.0,-502.4,-0.11111111111111105,0.16666666666666669,-0.5714285714285714,
b72acedda7ddc006,a6a9ab5a824e8f66,1994-03-11,319fa1bd3176bded,8d5daf67983b65ba,Open Weight,0,1,72.0,210.0,,,Orthodox,Johnny Rhodes,72.0,180.0,,38.41204654346338,Southpaw,Fred Ettish,Orthodox_vs_Southpaw,1.0,0.0,1.0,0.0,0.0,0.0,0.0,1.0,0.0,0.0,0.0,0.0,0.0,1.0,0.0,0.0,1.0,0.0,0.0,4.0,9.0,5.0,12.0,4.0,9.0,5.0,12.0,0.0,0.0,0.0,0.0,0.0,1.0,0.0,0.0,0.0,0.0,1.0,67.0,0.4444444444444444,0.4166666666666667,,,1.0,0.0,0.0,0.0,0.0,0.0,1.0,0.0,0.0,1.0,0.0,0.0,4.0,9.0,5.0,12.0,4.0,9.0,5.0,12.0,0.0,0.0,0.0,0.0,0.0,1.0,0.0,0.0,0.0,0.0,1.0,67.0,0.4444444444444444,0.4166666666666667,,,1.0,0.0,0.0,0.0,0.0,0.0,1.0,0.0,0.0,1.0,0.0,0.0,4.0,9.0,5.0,12.0,4.0,9.0,5.0,12.0,0.0,0.0,0.0,0.0,0.0,1.0,0.0,0.0,0.0,0.0,1.0,67.0,0.4444444444444444,0.4166666666666667,,,1.0,0.0,0.0,0.0,0.0,0.0,1.0,0.0,0.0,1.0,0.0,0.0,4.0,9.0,5.0,12.0,4.0,9.0,5.0,12.0,0.0,0.0,0.0,0.0,0.0,1.0,0.0,0.0,0.0,0.0,1.0,67.0,0.4444444444444444,0.4166666666666667,,,0.0,0.0,0.0,,,,,,,,,,,,,,,,,,,,,,,,,,,,,,,,,,,,,,,,,0.0,,,,,,,,,,,,,,,,,,,,,,,,,,,,,,,,,,,,0.0,,,,,,,,,,,,,,,,,,,,,,,,,,,,,,,,,,,,0.0,,,,,,,,,,,,,,,,,,,,,,,,,,,,,,,,,,,,0.0,0.0,0.0,,0.0,0.0,30.0,,,1.0,0.0,1.0,,,,,,,,,,,,,,,,,,,,,,,,,,,,,,,,,,,,,,,,,1.0,,,,,,,,,,,,,,,,,,,,,,,,,,,,,,,,,,,,1.0,,,,,,,,,,,,,,,,,,,,,,,,,,,,,,,,,,,,1.0,,,,,,,,,,,,,,,,,,,,,,,,,,,,,,,,,,,
c4aa04781989699e,a6a9ab5a824e8f66,1994-03-11,749685d24e2cac50,a6c2f5381d575920,Open Weight,0,1,75.0,260.0,,24.799452429842574,Southpaw,Remco Pardoel,70.0,170.0,,28.37782340862423,Southpaw,Orlando Wiet,Southpaw_vs_Southpaw,2.0,1.0,1.0,0.5,0.0,0.5,0.0,0.5,0.5,0.0,0.5,0.0,0.0,0.5,0.0,0.5,0.5,0.0,0.0,2.0,3.0,0.5,1.5,10.0,11.0,4.5,5.5,0.5,0.5,0.5,1.0,0.5,0.5,0.0,0.0,0.0,0.0,1.0,341.0,0.6666666666666666,0.3333333333333333,1.0,0.5,2.0,0.5,0.0,0.5,0.0,0.0,0.5,0.0,0.5,0.5,0.0,0.0,2.0,3.0,0.5,1.5,10.0,11.0,4.5,5.5,0.5,0.5,0.5,1.0,0.5,0.5,0.0,0.0,0.0,0.0,1.0,341.0,0.6666666666666666,0.3333333333333333,1.0,0.5,2.0,0.5,0.0,0.5,0.0,0.0,0.5,0.0,0.5,0.5,0.0,0.0,2.0,3.0,0.5,1.5,10.0,11.0,4.5,5.5,0.5,0.5,0.5,1.0,0.5,0.5,0.0,0.0,0.0,0.0,1.0,341.0,0.6666666666666666,0.3333333333333333,1.0,0.5,2.0,0.5,0.0,0.5,0.0,0.0,0.5,0.0,0.5,0.5,0.0,0.0,2.0,3.0,0.5,1.5,10.0,11.0,4.5,5.5,0.5,0.5,0.5,1.0,0.5,0.5,0.0,0.0,0.0,0.0,1.0,341.0,0.6666666666666666,0.3333333333333333,1.0,0.5,1.0,1.0,0.0,1.0,1.0,0.0,0.0,0.0,1.0,1.0,0.0,0.0,0.0,0.0,0.0,1.0,0.0,0.0,0.0,8.0,12.0,2.0,6.0,11.0,15.0,2.0,6.0,0.0,0.0,1.0,1.0,0.0,1.0,0.0,0.0,0.0,0.0,1.0,170.0,0.6666666666666666,0.3333333333333333,,1.0,1.0,1.0,1.0,0.0,0.0,0.0,0.0,0.0,1.0,0.0,0.0,0.0,8.0,12.0,2.0,6.0,11.0,15.0,2.0,6.0,0.0,0.0,1.0,1.0,0.0,1.0,0.0,0.0,0.0,0.0,1.0,170.0,0.6666666666666666,0.3333333333333333,,1.0,1.0,1.0,1.0,0.0,0.0,0.0,0.0,0.0,1.0,0.0,0.0,0.0,8.0,12.0,2.0,6.0,11.0,15.0,2.0,6.0,0.0,0.0,1.0,1.0,0.0,1.0,0.0,0.0,0.0,0.0,1.0,170.0,0.6666666666666666,0.3333333333333333,,1.0,1.0,1.0,1.0,0.0,0.0,0.0,0.0,0.0,1.0,0.0,0.0,0.0,8.0,12.0,2.0,6.0,11.0,15.0,2.0,6.0,0.0,0.0,1.0,1.0,0.0,1.0,0.0,0.0,0.0,0.0,1.0,170.0,0.6666666666666666,0.3333333333333333,,1.0,0.0,0.0,0.0,,0.0,5.0,90.0,,-3.578370978781656,1.0,0.0,1.0,-0.5,-1.0,0.5,0.0,0.5,-0.5,-1.0,0.5,0.0,0.0,0.5,0.0,-0.5,0.5,0.0,0.0,-6.0,-9.0,-1.5,-4.5,-1.0,-4.0,2.5,-0.5,0.5,0.5,-0.5,0.0,0.5,-0.5,0.0,0.0,0.0,0.0,0.0,171.0,0.0,0.0,,-0.5,1.0,-0.5,-1.0,0.5,0.0,0.0,0.5,0.0,-0.5,0.5,0.0,0.0,-6.0,-9.0,-1.5,-4.5,-1.0,-4.0,2.5,-0.5,0.5,0.5,-0.5,0.0,0.5,-0.5,0.0,0.0,0.0,0.0,0.0,171.0,0.0,0.0,,-0.5,1.0,-0.5,-1.0,0.5,0.0,0.0,0.5,0.0,-0.5,0.5,0.0,0.0,-6.0,-9.0,-1.5,-4.5,-1.0,-4.0,2.5,-0.5,0.5,0.5,-0.5,0.0,0.5,-0.5,0.0,0.0,0.0,0.0,0.0,171.0,0.0,0.0,,-0.5,1.0,-0.5,-1.0,0.5,0.0,0.0,0.5,0.0,-0.5,0.5,0.0,0.0,-6.0,-9.0,-1.5,-4.5,-1.0,-4.0,2.5,-0.5,0.5,0.5,-0.5,0.0,0.5,-0.5,0.0,0.0,0.0,0.0,0.0,171.0,0.0,0.0,,-0.5
c53325be8ce33b8b,a6a9ab5a824e8f66,1994-03-11,6ceff86fae4f6b3b,7d5b12de1625984e,Open Weight,0,1,71.0,190.0,,24.629705681040384,Southpaw,Jason DeLucia,72.0,210.0,,,Unknown,Scott Baker,Southpaw_vs_Unknown,2.0,1.0,1.0,0.5,0.0,0.5,0.0,0.5,0.5,0.0,0.5,0.0,0.0,0.5,0.0,0.5,0.5,0.0,0.0,1.5,4.5,0.5,3.5,1.5,4.5,0.5,3.5,1.0,1.5,0.0,0.0,0.5,0.5,0.0,0.5,0.0,0.0,1.0,59.5,0.3333333333333333,0.14285714285714285,0.6666666666666666,,2.0,0.5,0.0,0.5,0.0,0.0,0.5,0.0,0.5,0.5,0.0,0.0,1.5,4.5,0.5,3.5,1.5,4.5,0.5,3.5,1.0,1.5,0.0,0.0,0.5,0.5,0.0,0.5,0.0,0.0,1.0,59.5,0.3333333333333333,0.14285714285714285,0.6666666666666666,,2.0,0.5,0.0,0.5,0.0,0.0,0.5,0.0,0.5,0.5,0.0,0.0,1.5,4.5,0.5,3.5,1.5,4.5,0.5,3.5,1.0,1.5,0.0,0.0,0.5,0.5,0.0,0.5,0.0,0.0,1.0,59.5,0.3333333333333333,0.14285714285714285,0.6666666666666666,,2.0,0.5,0.0,0.5,0.0,0.0,0.5,0.0,0.5,0.5,0.0,0.0,1.5,4.5,0.5,3.5,1.5,4.5,0.5,3.5,1.0,1.5,0.0,0.0,0.5,0.5,0.0,0.5,0.0,0.0,1.0,59.5,0.3333333333333333,0.14285714285714285,0.6666666666666666,,0.0,0.0,0.0,,,,,,,,,,,,,,,,,,,,,,,,,,,,,,,,,,,,,,,,,0.0,,,,,,,,,,,,,,,,,,,,,,,,,,,,,,,,,,,,0.0,,,,,,,,,,,,,,,,,,,,,,,,,,,,,,,,,,,,0.0,,,,,,,,,,,,,,,,,,,,,,,,,,,,,,,,,,,,0.0,0.0,0.0,,0.0,-1.0,-20.0,,,2.0,1.0,1.0,,,,,,,,,,,,,,,,,,,,,,,,,,,,,,,,,,,,,,,,,2.0,,,,,,,,,,,,,,,,,,,,,,,,,,,,,,,,,,,,2.0,,,,,,,,,,,,,,,,,,,,,,,,,,,,,,,,,,,,2.0,,,,,,,,,,,,,,,,,,,,,,,,,,,,,,,,,,,
ccee020be2e8d9f6,a6a9ab5a824e8f66,1994-03-11,319fa1bd3176bded,49590e0508b2c19f,Open Weight,0,1,72.0,210.0,,,Orthodox,Johnny Rhodes,77.0,275.0,,,Unknown,David Levicki,Orthodox_vs_Unknown,2.0,1.0,1.0,0.5,0.0,0.5,0.0,0.5,0.5,0.0,0.5,0.0,0.0,0.5,0.0,0.5,0.5,0.5,0.0,8.5,19.0,4.5,9.5,12.5,23.5,6.0,11.5,0.0,0.0,0.0,0.0,0.5,0.5,0.0,0.0,0.0,0.0,1.0,127.0,0.4473684210526316,0.47368421052631576,,,2.0,0.5,0.0,0.5,0.0,0.0,0.5,0.0,0.5,0.5,0.5,0.0,8.5,19.0,4.5,9.5,12.5,23.5,6.0,11.5,0.0,0.0,0.0,0.0,0.5,0.5,0.0,0.0,0.0,0.0,1.0,127.0,0.4473684210526316,0.47368421052631576,,,2.0,0.5,0.0,0.5,0.0,0.0,0.5,0.0,0.5,0.5,0.5,0.0,8.5,19.0,4.5,9.5,12.5,23.5,6.0,11.5,0.0,0.0,0.0,0.0,0.5,0.5,0.0,0.0,0.0,0.0,1.0,127.0,0.4473684210526316,0.47368421052631576,,,2.0,0.5,0.0,0.5,0.0,0.0,0.5,0.0,0.5,0.5,0.5,0.0,8.5,19.0,4.5,9.5,12.5,23.5,6.0,11.5,0.0,0.0,0.0,0.0,0.5,0.5,0.0,0.0,0.0,0.0,1.0,127.0,0.4473684210526316,0.47368421052631576,,,0.0,0.0,0.0,,,,,,,,,,,,,,,,,,,,,,,,,,,,,,,,,,,,,,,,,0.0,,,,,,,,,,,,,,,,,,,,,,,,,,,,,,,,,,,,0.0,,,,,,,,,,,,,,,,,,,,,,,,,,,,,,,,,,,,0.0,,,,,,,,,,,,,,,,,,,,,,,,,,,,,,,,,,,,0.0,0.0,0.0,,0.0,-5.0,-65.0,,,2.0,1.0,1.0,,,,,,,,,,,,,,,,,,,,,,,,,,,,,,,,,,,,,,,,,2.0,,,,,,,,,,,,,,,,,,,,,,,,,,,,,,,,,,,,2.0,,,,,,,,,,,,,,,,,,,,,,,,,,,,,,,,,,,,2.0,,,,,,,,,,,,,,,,,,,,,,,,,,,,,,,,,,,
d917c8c7461b9831,a6a9ab5a824e8f66,1994-03-11,c3c23c99477c041b,505934897b8b4824,Open Weight,0,1,,,,,Unknown,Frank Hamaker,75.0,210.0,,,Unknown,Thaddeus Luster,Unknown_vs_Unknown,0.0,0.0,0.0,,,,,,,,,,,,,,,,,,,,,,,,,,,,,,,,,,,,,,,,,0.0,,,,,,,,,,,,,,,,,,,,,,,,,,,,,,,,,,,,0.0,,,,,,,,,,,,,,,,,,,,,,,,,,,,,,,,,,,,0.0,,,,,,,,,,,,,,,,,,,,,,,,,,,,,,,,,,,,0.0,0.0,0.0,,,,,,,,,,,,,,,,,,,,,,,,,,,,,,,,,,,,,,,,,0.0,,,,,,,,,,,,,,,,,,,,,,,,,,,,,,,,,,,,0.0,,,,,,,,,,,,,,,,,,,,,,,,,,,,,,,,,,,,0.0,,,,,,,,,,,,,,,,,,,,,,,,,,,,,,,,,,,,0.0,0.0,0.0,,0.0,,,,,0.0,0.0,0.0,,,,,,,,,,,,,,,,,,,,,,,,,,,,,,,,,,,,,,,,,0.0,,,,,,,,,,,,,,,,,,,,,,,,,,,,,,,,,,,,0.0,,,,,,,,,,,,,,,,,,,,,,,,,,,,,,,,,,,,0.0,,,,,,,,,,,,,,,,,,,,,,,,,,,,,,,,,,,
fcd8e8ec45eb6b9f,a6a9ab5a824e8f66,1994-03-11,429e7d3725852ce9,4565d435005319c0,Open Weight,0,1,73.0,175.0,,27.24435318275154,Southpaw,Royce Gracie,67.0,178.0,,25.694729637234772,Orthodox,Minoki Ichihara,Southpaw_vs_Orthodox,6.0,6.0,0.0,1.0,0.16666666666666666,0.8333333333333334,0.0,0.0,1.0,0.16666666666666666,0.8333333333333334,0.0,0.0,0.0,0.0,1.0,0.0,0.0,0.0,0.8333333333333334,1.5,0.16666666666666666,0.3333333333333333,5.0,5.666666666666667,0.3333333333333333,0.5,0.6666666666666666,1.5,0.16666666666666666,0.3333333333333333,0.6666666666666666,0.0,0.3333333333333333,0.0,0.0,0.0,1.0,89.0,0.5555555555555556,0.5,0.4444444444444444,0.5,3.0,1.0,0.3333333333333333,0.6666666666666666,0.0,0.0,0.0,0.0,1.0,0.0,0.0,0.0,1.3333333333333333,1.3333333333333333,0.3333333333333333,0.6666666666666666,3.6666666666666665,3.6666666666666665,0.6666666666666666,1.0,0.6666666666666666,1.3333333333333333,0.3333333333333333,0.3333333333333333,0.6666666666666666,0.0,0.3333333333333333,0.0,0.0,0.0,1.0,78.33333333333333,1.0,0.5,0.5,1.0,5.0,1.0,0.2,0.8,0.0,0.0,0.0,0.0,1.0,0.0,0.0,0.0,0.8,1.4,0.2,0.4,5.4,6.0,0.4,0.6,0.6,1.2,0.2,0.4,0.6,0.0,0.4,0.0,0.0,0.0,1.0,86.0,0.5714285714285714,0.5,0.5,0.5,6.0,1.0,0.16666666666666666,0.8333333333333334,0.0,0.0,0.0,0.0,1.0,0.0,0.0,0.0,0.8333333333333334,1.5,0.16666666666666666,0.3333333333333333,5.0,5.666666666666667,0.3333333333333333,0.5,0.6666666666666666,1.5,0.16666666666666666,0.3333333333333333,0.6666666666666666,0.0,0.3333333333333333,0.0,0.0,0.0,1.0,89.0,0.5555555555555556,0.5,0.4444444444444444,0.5,0.0,0.0,0.0,,,,,,,,,,,,,,,,,,,,,,,,,,,,,,,,,,,,,,,,,0.0,,,,,,,,,,,,,,,,,,,,,,,,,,,,,,,,,,,,0.0,,,,,,,,,,,,,,,,,,,,,,,,,,,,,,,,,,,,0.0,,,,,,,,,,,,,,,,,,,,,,,,,,,,,,,,,,,,0.0,0.0,0.0,,0.0,6.0,-3.0,,1.5496235455167664,6.0,6.0,0.0,,,,,,,,,,,,,,,,,,,,,,,,,,,,,,,,,,,,,,,,,3.0,,,,,,,,,,,,,,,,,,,,,,,,,,,,,,,,,,,,5.0,,,,,,,,,,,,,,,,,,,,,,,,,,,,,,,,,,,,6.0,,,,,,,,,,,,,,,,,,,,,,,,,,,,,,,,,,,
323f543eb8abdb36,1a49e0670dfaca31,1994-09-09,ad047e3073a775f3,a2b06ca02bca14c0,3 Tournament,1,1,70.0,215.0,,30.962354551676935,Orthodox,Steve Jennum,74.0,240.0,,,Orthodox,Harold Howard,Orthodox_vs_Orthodox,0.0,0.0,0.0,,,,,,,,,,,,,,,,,,,,,,,,,,,,,,,,,,,,,,,,,0.0,,,,,,,,,,,,,,,,,,,,,,,,,,,,,,,,,,,,0.0,,,,,,,,,,,,,,,,,,,,,,,,,,,,,,,,,,,,0.0,,,,,,,,,,,,,,,,,,,,,,,,,,,,,,,,,,,,0.0,0.0,0.0,,,,,,,,,,,,,,,,,,,,,,,,,,,,,,,,,,,,,,,,,0.0,,,,,,,,,,,,,,,,,,,,,,,,,,,,,,,,,,,,0.0,,,,,,,,,,,,,,,,,,,,,,,,,,,,,,,,,,,,0.0,,,,,,,,,,,,,,,,,,,,,,,,,,,,,,,,,,,,0.0,0.0,0.0,,0.0,-4.0,-25.0,,,0.0,0.0,0.0,,,,,,,,,,,,,,,,,,,,,,,,,,,,,,,,,,,,,,,,,0.0,,,,,,,,,,,,,,,,,,,,,,,,,,,,,,,,,,,,0.0,,,,,,,,,,,,,,,,,,,,,,,,,,,,,,,,,,,,0.0,,,,,,,,,,,,,,,,,,,,,,,,,,,,,,,,,,,
5167a5aec41f8b6d,1a49e0670dfaca31,1994-09-09,63b65af1c5cb02cb,6cbb7661c3258617,Open Weight,0,1,73.0,205.0,72.0,30.576317590691307,Orthodox,Ken Shamrock,,,,,Orthodox,Felix Lee Mitchell,Orthodox_vs_Orthodox,2.0,1.0,1.0,0.5,0.0,0.5,0.0,0.5,0.5,0.0,0.5,0.0,0.0,0.5,0.0,0.5,0.5,0.0,0.0,0.5,0.5,2.0,4.0,2.0,2.0,14.0,16.0,0.5,1.5,0.0,0.5,1.0,0.5,0.0,0.5,0.0,0.0,1.0,83.0,1.0,0.5,0.3333333333333333,0.0,2.0,0.5,0.0,0.5,0.0,0.0,0.5,0.0,0.5,0.5,0.0,0.0,0.5,0.5,2.0,4.0,2.0,2.0,14.0,16.0,0.5,1.5,0.0,0.5,1.0,0.5,0.0,0.5,0.0,0.0,1.0,83.0,1.0,0.5,0.3333333333333333,0.0,2.0,0.5,0.0,0.5,0.0,0.0,0.5,0.0,0.5,0.5,0.0,0.0,0.5,0.5,2.0,4.0,2.0,2.0,14.0,16.0,0.5,1.5,0.0,0.5,1.0,0.5,0.0,0.5,0.0,0.0,1.0,83.0,1.0,0.5,0.3333333333333333,0.0,2.0,0.5,0.0,0.5,0.0,0.0,0.5,0.0,0.5,0.5,0.0,0.0,0.5,0.5,2.0,4.0,2.0,2.0,14.0,16.0,0.5,1.5,0.0,0.5,1.0,0.5,0.0,0.5,0.0,0.0,1.0,83.0,1.0,0.5,0.3333333333333333,0.0,0.0,0.0,0.0,,,,,,,,,,,,,,,,,,,,,,,,,,,,,,,,,,,,,,,,,0.0,,,,,,,,,,,,,,,,,,,,,,,,,,,,,,,,,,,,0.0,,,,,,,,,,,,,,,,,,,,,,,,,,,,,,,,,,,,0.0,,,,,,,,,,,,,,,,,,,,,,,,,,,,,,,,,,,,0.0,0.0,0.0,,0.0,,,,,2.0,1.0,1.0,,,,,,,,,,,,,,,,,,,,,,,,,,,,,,,,,,,,,,,,,2.0,,,,,,,,,,,,,,,,,,,,,,,,,,,,,,,,,,,,2.0,,,,,,,,,,,,,,,,,,,,,,,,,,,,,,,,,,,,2.0,,,,,,,,,,,,,,,,,,,,,,,,,,,,,,,,,,,
56315d5ac11594a5,1a49e0670dfaca31,1994-09-09,63b65af1c5cb02cb,7269329bd87eb479,Open Weight,0,1,73.0,205.0,72.0,30.576317590691307,Orthodox,Ken Shamrock,72.0,200.0,,,Southpaw,Christophe Leninger,Orthodox_vs_Southpaw,3.0,2.0,1.0,0.6666666666666666,0.0,0.6666666666666666,0.0,0.3333333333333333,0.6666666666666666,0.0,0.6666666666666666,0.0,0.0,0.3333333333333333,0.0,0.6666666666666666,0.3333333333333333,0.0,0.0,1.6666666666666667,1.6666666666666667,2.3333333333333335,3.6666666666666665,3.6666666666666665,3.6666666666666665,16.333333333333332,18.0,0.6666666666666666,1.6666666666666667,0.0,0.3333333333333333,1.0,0.3333333333333333,0.0,0.3333333333333333,0.0,0.0,1.0,146.66666666666666,1.0,0.6363636363636364,0.4,0.0,3.0,0.6666666666666666,0.0,0.6666666666666666,0.0,0.0,0.3333333333333333,0.0,0.6666666666666666,0.3333333333333333,0.0,0.0,1.6666666666666667,1.6666666666666667,2.3333333333333335,3.6666666666666665,3.6666666666666665,3.6666666666666665,16.333333333333332,18.0,0.6666666666666666,1.6666666666666667,0.0,0.3333333333333333,1.0,0.3333333333333333,0.0,0.3333333333333333,0.0,0.0,1.0,146.66666666666666,1.0,0.6363636363636364,0.4,0.0,3.0,0.6666666666666666,0.0,0.6666666666666666,0.0,0.0,0.3333333333333333,0.0,0.6666666666666666,0.3333333333333333,0.0,0.0,1.6666666666666667,1.6666666666666667,2.3333333333333335,3.6666666666666665,3.6666666666666665,3.6666666666666665,16.333333333333332,18.0,0.6666666666666666,1.6666666666666667,0.0,0.3333333333333333,1.0,0.3333333333333333,0.0,0.3333333333333333,0.0,0.0,1.0,146.66666666666666,1.0,0.6363636363636364,0.4,0.0,3.0,0.6666666666666666,0.0,0.6666666666666666,0.0,0.0,0.3333333333333333,0.0,0.6666666666666666,0.3333333333333333,0.0,0.0,1.6666666666666667,1.6666666666666667,2.3333333333333335,3.6666666666666665,3.6666666666666665,3.6666666666666665,16.333333333333332,18.0,0.6666666666666666,1.6666666666666667,0.0,0.3333333333333333,1.0,0.3333333333333333,0.0,0.3333333333333333,0.0,0.0,1.0,146.66666666666666,1.0,0.6363636363636364,0.4,0.0,0.0,0.0,0.0,,,,,,,,,,,,,,,,,,,,,,,,,,,,,,,,,,,,,,,,,0.0,,,,,,,,,,,,,,,,,,,,,,,,,,,,,,,,,,,,0.0,,,,,,,,,,,,,,,,,,,,,,,,,,,,,,,,,,,,0.0,,,,,,,,,,,,,,,,,,,,,,,,,,,,,,,,,,,,0.0,0.0,0.0,,0.0,1.0,5.0,,,3.0,2.0,1.0,,,,,,,,,,,,,,,,,,,,,,,,,,,,,,,,,,,,,,,,,3.0,,,,,,,,,,,,,,,,,,,,,,,,,,,,,,,,,,,,3.0,,,,,,,,,,,,,,,,,,,,,,,,,,,,,,,,,,,,3.0,,,,,,,,,,,,,,,,,,,,,,,,,,,,,,,,,,,
8887948f0c097cd8,1a49e0670dfaca31,1994-09-09,bf12aca029bfcc47,2299605af59fd309,Open Weight,0,1,71.0,200.0,,36.40246406570842,Sideways,Keith Hackney,80.0,770.0,,34.00958247775496,Open Stance,Emmanuel Yarborough,Sideways_vs_Open Stance,0.0,0.0,0.0,,,,,,,,,,,,,,,,,,,,,,,,,,,,,,,,,,,,,,,,,0.0,,,,,,,,,,,,,,,,,,,,,,,,,,,,,,,,,,,,0.0,,,,,,,,,,,,,,,,,,,,,,,,,,,,,,,,,,,,0.0,,,,,,,,,,,,,,,,,,,,,,,,,,,,,,,,,,,,0.0,0.0,0.0,,,,,,,,,,,,,,,,,,,,,,,,,,,,,,,,,,,,,,,,,0.0,,,,,,,,,,,,,,,,,,,,,,,,,,,,,,,,,,,,0.0,,,,,,,,,,,,,,,,,,,,,,,,,,,,,,,,,,,,0.0,,,,,,,,,,,,,,,,,,,,,,,,,,,,,,,,,,,,0.0,0.0,0.0,,0.0,-9.0,-570.0,,2.392881587953461,0.0,0.0,0.0,,,,,,,,,,,,,,,,,,,,,,,,,,,,,,,,,,,,,,,,,0.0,,,,,,,,,,,,,,,,,,,,,,,,,,,,,,,,,,,,0.0,,,,,,,,,,,,,,,,,,,,,,,,,,,,,,,,,,,,0.0,,,,,,,,,,,,,,,,,,,,,,,,,,,,,,,,,,,
ca837b002a318766,1a49e0670dfaca31,1994-09-09,a2b06ca02bca14c0,2e04a3b4a2011b97,Open Weight,0,1,74.0,240.0,,,Orthodox,Harold Howard,69.0,205.0,,,Orthodox,Roland Payne,Orthodox_vs_Orthodox,1.0,0.0,1.0,0.0,0.0,0.0,0.0,1.0,0.0,0.0,0.0,0.0,1.0,0.0,0.0,0.0,1.0,0.0,0.0,2.0,6.0,6.0,11.0,3.0,7.0,7.0,13.0,0.0,0.0,1.0,1.0,1.0,0.0,0.0,0.0,0.0,0.0,1.0,87.0,0.3333333333333333,0.5454545454545454,,1.0,1.0,0.0,0.0,0.0,0.0,1.0,0.0,0.0,0.0,1.0,0.0,0.0,2.0,6.0,6.0,11.0,3.0,7.0,7.0,13.0,0.0,0.0,1.0,1.0,1.0,0.0,0.0,0.0,0.0,0.0,1.0,87.0,0.3333333333333333,0.5454545454545454,,1.0,1.0,0.0,0.0,0.0,0.0,1.0,0.0,0.0,0.0,1.0,0.0,0.0,2.0,6.0,6.0,11.0,3.0,7.0,7.0,13.0,0.0,0.0,1.0,1.0,1.0,0.0,0.0,0.0,0.0,0.0,1.0,87.0,0.3333333333333333,0.5454545454545454,,1.0,1.0,0.0,0.0,0.0,0.0,1.0,0.0,0.0,0.0,1.0,0.0,0.0,2.0,6.0,6.0,11.0,3.0,7.0,7.0,13.0,0.0,0.0,1.0,1.0,1.0,0.0,0.0,0.0,0.0,0.0,1.0,87.0,0.3333333333333333,0.5454545454545454,,1.0,0.0,0.0,0.0,,,,,,,,,,,,,,,,,,,,,,,,,,,,,,,,,,,,,,,,,0.0,,,,,,,,,,,,,,,,,,,,,,,,,,,,,,,,,,,,0.0,,,,,,,,,,,,,,,,,,,,,,,,,,,,,,,,,,,,0.0,,,,,,,,,,,,,,,,,,,,,,,,,,,,,,,,,,,,0.0,0.0,0.0,,0.0,5.0,35.0,,,1.0,0.0,1.0,,,,,,,,,,,,,,,,,,,,,,,,,,,,,,,,,,,,,,,,,1.0,,,,,,,,,,,,,,,,,,,,,,,,,,,,,,,,,,,,1.0,,,,,,,,,,,,,,,,,,,,,,,,,,,,,,,,,,,,1.0,,,,,,,,,,,,,,,,,,,,,,,,,,,,,,,,,,,
f65b000b7e450bcf,1a49e0670dfaca31,1994-09-09,429e7d3725852ce9,08ae5cd9aef7ddd3,Open Weight,0,1,73.0,175.0,,27.742642026009584,Southpaw,Royce Gracie,75.0,235.0,,26.677618069815196,Orthodox,Kimo Leopoldo,Southpaw_vs_Orthodox,7.0,7.0,0.0,1.0,0.14285714285714285,0.8571428571428571,0.0,0.0,1.0,0.14285714285714285,0.8571428571428571,0.0,0.0,0.0,0.0,1.0,0.0,0.0,0.0,1.0,1.8571428571428572,0.5714285714285714,1.2857142857142858,20.0,21.142857142857142,2.0,2.7142857142857144,0.7142857142857143,1.4285714285714286,0.14285714285714285,0.2857142857142857,0.8571428571428571,0.0,0.2857142857142857,0.0,0.0,0.0,1.0,120.28571428571429,0.5384615384615384,0.4444444444444444,0.5,0.5,3.0,1.0,0.0,1.0,0.0,0.0,0.0,0.0,1.0,0.0,0.0,0.0,0.6666666666666666,1.3333333333333333,1.0,2.3333333333333335,36.666666666666664,38.0,4.0,5.333333333333333,0.6666666666666666,1.0,0.3333333333333333,0.3333333333333333,1.3333333333333333,0.0,0.3333333333333333,0.0,0.0,0.0,1.0,155.33333333333334,0.5,0.42857142857142855,0.6666666666666666,1.0,5.0,1.0,0.2,0.8,0.0,0.0,0.0,0.0,1.0,0.0,0.0,0.0,1.2,1.6,0.8,1.8,26.6,27.4,2.8,3.8,0.6,1.2,0.2,0.4,1.0,0.0,0.4,0.0,0.0,0.0,1.0,120.0,0.75,0.4444444444444444,0.5,0.5,7.0,1.0,0.14285714285714285,0.8571428571428571,0.0,0.0,0.0,0.0,1.0,0.0,0.0,0.0,1.0,1.8571428571428572,0.5714285714285714,1.2857142857142858,20.0,21.142857142857142,2.0,2.7142857142857144,0.7142857142857143,1.4285714285714286,0.14285714285714285,0.2857142857142857,0.8571428571428571,0.0,0.2857142857142857,0.0,0.0,0.0,1.0,120.28571428571429,0.5384615384615384,0.4444444444444444,0.5,0.5,0.0,0.0,0.0,,,,,,,,,,,,,,,,,,,,,,,,,,,,,,,,,,,,,,,,,0.0,,,,,,,,,,,,,,,,,,,,,,,,,,,,,,,,,,,,0.0,,,,,,,,,,,,,,,,,,,,,,,,,,,,,,,,,,,,0.0,,,,,,,,,,,,,,,,,,,,,,,,,,,,,,,,,,,,0.0,0.0,0.0,,0.0,-2.0,-60.0,,1.0650239561943877,7.0,7.0,0.0,,,,,,,,,,,,,,,,,,,,,,,,,,,,,,,,,,,,,,,,,3.0,,,,,,,,,,,,,,,,,,,,,,,,,,,,,,,,,,,,5.0,,,,,,,,,,,,,,,,,,,,,,,,,,,,,,,,,,,,7.0,,,,,,,,,,,,,,,,,,,,,,,,,,,,,,,,,,,
040ecf01338dff9e,b60391da771deefe,1994-12-16,c670aa48827d6be6,dedc3bb440d09554,Open Weight,0,1,74.0,250.0,,36.52292950034223,Southpaw,Dan Severn,69.0,185.0,,25.848049281314168,Switch,Anthony Macias,Southpaw_vs_Switch,0.0,0.0,0.0,,,,,,,,,,,,,,,,,,,,,,,,,,,,,,,,,,,,,,,,,0.0,,,,,,,,,,,,,,,,,,,,,,,,,,,,,,,,,,,,0.0,,,,,,,,,,,,,,,,,,,,,,,,,,,,,,,,,,,,0.0,,,,,,,,,,,,,,,,,,,,,,,,,,,,,,,,,,,,0.0,0.0,0.0,,,,,,,,,,,,,,,,,,,,,,,,,,,,,,,,,,,,,,,,,0.0,,,,,,,,,,,,,,,,,,,,,,,,,,,,,,,,,,,,0.0,,,,,,,,,,,,,,,,,,,,,,,,,,,,,,,,,,,,0.0,,,,,,,,,,,,,,,,,,,,,,,,,,,,,,,,,,,,0.0,0.0,0.0,,0.0,5.0,65.0,,10.674880219028061,0.0,0.0,0.0,,,,,,,,,,,,,,,,,,,,,,,,,,,,,,,,,,,,,,,,,0.0,,,,,,,,,,,,,,,,,,,,,,,,,,,,,,,,,,,,0.0,,,,,,,,,,,,,,,,,,,,,,,,,,,,,,,,,,,,0.0,,,,,,,,,,,,,,,,,,,,,,,,,,,,,,,,,,,
0b71ada6c9209fc9,b60391da771deefe,1994-12-16,429e7d3725852ce9,23ab42947c1990e3,Open Weight,0,1,73.0,175.0,,28.01095140314853,Southpaw,Royce Gracie,70.0,190.0,,51.89048596851472,Orthodox,Ron van Clief,Southpaw_vs_Orthodox,8.0,8.0,0.0,1.0,0.125,0.875,0.0,0.0,1.0,0.125,0.875,0.0,0.0,0.0,0.0,1.0,0.0,0.0,0.0,1.125,2.375,1.25,2.25,19.625,21.125,2.5,3.625,0.625,1.5,0.25,0.375,0.875,0.0,0.375,0.125,0.0,0.0,1.0,140.25,0.47368421052631576,0.5555555555555556,0.4166666666666667,0.6666666666666666,3.0,1.0,0.0,1.0,0.0,0.0,0.0,0.0,1.0,0.0,0.0,0.0,1.3333333333333333,3.3333333333333335,3.0,5.333333333333333,42.333333333333336,45.0,6.0,8.666666666666666,0.6666666666666666,1.6666666666666667,0.3333333333333333,0.3333333333333333,1.3333333333333333,0.0,0.3333333333333333,0.3333333333333333,0.0,0.0,1.0,226.33333333333334,0.4,0.5625,0.4,1.0,5.0,1.0,0.2,0.8,0.0,0.0,0.0,0.0,1.0,0.0,0.0,0.0,1.6,2.8,2.0,3.6,27.6,29.2,4.0,5.8,0.6,1.4,0.4,0.4,1.0,0.0,0.4,0.2,0.0,0.0,1.0,164.6,0.5714285714285714,0.5555555555555556,0.42857142857142855,1.0,8.0,1.0,0.125,0.875,0.0,0.0,0.0,0.0,1.0,0.0,0.0,0.0,1.125,2.375,1.25,2.25,19.625,21.125,2.5,3.625,0.625,1.5,0.25,0.375,0.875,0.0,0.375,0.125,0.0,0.0,1.0,140.25,0.47368421052631576,0.5555555555555556,0.4166666666666667,0.6666666666666666,0.0,0.0,0.0,,,,,,,,,,,,,,,,,,,,,,,,,,,,,,,,,,,,,,,,,0.0,,,,,,,,,,,,,,,,,,,,,,,,,,,,,,,,,,,,0.0,,,,,,,,,,,,,,,,,,,,,,,,,,,,,,,,,,,,0.0,,,,,,,,,,,,,,,,,,,,,,,,,,,,,,,,,,,,0.0,0.0,0.0,,0.0,3.0,-15.0,,-23.87953456536619,8.0,8.0,0.0,,,,,,,,,,,,,,,,,,,,,,,,,,,,,,,,,,,,,,,,,3.0,,,,,,,,,,,,,,,,,,,,,,,,,,,,,,,,,,,,5.0,,,,,,,,,,,,,,,,,,,,,,,,,,,,,,,,,,,,8.0,,,,,,,,,,,,,,,,,,,,,,,,,,,,,,,,,,,
7e7d7a488ea21f63,b60391da771deefe,1994-12-16,ad047e3073a775f3,81ca2c245b19b3c5,Open Weight,0,1,70.0,215.0,,31.23066392881588,Orthodox,Steve Jennum,72.0,225.0,,25.418206707734427,Orthodox,Melton Bowen,Orthodox_vs_Orthodox,1.0,1.0,0.0,1.0,1.0,0.0,0.0,0.0,1.0,1.0,0.0,0.0,0.0,0.0,0.0,1.0,0.0,0.0,0.0,6.0,11.0,2.0,6.0,7.0,13.0,3.0,7.0,1.0,1.0,0.0,0.0,0.0,1.0,0.0,0.0,0.0,0.0,1.0,87.0,0.5454545454545454,0.3333333333333333,1.0,,1.0,1.0,1.0,0.0,0.0,0.0,0.0,0.0,1.0,0.0,0.0,0.0,6.0,11.0,2.0,6.0,7.0,13.0,3.0,7.0,1.0,1.0,0.0,0.0,0.0,1.0,0.0,0.0,0.0,0.0,1.0,87.0,0.5454545454545454,0.3333333333333333,1.0,,1.0,1.0,1.0,0.0,0.0,0.0,0.0,0.0,1.0,0.0,0.0,0.0,6.0,11.0,2.0,6.0,7.0,13.0,3.0,7.0,1.0,1.0,0.0,0.0,0.0,1.0,0.0,0.0,0.0,0.0,1.0,87.0,0.5454545454545454,0.3333333333333333,1.0,,1.0,1.0,1.0,0.0,0.0,0.0,0.0,0.0,1.0,0.0,0.0,0.0,6.0,11.0,2.0,6.0,7.0,13.0,3.0,7.0,1.0,1.0,0.0,0.0,0.0,1.0,0.0,0.0,0.0,0.0,1.0,87.0,0.5454545454545454,0.3333333333333333,1.0,,0.0,0.0,0.0,,,,,,,,,,,,,,,,,,,,,,,,,,,,,,,,,,,,,,,,,0.0,,,,,,,,,,,,,,,,,,,,,,,,,,,,,,,,,,,,0.0,,,,,,,,,,,,,,,,,,,,,,,,,,,,,,,,,,,,0.0,,,,,,,,,,,,,,,,,,,,,,,,,,,,,,,,,,,,0.0,0.0,0.0,,0.0,-2.0,-10.0,,5.812457221081452,1.0,1.0,0.0,,,,,,,,,,,,,,,,,,,,,,,,,,,,,,,,,,,,,,,,,1.0,,,,,,,,,,,,,,,,,,,,,,,,,,,,,,,,,,,,1.0,,,,,,,,,,,,,,,,,,,,,,,,,,,,,,,,,,,,1.0,,,,,,,,,,,,,,,,,,,,,,,,,,,,,,,,,,,
8f8f47a728c3127e,b60391da771deefe,1994-12-16,946f341df6472ee0,adea9f0090aa8e14,Open Weight,0,1,73.0,200.0,,26.95687885010267,Orthodox,Guy Mezger,73.0,230.0,,,Unknown,Jason Fairn,Orthodox_vs_Unknown,0.0,0.0,0.0,,,,,,,,,,,,,,,,,,,,,,,,,,,,,,,,,,,,,,,,,0.0,,,,,,,,,,,,,,,,,,,,,,,,,,,,,,,,,,,,0.0,,,,,,,,,,,,,,,,,,,,,,,,,,,,,,,,,,,,0.0,,,,,,,,,,,,,,,,,,,,,,,,,,,,,,,,,,,,0.0,0.0,0.0,,,,,,,,,,,,,,,,,,,,,,,,,,,,,,,,,,,,,,,,,0.0,,,,,,,,,,,,,,,,,,,,,,,,,,,,,,,,,,,,0.0,,,,,,,,,,,,,,,,,,,,,,,,,,,,,,,,,,,,0.0,,,,,,,,,,,,,,,,,,,,,,,,,,,,,,,,,,,,0.0,0.0,0.0,,0.0,0.0,-30.0,,,0.0,0.0,0.0,,,,,,,,,,,,,,,,,,,,,,,,,,,,,,,,,,,,,,,,,0.0,,,,,,,,,,,,,,,,,,,,,,,,,,,,,,,,,,,,0.0,,,,,,,,,,,,,,,,,,,,,,,,,,,,,,,,,,,,0.0,,,,,,,,,,,,,,,,,,,,,,,,,,,,,,,,,,,
9c74c2758a2c7c2e,b60391da771deefe,1994-12-16,429e7d3725852ce9,bf12aca029bfcc47,Open Weight,0,1,73.0,175.0,,28.01095140314853,Southpaw,Royce Gracie,71.0,200.0,,36.67077344284736,Sideways,Keith Hackney,Southpaw_vs_Sideways,9.0,9.0,0.0,1.0,0.1111111111111111,0.8888888888888888,0.0,0.0,1.0,0.1111111111111111,0.8888888888888888,0.0,0.0,0.0,0.0,1.0,0.0,0.0,0.0,1.7777777777777777,3.3333333333333335,1.1111111111111112,2.2222222222222223,20.444444444444443,22.22222222222222,2.2222222222222223,3.4444444444444446,0.6666666666666666,1.4444444444444444,0.2222222222222222,0.3333333333333333,0.8888888888888888,0.0,0.3333333333333333,0.1111111111111111,0.0,0.0,1.0,150.11111111111111,0.5333333333333333,0.5,0.46153846153846156,0.6666666666666666,3.0,1.0,0.0,1.0,0.0,0.0,0.0,0.0,1.0,0.0,0.0,0.0,3.6666666666666665,7.0,3.0,6.0,51.333333333333336,55.333333333333336,6.0,9.333333333333334,0.6666666666666666,1.3333333333333333,0.3333333333333333,0.3333333333333333,1.3333333333333333,0.0,0.3333333333333333,0.3333333333333333,0.0,0.0,1.0,272.3333333333333,0.5238095238095238,0.5,0.5,1.0,5.0,1.0,0.0,1.0,0.0,0.0,0.0,0.0,1.0,0.0,0.0,0.0,2.2,4.2,1.8,3.6,30.8,33.2,3.6,5.6,0.6,1.2,0.4,0.4,1.2,0.0,0.4,0.2,0.0,0.0,1.0,195.0,0.5238095238095238,0.5,0.5,1.0,9.0,1.0,0.1111111111111111,0.8888888888888888,0.0,0.0,0.0,0.0,1.0,0.0,0.0,0.0,1.7777777777777777,3.3333333333333335,1.1111111111111112,2.2222222222222223,20.444444444444443,22.22222222222222,2.2222222222222223,3.4444444444444446,0.6666666666666666,1.4444444444444444,0.2222222222222222,0.3333333333333333,0.8888888888888888,0.0,0.3333333333333333,0.1111111111111111,0.0,0.0,1.0,150.11111111111111,0.5333333333333333,0.5,0.46153846153846156,0.6666666666666666,1.0,1.0,0.0,1.0,1.0,0.0,0.0,0.0,1.0,1.0,0.0,0.0,0.0,0.0,0.0,1.0,0.0,1.0,0.0,34.0,50.0,1.0,5.0,36.0,52.0,4.0,9.0,0.0,0.0,0.0,1.0,0.0,0.0,0.0,0.0,0.0,0.0,1.0,119.0,0.68,0.2,,0.0,1.0,1.0,1.0,0.0,0.0,0.0,0.0,0.0,1.0,0.0,1.0,0.0,34.0,50.0,1.0,5.0,36.0,52.0,4.0,9.0,0.0,0.0,0.0,1.0,0.0,0.0,0.0,0.0,0.0,0.0,1.0,119.0,0.68,0.2,,0.0,1.0,1.0,1.0,0.0,0.0,0.0,0.0,0.0,1.0,0.0,1.0,0.0,34.0,50.0,1.0,5.0,36.0,52.0,4.0,9.0,0.0,0.0,0.0,1.0,0.0,0.0,0.0,0.0,0.0,0.0,1.0,119.0,0.68,0.2,,0.0,1.0,1.0,1.0,0.0,0.0,0.0,0.0,0.0,1.0,0.0,1.0,0.0,34.0,50.0,1.0,5.0,36.0,52.0,4.0,9.0,0.0,0.0,0.0,1.0,0.0,0.0,0.0,0.0,0.0,0.0,1.0,119.0,0.68,0.2,,0.0,0.0,0.0,0.0,,0.0,2.0,-25.0,,-8.659822039698835,8.0,8.0,0.0,0.0,-0.8888888888888888,0.8888888888888888,0.0,0.0,0.0,-0.8888888888888888,0.8888888888888888,0.0,0.0,0.0,0.0,0.0,0.0,-1.0,0.0,-32.22222222222222,-46.666666666666664,0.11111111111111116,-2.7777777777777777,-15.555555555555557,-29.77777777777778,-1.7777777777777777,-5.555555555555555,0.6666666666666666,1.4444444444444444,0.2222222222222222,-0.6666666666666667,0.8888888888888888,0.0,0.3333333333333333,0.1111111111111111,0.0,0.0,0.0,31.111111111111114,-0.14666666666666672,0.3,,0.6666666666666666,2.0,0.0,-1.0,1.0,0.0,0.0,0.0,0.0,0.0,0.0,-1.0,0.0,-30.333333333333332,-43.0,2.0,1.0,15.333333333333336,3.3333333333333357,2.0,0.3333333333333339,0.6666666666666666,1.3333333333333333,0.3333333333333333,-0.6666666666666667,1.3333333333333333,0.0,0.3333333333333333,0.3333333333333333,0.0,0.0,0.0,153.33333333333331,-0.1561904761904762,0.3,,1.0,4.0,0.0,-1.0,1.0,0.0,0.0,0.0,0.0,0.0,0.0,-1.0,0.0,-31.8,-45.8,0.8,-1.4,-5.199999999999999,-18.799999999999997,-0.3999999999999999,-3.4000000000000004,0.6,1.2,0.4,-0.6,1.2,0.0,0.4,0.2,0.0,0.0,0.0,76.0,-0.1561904761904762,0.3,,1.0,8.0,0.0,-0.8888888888888888,0.8888888888888888,0.0,0.0,0.0,0.0,0.0,0.0,-1.0,0.0,-32.22222222222222,-46.666666666666664,0.11111111111111116,-2.7777777777777777,-15.555555555555557,-29.77777777777778,-1.7777777777777777,-5.555555555555555,0.6666666666666666,1.4444444444444444,0.2222222222222222,-0.6666666666666667,0.8888888888888888,0.0,0.3333333333333333,0.1111111111111111,0.0,0.0,0.0,31.111111111111114,-0.14666666666666672,0.3,,0.6666666666666666
a1db4c917777aa79,b60391da771deefe,1994-12-16,19ffeb5e3fffd6d5,598a58db87b890ee,Open Weight,0,1,73.0,260.0,,,Southpaw,Joe Charles,76.0,275.0,,,Orthodox,Kevin Rosier,Southpaw_vs_Orthodox,0.0,0.0,0.0,,,,,,,,,,,,,,,,,,,,,,,,,,,,,,,,,,,,,,,,,0.0,,,,,,,,,,,,,,,,,,,,,,,,,,,,,,,,,,,,0.0,,,,,,,,,,,,,,,,,,,,,,,,,,,,,,,,,,,,0.0,,,,,,,,,,,,,,,,,,,,,,,,,,,,,,,,,,,,2.0,1.0,1.0,0.5,0.5,0.0,0.0,0.5,0.5,0.5,0.0,0.0,0.5,0.0,0.0,0.5,0.5,1.0,0.5,7.5,15.0,11.5,22.5,19.0,28.0,12.0,23.0,0.0,0.0,0.0,0.0,0.0,0.0,0.0,0.0,0.0,0.0,1.0,159.5,0.5,0.5111111111111111,,,2.0,0.5,0.5,0.0,0.0,0.5,0.0,0.0,0.5,0.5,1.0,0.5,7.5,15.0,11.5,22.5,19.0,28.0,12.0,23.0,0.0,0.0,0.0,0.0,0.0,0.0,0.0,0.0,0.0,0.0,1.0,159.5,0.5,0.5111111111111111,,,2.0,0.5,0.5,0.0,0.0,0.5,0.0,0.0,0.5,0.5,1.0,0.5,7.5,15.0,11.5,22.5,19.0,28.0,12.0,23.0,0.0,0.0,0.0,0.0,0.0,0.0,0.0,0.0,0.0,0.0,1.0,159.5,0.5,0.5111111111111111,,,2.0,0.5,0.5,0.0,0.0,0.5,0.0,0.0,0.5,0.5,1.0,0.5,7.5,15.0,11.5,22.5,19.0,28.0,12.0,23.0,0.0,0.0,0.0,0.0,0.0,0.0,0.0,0.0,0.0,0.0,1.0,159.5,0.5,0.5111111111111111,,,0.0,0.0,0.0,,0.0,-3.0,-15.0,,,-2.0,-1.0,-1.0,,,,,,,,,,,,,,,,,,,,,,,,,,,,,,,,,,,,,,,,,-2.0,,,,,,,,,,,,,,,,,,,,,,,,,,,,,,,,,,,,-2.0,,,,,,,,,,,,,,,,,,,,,,,,,,,,,,,,,,,,-2.0,,,,,,,,,,,,,,,,,,,,,,,,,,,,,,,,,,,
b80e6a799c95d499,b60391da771deefe,1994-12-16,e8fb8e53bc2e29d6,ee5df903f80c6816,Open Weight,0,1,73.0,215.0,,,Orthodox,Marcus Bossett,71.0,180.0,,30.417522245037645,Unknown,Eldo Xavier Dias,Orthodox_vs_Unknown,0.0,0.0,0.0,,,,,,,,,,,,,,,,,,,,,,,,,,,,,,,,,,,,,,,,,0.0,,,,,,,,,,,,,,,,,,,,,,,,,,,,,,,,,,,,0.0,,,,,,,,,,,,,,,,,,,,,,,,,,,,,,,,,,,,0.0,,,,,,,,,,,,,,,,,,,,,,,,,,,,,,,,,,,,0.0,0.0,0.0,,,,,,,,,,,,,,,,,,,,,,,,,,,,,,,,,,,,,,,,,0.0,,,,,,,,,,,,,,,,,,,,,,,,,,,,,,,,,,,,0.0,,,,,,,,,,,,,,,,,,,,,,,,,,,,,,,,,,,,0.0,,,,,,,,,,,,,,,,,,,,,,,,,,,,,,,,,,,,0.0,0.0,0.0,,0.0,2.0,35.0,,,0.0,0.0,0.0,,,,,,,,,,,,,,,,,,,,,,,,,,,,,,,,,,,,,,,,,0.0,,,,,,,,,,,,,,,,,,,,,,,,,,,,,,,,,,,,0.0,,,,,,,,,,,,,,,,,,,,,,,,,,,,,,,,,,,,0.0,,,,,,,,,,,,,,,,,,,,,,,,,,,,,,,,,,,
ccccc0a22b05eac6,b60391da771deefe,1994-12-16,bf12aca029bfcc47,83b743fedde154fb,Open Weight,0,1,71.0,200.0,,36.67077344284736,Sideways,Keith Hackney,64.0,236.0,,24.06570841889117,Orthodox,Joe Son,Sideways_vs_Orthodox,2.0,1.0,1.0,0.5,0.5,0.0,0.0,0.5,0.5,0.5,0.0,0.0,0.0,0.5,0.0,0.5,0.5,0.5,0.0,19.0,31.5,6.0,14.0,21.5,34.0,24.5,33.5,0.0,0.0,0.0,1.5,0.0,1.5,0.0,0.0,0.0,0.0,1.0,225.5,0.6031746031746031,0.42857142857142855,,0.0,2.0,0.5,0.5,0.0,0.0,0.0,0.5,0.0,0.5,0.5,0.5,0.0,19.0,31.5,6.0,14.0,21.5,34.0,24.5,33.5,0.0,0.0,0.0,1.5,0.0,1.5,0.0,0.0,0.0,0.0,1.0,225.5,0.6031746031746031,0.42857142857142855,,0.0,2.0,0.5,0.5,0.0,0.0,0.0,0.5,0.0,0.5,0.5,0.5,0.0,19.0,31.5,6.0,14.0,21.5,34.0,24.5,33.5,0.0,0.0,0.0,1.5,0.0,1.5,0.0,0.0,0.0,0.0,1.0,225.5,0.6031746031746031,0.42857142857142855,,0.0,2.0,0.5,0.5,0.0,0.0,0.0,0.5,0.0,0.5,0.5,0.5,0.0,19.0,31.5,6.0,14.0,21.5,34.0,24.5,33.5,0.0,0.0,0.0,1.5,0.0,1.5,0.0,0.0,0.0,0.0,1.0,225.5,0.6031746031746031,0.42857142857142855,,0.0,0.0,0.0,0.0,,,,,,,,,,,,,,,,,,,,,,,,,,,,,,,,,,,,,,,,,0.0,,,,,,,,,,,,,,,,,,,,,,,,,,,,,,,,,,,,0.0,,,,,,,,,,,,,,,,,,,,,,,,,,,,,,,,,,,,0.0,,,,,,,,,,,,,,,,,,,,,,,,,,,,,,,,,,,,0.0,0.0,0.0,,0.0,7.0,-36.0,,12.605065023956193,2.0,1.0,1.0,,,,,,,,,,,,,,,,,,,,,,,,,,,,,,,,,,,,,,,,,2.0,,,,,,,,,,,,,,,,,,,,,,,,,,,,,,,,,,,,2.0,,,,,,,,,,,,,,,,,,,,,,,,,,,,,,,,,,,,2.0,,,,,,,,,,,,,,,,,,,,,,,,,,,,,,,,,,,
e65a23b80c869456,b60391da771deefe,1994-12-16,c670aa48827d6be6,e8fb8e53bc2e29d6,Open Weight,0,1,74.0,250.0,,36.52292950034223,Southpaw,Dan Severn,73.0,215.0,,,Orthodox,Marcus Bossett,Southpaw_vs_Orthodox,1.0,1.0,0.0,1.0,0.0,1.0,0.0,0.0,1.0,0.0,1.0,0.0,0.0,0.0,0.0,1.0,0.0,0.0,0.0,0.0,0.0,8.0,9.0,0.0,0.0,12.0,14.0,2.0,5.0,0.0,0.0,1.0,0.0,0.0,0.0,0.0,0.0,1.0,105.0,,0.8888888888888888,0.4,,1.0,1.0,0.0,1.0,0.0,0.0,0.0,0.0,1.0,0.0,0.0,0.0,0.0,0.0,8.0,9.0,0.0,0.0,12.0,14.0,2.0,5.0,0.0,0.0,1.0,0.0,0.0,0.0,0.0,0.0,1.0,105.0,,0.8888888888888888,0.4,,1.0,1.0,0.0,1.0,0.0,0.0,0.0,0.0,1.0,0.0,0.0,0.0,0.0,0.0,8.0,9.0,0.0,0.0,12.0,14.0,2.0,5.0,0.0,0.0,1.0,0.0,0.0,0.0,0.0,0.0,1.0,105.0,,0.8888888888888888,0.4,,1.0,1.0,0.0,1.0,0.0,0.0,0.0,0.0,1.0,0.0,0.0,0.0,0.0,0.0,8.0,9.0,0.0,0.0,12.0,14.0,2.0,5.0,0.0,0.0,1.0,0.0,0.0,0.0,0.0,0.0,1.0,105.0,,0.8888888888888888,0.4,,1.0,1.0,0.0,1.0,1.0,0.0,0.0,0.0,1.0,1.0,0.0,0.0,0.0,0.0,0.0,1.0,0.0,0.0,0.0,0.0,0.0,0.0,0.0,0.0,0.0,0.0,0.0,0.0,0.0,0.0,0.0,0.0,0.0,0.0,0.0,0.0,0.0,0.0,295.0,,,,,1.0,1.0,1.0,0.0,0.0,0.0,0.0,0.0,1.0,0.0,0.0,0.0,0.0,0.0,0.0,0.0,0.0,0.0,0.0,0.0,0.0,0.0,0.0,0.0,0.0,0.0,0.0,0.0,0.0,0.0,0.0,295.0,,,,,1.0,1.0,1.0,0.0,0.0,0.0,0.0,0.0,1.0,0.0,0.0,0.0,0.0,0.0,0.0,0.0,0.0,0.0,0.0,0.0,0.0,0.0,0.0,0.0,0.0,0.0,0.0,0.0,0.0,0.0,0.0,295.0,,,,,1.0,1.0,1.0,0.0,0.0,0.0,0.0,0.0,1.0,0.0,0.0,0.0,0.0,0.0,0.0,0.0,0.0,0.0,0.0,0.0,0.0,0.0,0.0,0.0,0.0,0.0,0.0,0.0,0.0,0.0,0.0,295.0,,,,,0.0,0.0,0.0,,0.0,1.0,35.0,,,0.0,0.0,0.0,0.0,-1.0,1.0,0.0,0.0,0.0,-1.0,1.0,0.0,0.0,0.0,0.0,0.0,0.0,0.0,0.0,0.0,0.0,8.0,9.0,0.0,0.0,12.0,14.0,2.0,5.0,0.0,0.0,1.0,0.0,0.0,0.0,0.0,0.0,1.0,-190.0,,,,,0.0,0.0,-1.0,1.0,0.0,0.0,0.0,0.0,0.0,0.0,0.0,0.0,0.0,0.0,8.0,9.0,0.0,0.0,12.0,14.0,2.0,5.0,0.0,0.0,1.0,0.0,0.0,0.0,0.0,0.0,1.0,-190.0,,,,,0.0,0.0,-1.0,1.0,0.0,0.0,0.0,0.0,0.0,0.0,0.0,0.0,0.0,0.0,8.0,9.0,0.0,0.0,12.0,14.0,2.0,5.0,0.0,0.0,1.0,0.0,0.0,0.0,0.0,0.0,1.0,-190.0,,,,,0.0,0.0,-1.0,1.0,0.0,0.0,0.0,0.0,0.0,0.0,0.0,0.0,0.0,0.0,8.0,9.0,0.0,0.0,12.0,14.0,2.0,5.0,0.0,0.0,1.0,0.0,0.0,0.0,0.0,0.0,1.0,-190.0,,,,
f29eec19aa5c1303,b60391da771deefe,1994-12-16,429e7d3725852ce9,c670aa48827d6be6,4 Tournament,1,1,73.0,175.0,,28.01095140314853,Southpaw,Royce Gracie,74.0,250.0,,36.52292950034223,Southpaw,Dan Severn,Southpaw_vs_Southpaw,10.0,10.0,0.0,1.0,0.1,0.9,0.0,0.0,1.0,0.1,0.9,0.0,0.0,0.0,0.0,1.0,0.0,0.0,0.0,2.7,5.3,1.4,3.3,22.9,25.8,2.7,4.7,0.6,1.5,0.2,0.3,1.1,0.0,0.3,0.1,0.0,0.0,1.0,168.3,0.5094339622641509,0.42424242424242425,0.4,0.6666666666666666,3.0,1.0,0.0,1.0,0.0,0.0,0.0,0.0,1.0,0.0,0.0,0.0,6.666666666666667,13.333333333333334,3.3333333333333335,8.0,29.666666666666668,36.666666666666664,4.333333333333333,9.333333333333334,0.3333333333333333,1.6666666666666667,0.3333333333333333,0.3333333333333333,1.6666666666666667,0.0,0.3333333333333333,0.3333333333333333,0.0,0.0,1.0,280.3333333333333,0.5,0.4166666666666667,0.2,1.0,5.0,1.0,0.0,1.0,0.0,0.0,0.0,0.0,1.0,0.0,0.0,0.0,4.4,8.8,2.6,6.2,39.8,44.8,5.0,8.8,0.6,1.6,0.2,0.2,1.6,0.0,0.2,0.2,0.0,0.0,1.0,248.0,0.5,0.41935483870967744,0.375,1.0,10.0,1.0,0.1,0.9,0.0,0.0,0.0,0.0,1.0,0.0,0.0,0.0,2.7,5.3,1.4,3.3,22.9,25.8,2.7,4.7,0.6,1.5,0.2,0.3,1.1,0.0,0.3,0.1,0.0,0.0,1.0,168.3,0.5094339622641509,0.42424242424242425,0.4,0.6666666666666666,2.0,2.0,0.0,1.0,0.0,1.0,0.0,0.0,1.0,0.0,1.0,0.0,0.0,0.0,0.0,1.0,0.0,0.0,0.0,0.0,0.0,4.5,5.5,0.0,0.0,7.0,8.5,1.5,3.0,0.0,0.0,1.0,0.0,0.0,0.0,0.0,0.0,1.0,78.5,,0.8181818181818182,0.5,,2.0,1.0,0.0,1.0,0.0,0.0,0.0,0.0,1.0,0.0,0.0,0.0,0.0,0.0,4.5,5.5,0.0,0.0,7.0,8.5,1.5,3.0,0.0,0.0,1.0,0.0,0.0,0.0,0.0,0.0,1.0,78.5,,0.8181818181818182,0.5,,2.0,1.0,0.0,1.0,0.0,0.0,0.0,0.0,1.0,0.0,0.0,0.0,0.0,0.0,4.5,5.5,0.0,0.0,7.0,8.5,1.5,3.0,0.0,0.0,1.0,0.0,0.0,0.0,0.0,0.0,1.0,78.5,,0.8181818181818182,0.5,,2.0,1.0,0.0,1.0,0.0,0.0,0.0,0.0,1.0,0.0,0.0,0.0,0.0,0.0,4.5,5.5,0.0,0.0,7.0,8.5,1.5,3.0,0.0,0.0,1.0,0.0,0.0,0.0,0.0,0.0,1.0,78.5,,0.8181818181818182,0.5,,0.0,0.0,0.0,,0.0,-1.0,-75.0,,-8.511978097193701,8.0,8.0,0.0,0.0,0.1,-0.09999999999999998,0.0,0.0,0.0,0.1,-0.09999999999999998,0.0,0.0,0.0,0.0,0.0,0.0,0.0,0.0,2.7,5.3,-3.1,-2.2,22.9,25.8,-4.3,-3.8,-0.9,-1.5,0.2,0.3,0.10000000000000009,0.0,0.3,0.1,0.0,0.0,0.0,89.80000000000001,,-0.393939393939394,-0.09999999999999998,,1.0,0.0,0.0,0.0,0.0,0.0,0.0,0.0,0.0,0.0,0.0,0.0,6.666666666666667,13.333333333333334,-1.1666666666666665,2.5,29.666666666666668,36.666666666666664,-2.666666666666667,0.8333333333333339,-1.1666666666666667,-1.3333333333333333,0.3333333333333333,0.3333333333333333,0.6666666666666667,0.0,0.3333333333333333,0.3333333333333333,0.0,0.0,0.0,201.83333333333331,,-0.40151515151515155,-0.3,,3.0,0.0,0.0,0.0,0.0,0.0,0.0,0.0,0.0,0.0,0.0,0.0,4.4,8.8,-1.9,0.7000000000000002,39.8,44.8,-2.0,0.3000000000000007,-0.9,-1.4,0.2,0.2,0.6000000000000001,0.0,0.2,0.2,0.0,0.0,0.0,169.5,,-0.3988269794721408,-0.125,,8.0,0.0,0.1,-0.09999999999999998,0.0,0.0,0.0,0.0,0.0,0.0,0.0,0.0,2.7,5.3,-3.1,-2.2,22.9,25.8,-4.3,-3.8,-0.9,-1.5,0.2,0.3,0.10000000000000009,0.0,0.3,0.1,0.0,0.0,0.0,89.80000000000001,,-0.393939393939394,-0.09999999999999998,
2308e0da38efd4ba,dedc3bb440d09554,1995-04-07,c670aa48827d6be6,19ffeb5e3fffd6d5,Open Weight,0,1,74.0,250.0,,36.82956878850103,Southpaw,Dan Severn,73.0,260.0,,,Southpaw,Joe Charles,Southpaw_vs_Southpaw,3.0,2.0,1.0,0.6666666666666666,0.0,0.6666666666666666,0.0,0.3333333333333333,0.6666666666666666,0.0,0.6666666666666666,0.0,0.0,0.3333333333333333,0.0,0.6666666666666666,0.3333333333333333,0.0,0.0,1.3333333333333333,2.3333333333333335,3.0,5.0,9.0,14.333333333333334,31.333333333333332,33.666666666666664,1.3333333333333333,2.3333333333333335,0.0,0.0,0.6666666666666666,1.0,0.0,0.0,0.0,0.0,1.0,368.6666666666667,0.5714285714285714,0.6,0.5714285714285714,,3.0,0.6666666666666666,0.0,0.6666666666666666,0.0,0.0,0.3333333333333333,0.0,0.6666666666666666,0.3333333333333333,0.0,0.0,1.3333333333333333,2.3333333333333335,3.0,5.0,9.0,14.333333333333334,31.333333333333332,33.666666666666664,1.3333333333333333,2.3333333333333335,0.0,0.0,0.6666666666666666,1.0,0.0,0.0,0.0,0.0,1.0,368.6666666666667,0.5714285714285714,0.6,0.5714285714285714,,3.0,0.6666666666666666,0.0,0.6666666666666666,0.0,0.0,0.3333333333333333,0.0,0.6666666666666666,0.3333333333333333,0.0,0.0,1.3333333333333333,2.3333333333333335,3.0,5.0,9.0,14.333333333333334,31.333333333333332,33.666666666666664,1.3333333333333333,2.3333333333333335,0.0,0.0,0.6666666666666666,1.0,0.0,0.0,0.0,0.0,1.0,368.6666666666667,0.5714285714285714,0.6,0.5714285714285714,,3.0,0.6666666666666666,0.0,0.6666666666666666,0.0,0.0,0.3333333333333333,0.0,0.6666666666666666,0.3333333333333333,0.0,0.0,1.3333333333333333,2.3333333333333335,3.0,5.0,9.0,14.333333333333334,31.333333333333332,33.666666666666664,1.3333333333333333,2.3333333333333335,0.0,0.0,0.6666666666666666,1.0,0.0,0.0,0.0,0.0,1.0,368.6666666666667,0.5714285714285714,0.6,0.5714285714285714,,1.0,1.0,0.0,1.0,0.0,1.0,0.0,0.0,1.0,0.0,1.0,0.0,0.0,0.0,0.0,1.0,0.0,0.0,0.0,0.0,0.0,0.0,0.0,0.0,0.0,0.0,0.0,0.0,0.0,0.0,0.0,0.0,0.0,0.0,0.0,0.0,0.0,0.0,14.0,,,,,1.0,1.0,0.0,1.0,0.0,0.0,0.0,0.0,1.0,0.0,0.0,0.0,0.0,0.0,0.0,0.0,0.0,0.0,0.0,0.0,0.0,0.0,0.0,0.0,0.0,0.0,0.0,0.0,0.0,0.0,0.0,14.0,,,,,1.0,1.0,0.0,1.0,0.0,0.0,0.0,0.0,1.0,0.0,0.0,0.0,0.0,0.0,0.0,0.0,0.0,0.0,0.0,0.0,0.0,0.0,0.0,0.0,0.0,0.0,0.0,0.0,0.0,0.0,0.0,14.0,,,,,1.0,1.0,0.0,1.0,0.0,0.0,0.0,0.0,1.0,0.0,0.0,0.0,0.0,0.0,0.0,0.0,0.0,0.0,0.0,0.0,0.0,0.0,0.0,0.0,0.0,0.0,0.0,0.0,0.0,0.0,0.0,14.0,,,,,0.0,0.0,0.0,,0.0,1.0,-10.0,,,2.0,1.0,1.0,-0.33333333333333337,0.0,-0.33333333333333337,0.0,0.3333333333333333,-0.33333333333333337,0.0,-0.33333333333333337,0.0,0.0,0.3333333333333333,0.0,-0.33333333333333337,0.3333333333333333,0.0,0.0,1.3333333333333333,2.3333333333333335,3.0,5.0,9.0,14.333333333333334,31.333333333333332,33.666666666666664,1.3333333333333333,2.3333333333333335,0.0,0.0,0.6666666666666666,1.0,0.0,0.0,0.0,0.0,1.0,354.6666666666667,,,,,2.0,-0.33333333333333337,0.0,-0.33333333333333337,0.0,0.0,0.3333333333333333,0.0,-0.33333333333333337,0.3333333333333333,0.0,0.0,1.3333333333333333,2.3333333333333335,3.0,5.0,9.0,14.333333333333334,31.333333333333332,33.666666666666664,1.3333333333333333,2.3333333333333335,0.0,0.0,0.6666666666666666,1.0,0.0,0.0,0.0,0.0,1.0,354.6666666666667,,,,,2.0,-0.33333333333333337,0.0,-0.33333333333333337,0.0,0.0,0.3333333333333333,0.0,-0.33333333333333337,0.3333333333333333,0.0,0.0,1.3333333333333333,2.3333333333333335,3.0,5.0,9.0,14.333333333333334,31.333333333333332,33.666666666666664,1.3333333333333333,2.3333333333333335,0.0,0.0,0.6666666666666666,1.0,0.0,0.0,0.0,0.0,1.0,354.6666666666667,,,,,2.0,-0.33333333333333337,0.0,-0.33333333333333337,0.0,0.0,0.3333333333333333,0.0,-0.33333333333333337,0.3333333333333333,0.0,0.0,1.3333333333333333,2.3333333333333335,3.0,5.0,9.0,14.333333333333334,31.333333333333332,33.666666666666664,1.3333333333333333,2.3333333333333335,0.0,0.0,0.6666666666666666,1.0,0.0,0.0,0.0,0.0,1.0,354.6666666666667,,,,
43c2c904e1574c59,dedc3bb440d09554,1995-04-07,b60391da771deefe,46f11d15c0134fe3,Open Weight,0,1,70.0,193.0,,24.93634496919918,Southpaw,Todd Medina,74.0,240.0,,,Orthodox,Larry Cureton,Southpaw_vs_Orthodox,0.0,0.0,0.0,,,,,,,,,,,,,,,,,,,,,,,,,,,,,,,,,,,,,,,,,0.0,,,,,,,,,,,,,,,,,,,,,,,,,,,,,,,,,,,,0.0,,,,,,,,,,,,,,,,,,,,,,,,,,,,,,,,,,,,0.0,,,,,,,,,,,,,,,,,,,,,,,,,,,,,,,,,,,,0.0,0.0,0.0,,,,,,,,,,,,,,,,,,,,,,,,,,,,,,,,,,,,,,,,,0.0,,,,,,,,,,,,,,,,,,,,,,,,,,,,,,,,,,,,0.0,,,,,,,,,,,,,,,,,,,,,,,,,,,,,,,,,,,,0.0,,,,,,,,,,,,,,,,,,,,,,,,,,,,,,,,,,,,0.0,0.0,0.0,,0.0,-4.0,-47.0,,,0.0,0.0,0.0,,,,,,,,,,,,,,,,,,,,,,,,,,,,,,,,,,,,,,,,,0.0,,,,,,,,,,,,,,,,,,,,,,,,,,,,,,,,,,,,0.0,,,,,,,,,,,,,,,,,,,,,,,,,,,,,,,,,,,,0.0,,,,,,,,,,,,,,,,,,,,,,,,,,,,,,,,,,,
6ca94b35719eb300,dedc3bb440d09554,1995-04-07,c670aa48827d6be6,9fd1f08dd4aec14a,5 Tournament,1,1,74.0,250.0,,36.82956878850103,Southpaw,Dan Severn,74.0,250.0,,,Orthodox,Dave Beneteau,Southpaw_vs_Orthodox,4.0,3.0,1.0,0.75,0.0,0.75,0.0,0.25,0.75,0.0,0.75,0.0,0.0,0.25,0.0,0.75,0.25,0.0,0.0,1.5,2.75,2.5,4.0,9.75,15.5,23.75,25.75,1.25,2.0,0.0,0.0,0.75,0.75,0.0,0.0,0.0,0.0,1.0,301.0,0.5454545454545454,0.625,0.625,,3.0,0.6666666666666666,0.0,0.6666666666666666,0.0,0.0,0.3333333333333333,0.0,0.6666666666666666,0.3333333333333333,0.0,0.0,2.0,3.6666666666666665,0.6666666666666666,2.3333333333333335,13.0,20.666666666666668,27.666666666666668,29.666666666666668,1.0,1.0,0.0,0.0,0.6666666666666666,1.0,0.0,0.0,0.0,0.0,1.0,366.3333333333333,0.5454545454545454,0.2857142857142857,1.0,,4.0,0.75,0.0,0.75,0.0,0.0,0.25,0.0,0.75,0.25,0.0,0.0,1.5,2.75,2.5,4.0,9.75,15.5,23.75,25.75,1.25,2.0,0.0,0.0,0.75,0.75,0.0,0.0,0.0,0.0,1.0,301.0,0.5454545454545454,0.625,0.625,,4.0,0.75,0.0,0.75,0.0,0.0,0.25,0.0,0.75,0.25,0.0,0.0,1.5,2.75,2.5,4.0,9.75,15.5,23.75,25.75,1.25,2.0,0.0,0.0,0.75,0.75,0.0,0.0,0.0,0.0,1.0,301.0,0.5454545454545454,0.625,0.625,,0.0,0.0,0.0,,,,,,,,,,,,,,,,,,,,,,,,,,,,,,,,,,,,,,,,,0.0,,,,,,,,,,,,,,,,,,,,,,,,,,,,,,,,,,,,0.0,,,,,,,,,,,,,,,,,,,,,,,,,,,,,,,,,,,,0.0,,,,,,,,,,,,,,,,,,,,,,,,,,,,,,,,,,,,0.0,0.0,0.0,,0.0,0.0,0.0,,,4.0,3.0,1.0,,,,,,,,,,,,,,,,,,,,,,,,,,,,,,,,,,,,,,,,,3.0,,,,,,,,,,,,,,,,,,,,,,,,,,,,,,,,,,,,4.0,,,,,,,,,,,,,,,,,,,,,,,,,,,,,,,,,,,,4.0,,,,,,,,,,,,,,,,,,,,,,,,,,,,,,,,,,,
802c0e4e228996ac,dedc3bb440d09554,1995-04-07,9fd1f08dd4aec14a,2a7afe14b3a0a058,Open Weight,0,1,74.0,250.0,,,Orthodox,Dave Beneteau,70.0,225.0,,,Unknown,Asbel Cancio,Orthodox_vs_Unknown,1.0,0.0,1.0,0.0,0.0,0.0,0.0,1.0,0.0,0.0,0.0,0.0,0.0,1.0,0.0,0.0,1.0,0.0,0.0,2.0,6.0,2.0,3.0,5.0,10.0,11.0,13.0,0.0,0.0,1.0,1.0,0.0,1.0,0.0,0.0,0.0,0.0,1.0,181.0,0.3333333333333333,0.6666666666666666,,1.0,1.0,0.0,0.0,0.0,0.0,0.0,1.0,0.0,0.0,1.0,0.0,0.0,2.0,6.0,2.0,3.0,5.0,10.0,11.0,13.0,0.0,0.0,1.0,1.0,0.0,1.0,0.0,0.0,0.0,0.0,1.0,181.0,0.3333333333333333,0.6666666666666666,,1.0,1.0,0.0,0.0,0.0,0.0,0.0,1.0,0.0,0.0,1.0,0.0,0.0,2.0,6.0,2.0,3.0,5.0,10.0,11.0,13.0,0.0,0.0,1.0,1.0,0.0,1.0,0.0,0.0,0.0,0.0,1.0,181.0,0.3333333333333333,0.6666666666666666,,1.0,1.0,0.0,0.0,0.0,0.0,0.0,1.0,0.0,0.0,1.0,0.0,0.0,2.0,6.0,2.0,3.0,5.0,10.0,11.0,13.0,0.0,0.0,1.0,1.0,0.0,1.0,0.0,0.0,0.0,0.0,1.0,181.0,0.3333333333333333,0.6666666666666666,,1.0,0.0,0.0,0.0,,,,,,,,,,,,,,,,,,,,,,,,,,,,,,,,,,,,,,,,,0.0,,,,,,,,,,,,,,,,,,,,,,,,,,,,,,,,,,,,0.0,,,,,,,,,,,,,,,,,,,,,,,,,,,,,,,,,,,,0.0,,,,,,,,,,,,,,,,,,,,,,,,,,,,,,,,,,,,0.0,0.0,0.0,,0.0,4.0,25.0,,,1.0,0.0,1.0,,,,,,,,,,,,,,,,,,,,,,,,,,,,,,,,,,,,,,,,,1.0,,,,,,,,,,,,,,,,,,,,,,,,,,,,,,,,,,,,1.0,,,,,,,,,,,,,,,,,,,,,,,,,,,,,,,,,,,,1.0,,,,,,,,,,,,,,,,,,,,,,,,,,,,,,,,,,,
cbf3fc8730b4ad09,dedc3bb440d09554,1995-04-07,c670aa48827d6be6,1dc56b59cb28425d,Open Weight,0,1,74.0,250.0,,36.82956878850103,Southpaw,Dan Severn,72.0,210.0,,27.613963039014372,Orthodox,Oleg Taktarov,Southpaw_vs_Orthodox,5.0,4.0,1.0,0.8,0.0,0.8,0.0,0.2,0.8,0.0,0.8,0.0,0.0,0.2,0.0,0.8,0.2,0.0,0.0,1.6,2.8,2.4,4.4,10.0,15.0,20.0,22.6,1.2,1.8,0.0,0.0,0.8,0.6,0.0,0.0,0.0,0.0,1.0,277.0,0.5714285714285714,0.5454545454545454,0.6666666666666666,,3.0,0.6666666666666666,0.0,0.6666666666666666,0.0,0.0,0.3333333333333333,0.0,0.6666666666666666,0.3333333333333333,0.0,0.0,2.6666666666666665,4.666666666666667,1.0,3.6666666666666665,16.666666666666668,25.0,28.666666666666668,32.0,1.0,1.0,0.0,0.0,0.6666666666666666,1.0,0.0,0.0,0.0,0.0,1.0,409.3333333333333,0.5714285714285714,0.2727272727272727,1.0,,5.0,0.8,0.0,0.8,0.0,0.0,0.2,0.0,0.8,0.2,0.0,0.0,1.6,2.8,2.4,4.4,10.0,15.0,20.0,22.6,1.2,1.8,0.0,0.0,0.8,0.6,0.0,0.0,0.0,0.0,1.0,277.0,0.5714285714285714,0.5454545454545454,0.6666666666666666,,5.0,0.8,0.0,0.8,0.0,0.0,0.2,0.0,0.8,0.2,0.0,0.0,1.6,2.8,2.4,4.4,10.0,15.0,20.0,22.6,1.2,1.8,0.0,0.0,0.8,0.6,0.0,0.0,0.0,0.0,1.0,277.0,0.5714285714285714,0.5454545454545454,0.6666666666666666,,0.0,0.0,0.0,,,,,,,,,,,,,,,,,,,,,,,,,,,,,,,,,,,,,,,,,0.0,,,,,,,,,,,,,,,,,,,,,,,,,,,,,,,,,,,,0.0,,,,,,,,,,,,,,,,,,,,,,,,,,,,,,,,,,,,0.0,,,,,,,,,,,,,,,,,,,,,,,,,,,,,,,,,,,,0.0,0.0,0.0,,0.0,2.0,40.0,,9.215605749486656,5.0,4.0,1.0,,,,,,,,,,,,,,,,,,,,,,,,,,,,,,,,,,,,,,,,,3.0,,,,,,,,,,,,,,,,,,,,,,,,,,,,,,,,,,,,5.0,,,,,,,,,,,,,,,,,,,,,,,,,,,,,,,,,,,,5.0,,,,,,,,,,,,,,,,,,,,,,,,,,,,,,,,,,,
db4c169722cf1e33,dedc3bb440d09554,1995-04-07,9fd1f08dd4aec14a,b60391da771deefe,Open Weight,0,1,74.0,250.0,,,Orthodox,Dave Beneteau,70.0,193.0,,24.93634496919918,Southpaw,Todd Medina,Orthodox_vs_Southpaw,2.0,1.0,1.0,0.5,0.5,0.0,0.0,0.5,0.5,0.5,0.0,0.0,0.0,0.5,0.0,0.5,0.5,0.0,0.0,7.0,12.0,1.0,1.5,8.5,14.0,5.5,6.5,0.5,0.5,0.5,0.5,0.0,0.5,0.0,0.0,0.0,0.0,1.0,101.0,0.5833333333333334,0.6666666666666666,1.0,1.0,2.0,0.5,0.5,0.0,0.0,0.0,0.5,0.0,0.5,0.5,0.0,0.0,7.0,12.0,1.0,1.5,8.5,14.0,5.5,6.5,0.5,0.5,0.5,0.5,0.0,0.5,0.0,0.0,0.0,0.0,1.0,101.0,0.5833333333333334,0.6666666666666666,1.0,1.0,2.0,0.5,0.5,0.0,0.0,0.0,0.5,0.0,0.5,0.5,0.0,0.0,7.0,12.0,1.0,1.5,8.5,14.0,5.5,6.5,0.5,0.5,0.5,0.5,0.0,0.5,0.0,0.0,0.0,0.0,1.0,101.0,0.5833333333333334,0.6666666666666666,1.0,1.0,2.0,0.5,0.5,0.0,0.0,0.0,0.5,0.0,0.5,0.5,0.0,0.0,7.0,12.0,1.0,1.5,8.5,14.0,5.5,6.5,0.5,0.5,0.5,0.5,0.0,0.5,0.0,0.0,0.0,0.0,1.0,101.0,0.5833333333333334,0.6666666666666666,1.0,1.0,1.0,1.0,0.0,1.0,0.0,1.0,0.0,0.0,1.0,0.0,1.0,0.0,0.0,0.0,0.0,1.0,0.0,0.0,0.0,4.0,4.0,1.0,2.0,64.0,66.0,15.0,16.0,1.0,1.0,0.0,0.0,1.0,0.0,0.0,0.0,0.0,0.0,1.0,175.0,1.0,0.5,1.0,,1.0,1.0,0.0,1.0,0.0,0.0,0.0,0.0,1.0,0.0,0.0,0.0,4.0,4.0,1.0,2.0,64.0,66.0,15.0,16.0,1.0,1.0,0.0,0.0,1.0,0.0,0.0,0.0,0.0,0.0,1.0,175.0,1.0,0.5,1.0,,1.0,1.0,0.0,1.0,0.0,0.0,0.0,0.0,1.0,0.0,0.0,0.0,4.0,4.0,1.0,2.0,64.0,66.0,15.0,16.0,1.0,1.0,0.0,0.0,1.0,0.0,0.0,0.0,0.0,0.0,1.0,175.0,1.0,0.5,1.0,,1.0,1.0,0.0,1.0,0.0,0.0,0.0,0.0,1.0,0.0,0.0,0.0,4.0,4.0,1.0,2.0,64.0,66.0,15.0,16.0,1.0,1.0,0.0,0.0,1.0,0.0,0.0,0.0,0.0,0.0,1.0,175.0,1.0,0.5,1.0,,0.0,0.0,0.0,,0.0,4.0,57.0,,,1.0,0.0,1.0,-0.5,0.5,-1.0,0.0,0.5,-0.5,0.5,-1.0,0.0,0.0,0.5,0.0,-0.5,0.5,0.0,0.0,3.0,8.0,0.0,-0.5,-55.5,-52.0,-9.5,-9.5,-0.5,-0.5,0.5,0.5,-1.0,0.5,0.0,0.0,0.0,0.0,0.0,-74.0,-0.41666666666666663,0.16666666666666663,0.0,,1.0,-0.5,0.5,-1.0,0.0,0.0,0.5,0.0,-0.5,0.5,0.0,0.0,3.0,8.0,0.0,-0.5,-55.5,-52.0,-9.5,-9.5,-0.5,-0.5,0.5,0.5,-1.0,0.5,0.0,0.0,0.0,0.0,0.0,-74.0,-0.41666666666666663,0.16666666666666663,0.0,,1.0,-0.5,0.5,-1.0,0.0,0.0,0.5,0.0,-0.5,0.5,0.0,0.0,3.0,8.0,0.0,-0.5,-55.5,-52.0,-9.5,-9.5,-0.5,-0.5,0.5,0.5,-1.0,0.5,0.0,0.0,0.0,0.0,0.0,-74.0,-0.41666666666666663,0.16666666666666663,0.0,,1.0,-0.5,0.5,-1.0,0.0,0.0,0.5,0.0,-0.5,0.5,0.0,0.0,3.0,8.0,0.0,-0.5,-55.5,-52.0,-9.5,-9.5,-0.5,-0.5,0.5,0.5,-1.0,0.5,0.0,0.0,0.0,0.0,0.0,-74.0,-0.41666666666666663,0.16666666666666663,0.0,
ebfe035b70080668,dedc3bb440d09554,1995-04-07,1dc56b59cb28425d,2b1587a3376ab743,Open Weight,0,1,72.0,210.0,,27.613963039014372,Orthodox,Oleg Taktarov,71.0,199.0,,,Orthodox,Ernie Verdicia,Orthodox_vs_Orthodox,1.0,0.0,1.0,0.0,0.0,0.0,0.0,1.0,0.0,0.0,0.0,0.0,1.0,0.0,0.0,0.0,1.0,0.0,0.0,0.0,0.0,9.0,17.0,0.0,0.0,38.0,64.0,0.0,0.0,1.0,1.0,0.0,0.0,0.0,0.0,0.0,0.0,1.0,261.0,,0.5294117647058824,,1.0,1.0,0.0,0.0,0.0,0.0,1.0,0.0,0.0,0.0,1.0,0.0,0.0,0.0,0.0,9.0,17.0,0.0,0.0,38.0,64.0,0.0,0.0,1.0,1.0,0.0,0.0,0.0,0.0,0.0,0.0,1.0,261.0,,0.5294117647058824,,1.0,1.0,0.0,0.0,0.0,0.0,1.0,0.0,0.0,0.0,1.0,0.0,0.0,0.0,0.0,9.0,17.0,0.0,0.0,38.0,64.0,0.0,0.0,1.0,1.0,0.0,0.0,0.0,0.0,0.0,0.0,1.0,261.0,,0.5294117647058824,,1.0,1.0,0.0,0.0,0.0,0.0,1.0,0.0,0.0,0.0,1.0,0.0,0.0,0.0,0.0,9.0,17.0,0.0,0.0,38.0,64.0,0.0,0.0,1.0,1.0,0.0,0.0,0.0,0.0,0.0,0.0,1.0,261.0,,0.5294117647058824,,1.0,0.0,0.0,0.0,,,,,,,,,,,,,,,,,,,,,,,,,,,,,,,,,,,,,,,,,0.0,,,,,,,,,,,,,,,,,,,,,,,,,,,,,,,,,,,,0.0,,,,,,,,,,,,,,,,,,,,,,,,,,,,,,,,,,,,0.0,,,,,,,,,,,,,,,,,,,,,,,,,,,,,,,,,,,,0.0,0.0,0.0,,0.0,1.0,11.0,,,1.0,0.0,1.0,,,,,,,,,,,,,,,,,,,,,,,,,,,,,,,,,,,,,,,,,1.0,,,,,,,,,,,,,,,,,,,,,,,,,,,,,,,,,,,,1.0,,,,,,,,,,,,,,,,,,,,,,,,,,,,,,,,,,,,1.0,,,,,,,,,,,,,,,,,,,,,,,,,,,,,,,,,,,
fa152ada833de1d4,dedc3bb440d09554,1995-04-07,946f341df6472ee0,e780ccc79a209985,Open Weight,0,1,73.0,200.0,,27.263518138261464,Orthodox,Guy Mezger,,,,,Unknown,John Dowdy,Orthodox_vs_Unknown,1.0,1.0,0.0,1.0,1.0,0.0,0.0,0.0,1.0,1.0,0.0,0.0,0.0,0.0,0.0,1.0,0.0,0.0,1.0,19.0,30.0,9.0,12.0,23.0,34.0,12.0,15.0,1.0,1.0,0.0,0.0,0.0,0.0,0.0,0.0,0.0,0.0,1.0,133.0,0.6333333333333333,0.75,1.0,,1.0,1.0,1.0,0.0,0.0,0.0,0.0,0.0,1.0,0.0,0.0,1.0,19.0,30.0,9.0,12.0,23.0,34.0,12.0,15.0,1.0,1.0,0.0,0.0,0.0,0.0,0.0,0.0,0.0,0.0,1.0,133.0,0.6333333333333333,0.75,1.0,,1.0,1.0,1.0,0.0,0.0,0.0,0.0,0.0,1.0,0.0,0.0,1.0,19.0,30.0,9.0,12.0,23.0,34.0,12.0,15.0,1.0,1.0,0.0,0.0,0.0,0.0,0.0,0.0,0.0,0.0,1.0,133.0,0.6333333333333333,0.75,1.0,,1.0,1.0,1.0,0.0,0.0,0.0,0.0,0.0,1.0,0.0,0.0,1.0,19.0,30.0,9.0,12.0,23.0,34.0,12.0,15.0,1.0,1.0,0.0,0.0,0.0,0.0,0.0,0.0,0.0,0.0,1.0,133.0,0.6333333333333333,0.75,1.0,,0.0,0.0,0.0,,,,,,,,,,,,,,,,,,,,,,,,,,,,,,,,,,,,,,,,,0.0,,,,,,,,,,,,,,,,,,,,,,,,,,,,,,,,,,,,0.0,,,,,,,,,,,,,,,,,,,,,,,,,,,,,,,,,,,,0.0,,,,,,,,,,,,,,,,,,,,,,,,,,,,,,,,,,,,0.0,0.0,0.0,,0.0,,,,,1.0,1.0,0.0,,,,,,,,,,,,,,,,,,,,,,,,,,,,,,,,,,,,,,,,,1.0,,,,,,,,,,,,,,,,,,,,,,,,,,,,,,,,,,,,1.0,,,,,,,,,,,,,,,,,,,,,,,,,,,,,,,,,,,,1.0,,,,,,,,,,,,,,,,,,,,,,,,,,,,,,,,,,,
fa3b940bd48da7e2,dedc3bb440d09554,1995-04-07,32a3025d5db456ae,9199e0735b83dd32,Open Weight,0,1,79.0,295.0,,,Unknown,Jon Hess,66.0,240.0,,20.725530458590008,Unknown,Andy Anderson,Unknown_vs_Unknown,0.0,0.0,0.0,,,,,,,,,,,,,,,,,,,,,,,,,,,,,,,,,,,,,,,,,0.0,,,,,,,,,,,,,,,,,,,,,,,,,,,,,,,,,,,,0.0,,,,,,,,,,,,,,,,,,,,,,,,,,,,,,,,,,,,0.0,,,,,,,,,,,,,,,,,,,,,,,,,,,,,,,,,,,,0.0,0.0,0.0,,,,,,,,,,,,,,,,,,,,,,,,,,,,,,,,,,,,,,,,,0.0,,,,,,,,,,,,,,,,,,,,,,,,,,,,,,,,,,,,0.0,,,,,,,,,,,,,,,,,,,,,,,,,,,,,,,,,,,,0.0,,,,,,,,,,,,,,,,,,,,,,,,,,,,,,,,,,,,0.0,0.0,0.0,,0.0,13.0,55.0,,,0.0,0.0,0.0,,,,,,,,,,,,,,,,,,,,,,,,,,,,,,,,,,,,,,,,,0.0,,,,,,,,,,,,,,,,,,,,,,,,,,,,,,,,,,,,0.0,,,,,,,,,,,,,,,,,,,,,,,,,,,,,,,,,,,,0.0,,,,,,,,,,,,,,,,,,,,,,,,,,,,,,,,,,,
3c2c7c095c79a506,1c3f5e85b59ec710,1995-07-14,1dc56b59cb28425d,dedc3bb440d09554,Open Weight,0,1,72.0,210.0,,27.88227241615332,Orthodox,Oleg Taktarov,69.0,185.0,,26.42299794661191,Switch,Anthony Macias,Orthodox_vs_Switch,2.0,1.0,1.0,0.5,0.0,0.5,0.0,0.5,0.5,0.0,0.5,0.0,0.5,0.0,0.0,0.5,0.5,0.0,0.0,0.0,0.0,5.5,11.0,0.0,0.0,22.5,37.5,0.0,0.5,0.5,0.5,0.5,0.0,0.5,0.0,0.0,0.0,1.0,202.0,,0.5,0.0,1.0,2.0,0.5,0.0,0.5,0.0,0.5,0.0,0.0,0.5,0.5,0.0,0.0,0.0,0.0,5.5,11.0,0.0,0.0,22.5,37.5,0.0,0.5,0.5,0.5,0.5,0.0,0.5,0.0,0.0,0.0,1.0,202.0,,0.5,0.0,1.0,2.0,0.5,0.0,0.5,0.0,0.5,0.0,0.0,0.5,0.5,0.0,0.0,0.0,0.0,5.5,11.0,0.0,0.0,22.5,37.5,0.0,0.5,0.5,0.5,0.5,0.0,0.5,0.0,0.0,0.0,1.0,202.0,,0.5,0.0,1.0,2.0,0.5,0.0,0.5,0.0,0.5,0.0,0.0,0.5,0.5,0.0,0.0,0.0,0.0,5.5,11.0,0.0,0.0,22.5,37.5,0.0,0.5,0.5,0.5,0.5,0.0,0.5,0.0,0.0,0.0,1.0,202.0,,0.5,0.0,1.0,1.0,0.0,1.0,0.0,0.0,0.0,0.0,1.0,0.0,0.0,0.0,0.0,0.0,1.0,0.0,0.0,1.0,0.0,0.0,8.0,9.0,0.0,0.0,12.0,14.0,0.0,0.0,0.0,0.0,2.0,5.0,0.0,1.0,0.0,0.0,0.0,0.0,1.0,105.0,0.8888888888888888,,,0.4,1.0,0.0,0.0,0.0,0.0,0.0,1.0,0.0,0.0,1.0,0.0,0.0,8.0,9.0,0.0,0.0,12.0,14.0,0.0,0.0,0.0,0.0,2.0,5.0,0.0,1.0,0.0,0.0,0.0,0.0,1.0,105.0,0.8888888888888888,,,0.4,1.0,0.0,0.0,0.0,0.0,0.0,1.0,0.0,0.0,1.0,0.0,0.0,8.0,9.0,0.0,0.0,12.0,14.0,0.0,0.0,0.0,0.0,2.0,5.0,0.0,1.0,0.0,0.0,0.0,0.0,1.0,105.0,0.8888888888888888,,,0.4,1.0,0.0,0.0,0.0,0.0,0.0,1.0,0.0,0.0,1.0,0.0,0.0,8.0,9.0,0.0,0.0,12.0,14.0,0.0,0.0,0.0,0.0,2.0,5.0,0.0,1.0,0.0,0.0,0.0,0.0,1.0,105.0,0.8888888888888888,,,0.4,0.0,0.0,0.0,,0.0,3.0,25.0,,1.459274469541409,1.0,1.0,0.0,0.5,0.0,0.5,0.0,-0.5,0.5,0.0,0.5,0.0,0.5,-1.0,0.0,0.5,-0.5,0.0,0.0,-8.0,-9.0,5.5,11.0,-12.0,-14.0,22.5,37.5,0.0,0.5,-1.5,-4.5,0.5,-1.0,0.5,0.0,0.0,0.0,0.0,97.0,,,,0.6,1.0,0.5,0.0,0.5,0.0,0.5,-1.0,0.0,0.5,-0.5,0.0,0.0,-8.0,-9.0,5.5,11.0,-12.0,-14.0,22.5,37.5,0.0,0.5,-1.5,-4.5,0.5,-1.0,0.5,0.0,0.0,0.0,0.0,97.0,,,,0.6,1.0,0.5,0.0,0.5,0.0,0.5,-1.0,0.0,0.5,-0.5,0.0,0.0,-8.0,-9.0,5.5,11.0,-12.0,-14.0,22.5,37.5,0.0,0.5,-1.5,-4.5,0.5,-1.0,0.5,0.0,0.0,0.0,0.0,97.0,,,,0.6,1.0,0.5,0.0,0.5,0.0,0.5,-1.0,0.0,0.5,-0.5,0.0,0.0,-8.0,-9.0,5.5,11.0,-12.0,-14.0,22.5,37.5,0.0,0.5,-1.5,-4.5,0.5,-1.0,0.5,0.0,0.0,0.0,0.0,97.0,,,,0.6
43f6b0c40113d0d8,1c3f5e85b59ec710,1995-07-14,b361180739bed4b0,07a18ae55dfc3cd9,Open Weight,0,1,72.0,265.0,,30.21492128678987,Switch,David Abbott,80.0,300.0,,25.82067077344285,Orthodox,Paul Varelans,Switch_vs_Orthodox,0.0,0.0,0.0,,,,,,,,,,,,,,,,,,,,,,,,,,,,,,,,,,,,,,,,,0.0,,,,,,,,,,,,,,,,,,,,,,,,,,,,,,,,,,,,0.0,,,,,,,,,,,,,,,,,,,,,,,,,,,,,,,,,,,,0.0,,,,,,,,,,,,,,,,,,,,,,,,,,,,,,,,,,,,0.0,0.0,0.0,,,,,,,,,,,,,,,,,,,,,,,,,,,,,,,,,,,,,,,,,0.0,,,,,,,,,,,,,,,,,,,,,,,,,,,,,,,,,,,,0.0,,,,,,,,,,,,,,,,,,,,,,,,,,,,,,,,,,,,0.0,,,,,,,,,,,,,,,,,,,,,,,,,,,,,,,,,,,,0.0,0.0,0.0,,0.0,-8.0,-35.0,,4.394250513347021,0.0,0.0,0.0,,,,,,,,,,,,,,,,,,,,,,,,,,,,,,,,,,,,,,,,,0.0,,,,,,,,,,,,,,,,,,,,,,,,,,,,,,,,,,,,0.0,,,,,,,,,,,,,,,,,,,,,,,,,,,,,,,,,,,,0.0,,,,,,,,,,,,,,,,,,,,,,,,,,,,,,,,,,,
547295977141cbc2,1c3f5e85b59ec710,1995-07-14,07a18ae55dfc3cd9,de3ed2e152520c8d,Open Weight,0,1,80.0,300.0,,25.82067077344285,Orthodox,Paul Varelans,71.0,230.0,,32.09034907597536,Orthodox,Cal Worsham,Orthodox_vs_Orthodox,1.0,0.0,1.0,0.0,0.0,0.0,0.0,1.0,0.0,0.0,0.0,0.0,1.0,0.0,0.0,0.0,1.0,0.0,0.0,1.0,2.0,14.0,21.0,12.0,14.0,18.0,25.0,0.0,0.0,1.0,1.0,0.0,0.0,0.0,0.0,0.0,0.0,1.0,113.0,0.5,0.6666666666666666,,1.0,1.0,0.0,0.0,0.0,0.0,1.0,0.0,0.0,0.0,1.0,0.0,0.0,1.0,2.0,14.0,21.0,12.0,14.0,18.0,25.0,0.0,0.0,1.0,1.0,0.0,0.0,0.0,0.0,0.0,0.0,1.0,113.0,0.5,0.6666666666666666,,1.0,1.0,0.0,0.0,0.0,0.0,1.0,0.0,0.0,0.0,1.0,0.0,0.0,1.0,2.0,14.0,21.0,12.0,14.0,18.0,25.0,0.0,0.0,1.0,1.0,0.0,0.0,0.0,0.0,0.0,0.0,1.0,113.0,0.5,0.6666666666666666,,1.0,1.0,0.0,0.0,0.0,0.0,1.0,0.0,0.0,0.0,1.0,0.0,0.0,1.0,2.0,14.0,21.0,12.0,14.0,18.0,25.0,0.0,0.0,1.0,1.0,0.0,0.0,0.0,0.0,0.0,0.0,1.0,113.0,0.5,0.6666666666666666,,1.0,0.0,0.0,0.0,,,,,,,,,,,,,,,,,,,,,,,,,,,,,,,,,,,,,,,,,0.0,,,,,,,,,,,,,,,,,,,,,,,,,,,,,,,,,,,,0.0,,,,,,,,,,,,,,,,,,,,,,,,,,,,,,,,,,,,0.0,,,,,,,,,,,,,,,,,,,,,,,,,,,,,,,,,,,,0.0,0.0,0.0,,0.0,9.0,70.0,,-6.269678302532512,1.0,0.0,1.0,,,,,,,,,,,,,,,,,,,,,,,,,,,,,,,,,,,,,,,,,1.0,,,,,,,,,,,,,,,,,,,,,,,,,,,,,,,,,,,,1.0,,,,,,,,,,,,,,,,,,,,,,,,,,,,,,,,,,,,1.0,,,,,,,,,,,,,,,,,,,,,,,,,,,,,,,,,,,
5d19fa2df1cb61a2,1c3f5e85b59ec710,1995-07-14,1dc56b59cb28425d,9fd1f08dd4aec14a,Open Weight,0,1,72.0,210.0,,27.88227241615332,Orthodox,Oleg Taktarov,74.0,250.0,,,Orthodox,Dave Beneteau,Orthodox_vs_Orthodox,3.0,2.0,1.0,0.6666666666666666,0.0,0.6666666666666666,0.0,0.3333333333333333,0.6666666666666666,0.0,0.6666666666666666,0.0,0.3333333333333333,0.0,0.0,0.6666666666666666,0.3333333333333333,0.0,0.0,0.0,0.0,3.6666666666666665,7.333333333333333,0.0,0.0,15.0,25.0,0.0,0.3333333333333333,0.3333333333333333,0.6666666666666666,0.6666666666666666,0.0,0.6666666666666666,0.0,0.0,0.0,1.0,137.66666666666666,,0.5,0.0,0.5,3.0,0.6666666666666666,0.0,0.6666666666666666,0.0,0.3333333333333333,0.0,0.0,0.6666666666666666,0.3333333333333333,0.0,0.0,0.0,0.0,3.6666666666666665,7.333333333333333,0.0,0.0,15.0,25.0,0.0,0.3333333333333333,0.3333333333333333,0.6666666666666666,0.6666666666666666,0.0,0.6666666666666666,0.0,0.0,0.0,1.0,137.66666666666666,,0.5,0.0,0.5,3.0,0.6666666666666666,0.0,0.6666666666666666,0.0,0.3333333333333333,0.0,0.0,0.6666666666666666,0.3333333333333333,0.0,0.0,0.0,0.0,3.6666666666666665,7.333333333333333,0.0,0.0,15.0,25.0,0.0,0.3333333333333333,0.3333333333333333,0.6666666666666666,0.6666666666666666,0.0,0.6666666666666666,0.0,0.0,0.0,1.0,137.66666666666666,,0.5,0.0,0.5,3.0,0.6666666666666666,0.0,0.6666666666666666,0.0,0.3333333333333333,0.0,0.0,0.6666666666666666,0.3333333333333333,0.0,0.0,0.0,0.0,3.6666666666666665,7.333333333333333,0.0,0.0,15.0,25.0,0.0,0.3333333333333333,0.3333333333333333,0.6666666666666666,0.6666666666666666,0.0,0.6666666666666666,0.0,0.0,0.0,1.0,137.66666666666666,,0.5,0.0,0.5,3.0,2.0,1.0,0.6666666666666666,0.6666666666666666,0.0,0.0,0.3333333333333333,0.6666666666666666,0.6666666666666666,0.0,0.0,0.0,0.3333333333333333,0.0,0.6666666666666666,0.3333333333333333,0.0,0.0,7.333333333333333,12.333333333333334,0.6666666666666666,1.0,13.0,18.666666666666668,3.6666666666666665,4.333333333333333,0.6666666666666666,0.6666666666666666,0.3333333333333333,0.3333333333333333,0.0,0.3333333333333333,0.0,0.0,0.0,0.0,1.0,111.33333333333333,0.5945945945945946,0.6666666666666666,1.0,1.0,3.0,0.6666666666666666,0.6666666666666666,0.0,0.0,0.0,0.3333333333333333,0.0,0.6666666666666666,0.3333333333333333,0.0,0.0,7.333333333333333,12.333333333333334,0.6666666666666666,1.0,13.0,18.666666666666668,3.6666666666666665,4.333333333333333,0.6666666666666666,0.6666666666666666,0.3333333333333333,0.3333333333333333,0.0,0.3333333333333333,0.0,0.0,0.0,0.0,1.0,111.33333333333333,0.5945945945945946,0.6666666666666666,1.0,1.0,3.0,0.6666666666666666,0.6666666666666666,0.0,0.0,0.0,0.3333333333333333,0.0,0.6666666666666666,0.3333333333333333,0.0,0.0,7.333333333333333,12.333333333333334,0.6666666666666666,1.0,13.0,18.666666666666668,3.6666666666666665,4.333333333333333,0.6666666666666666,0.6666666666666666,0.3333333333333333,0.3333333333333333,0.0,0.3333333333333333,0.0,0.0,0.0,0.0,1.0,111.33333333333333,0.5945945945945946,0.6666666666666666,1.0,1.0,3.0,0.6666666666666666,0.6666666666666666,0.0,0.0,0.0,0.3333333333333333,0.0,0.6666666666666666,0.3333333333333333,0.0,0.0,7.333333333333333,12.333333333333334,0.6666666666666666,1.0,13.0,18.666666666666668,3.6666666666666665,4.333333333333333,0.6666666666666666,0.6666666666666666,0.3333333333333333,0.3333333333333333,0.0,0.3333333333333333,0.0,0.0,0.0,0.0,1.0,111.33333333333333,0.5945945945945946,0.6666666666666666,1.0,1.0,0.0,0.0,0.0,,0.0,-2.0,-40.0,,,0.0,0.0,0.0,0.0,-0.6666666666666666,0.6666666666666666,0.0,0.0,0.0,-0.6666666666666666,0.6666666666666666,0.0,0.3333333333333333,-0.3333333333333333,0.0,0.0,0.0,0.0,0.0,-7.333333333333333,-12.333333333333334,3.0,6.333333333333333,-13.0,-18.666666666666668,11.333333333333334,20.666666666666668,-0.6666666666666666,-0.3333333333333333,0.0,0.3333333333333333,0.6666666666666666,-0.3333333333333333,0.6666666666666666,0.0,0.0,0.0,0.0,26.33333333333333,,-0.16666666666666663,-1.0,-0.5,0.0,0.0,-0.6666666666666666,0.6666666666666666,0.0,0.3333333333333333,-0.3333333333333333,0.0,0.0,0.0,0.0,0.0,-7.333333333333333,-12.333333333333334,3.0,6.333333333333333,-13.0,-18.666666666666668,11.333333333333334,20.666666666666668,-0.6666666666666666,-0.3333333333333333,0.0,0.3333333333333333,0.6666666666666666,-0.3333333333333333,0.6666666666666666,0.0,0.0,0.0,0.0,26.33333333333333,,-0.16666666666666663,-1.0,-0.5,0.0,0.0,-0.6666666666666666,0.6666666666666666,0.0,0.3333333333333333,-0.3333333333333333,0.0,0.0,0.0,0.0,0.0,-7.333333333333333,-12.333333333333334,3.0,6.333333333333333,-13.0,-18.666666666666668,11.333333333333334,20.666666666666668,-0.6666666666666666,-0.3333333333333333,0.0,0.3333333333333333,0.6666666666666666,-0.3333333333333333,0.6666666666666666,0.0,0.0,0.0,0.0,26.33333333333333,,-0.16666666666666663,-1.0,-0.5,0.0,0.0,-0.6666666666666666,0.6666666666666666,0.0,0.3333333333333333,-0.3333333333333333,0.0,0.0,0.0,0.0,0.0,-7.333333333333333,-12.333333333333334,3.0,6.333333333333333,-13.0,-18.666666666666668,11.333333333333334,20.666666666666668,-0.6666666666666666,-0.3333333333333333,0.0,0.3333333333333333,0.6666666666666666,-0.3333333333333333,0.6666666666666666,0.0,0.0,0.0,0.0,26.33333333333333,,-0.16666666666666663,-1.0,-0.5
66c029f49d3c5da6,1c3f5e85b59ec710,1995-07-14,1dc56b59cb28425d,b361180739bed4b0,6 Tournament,1,1,72.0,210.0,,27.88227241615332,Orthodox,Oleg Taktarov,72.0,265.0,,30.21492128678987,Switch,David Abbott,Orthodox_vs_Switch,4.0,3.0,1.0,0.75,0.0,0.75,0.0,0.25,0.75,0.0,0.75,0.0,0.25,0.0,0.0,0.75,0.25,0.0,0.0,0.0,0.5,4.0,9.0,1.25,1.75,12.5,22.25,0.0,0.5,0.5,0.75,0.75,0.0,0.5,0.0,0.0,0.0,1.0,117.5,0.0,0.4444444444444444,0.0,0.6666666666666666,3.0,1.0,0.0,1.0,0.0,0.0,0.0,0.0,1.0,0.0,0.0,0.0,0.0,0.6666666666666666,2.3333333333333335,6.333333333333333,1.6666666666666667,2.3333333333333335,4.0,8.333333333333334,0.0,0.6666666666666666,0.3333333333333333,0.6666666666666666,1.0,0.0,0.6666666666666666,0.0,0.0,0.0,1.0,69.66666666666667,0.0,0.3684210526315789,0.0,0.5,4.0,0.75,0.0,0.75,0.0,0.25,0.0,0.0,0.75,0.25,0.0,0.0,0.0,0.5,4.0,9.0,1.25,1.75,12.5,22.25,0.0,0.5,0.5,0.75,0.75,0.0,0.5,0.0,0.0,0.0,1.0,117.5,0.0,0.4444444444444444,0.0,0.6666666666666666,4.0,0.75,0.0,0.75,0.0,0.25,0.0,0.0,0.75,0.25,0.0,0.0,0.0,0.5,4.0,9.0,1.25,1.75,12.5,22.25,0.0,0.5,0.5,0.75,0.75,0.0,0.5,0.0,0.0,0.0,1.0,117.5,0.0,0.4444444444444444,0.0,0.6666666666666666,1.0,1.0,0.0,1.0,1.0,0.0,0.0,0.0,1.0,1.0,0.0,0.0,0.0,0.0,0.0,1.0,0.0,0.0,0.0,14.0,21.0,1.0,2.0,18.0,25.0,12.0,14.0,1.0,1.0,0.0,0.0,0.0,0.0,0.0,0.0,0.0,0.0,1.0,113.0,0.6666666666666666,0.5,1.0,,1.0,1.0,1.0,0.0,0.0,0.0,0.0,0.0,1.0,0.0,0.0,0.0,14.0,21.0,1.0,2.0,18.0,25.0,12.0,14.0,1.0,1.0,0.0,0.0,0.0,0.0,0.0,0.0,0.0,0.0,1.0,113.0,0.6666666666666666,0.5,1.0,,1.0,1.0,1.0,0.0,0.0,0.0,0.0,0.0,1.0,0.0,0.0,0.0,14.0,21.0,1.0,2.0,18.0,25.0,12.0,14.0,1.0,1.0,0.0,0.0,0.0,0.0,0.0,0.0,0.0,0.0,1.0,113.0,0.6666666666666666,0.5,1.0,,1.0,1.0,1.0,0.0,0.0,0.0,0.0,0.0,1.0,0.0,0.0,0.0,14.0,21.0,1.0,2.0,18.0,25.0,12.0,14.0,1.0,1.0,0.0,0.0,0.0,0.0,0.0,0.0,0.0,0.0,1.0,113.0,0.6666666666666666,0.5,1.0,,0.0,0.0,0.0,,0.0,0.0,-55.0,,-2.3326488706365502,3.0,2.0,1.0,-0.25,-1.0,0.75,0.0,0.25,-0.25,-1.0,0.75,0.0,0.25,0.0,0.0,-0.25,0.25,0.0,0.0,-14.0,-20.5,3.0,7.0,-16.75,-23.25,0.5,8.25,-1.0,-0.5,0.5,0.75,0.75,0.0,0.5,0.0,0.0,0.0,0.0,4.5,-0.6666666666666666,-0.05555555555555558,-1.0,,2.0,0.0,-1.0,1.0,0.0,0.0,0.0,0.0,0.0,0.0,0.0,0.0,-14.0,-20.333333333333332,1.3333333333333335,4.333333333333333,-16.333333333333332,-22.666666666666668,-8.0,-5.666666666666666,-1.0,-0.33333333333333337,0.3333333333333333,0.6666666666666666,1.0,0.0,0.6666666666666666,0.0,0.0,0.0,0.0,-43.33333333333333,-0.6666666666666666,-0.13157894736842107,-1.0,,3.0,-0.25,-1.0,0.75,0.0,0.25,0.0,0.0,-0.25,0.25,0.0,0.0,-14.0,-20.5,3.0,7.0,-16.75,-23.25,0.5,8.25,-1.0,-0.5,0.5,0.75,0.75,0.0,0.5,0.0,0.0,0.0,0.0,4.5,-0.6666666666666666,-0.05555555555555558,-1.0,,3.0,-0.25,-1.0,0.75,0.0,0.25,0.0,0.0,-0.25,0.25,0.0,0.0,-14.0,-20.5,3.0,7.0,-16.75,-23.25,0.5,8.25,-1.0,-0.5,0.5,0.75,0.75,0.0,0.5,0.0,0.0,0.0,0.0,4.5,-0.6666666666666666,-0.05555555555555558,-1.0,
88945d70ee6c6467,1c3f5e85b59ec710,1995-07-14,b361180739bed4b0,c933d423ebdbbbdb,Open Weight,0,1,72.0,265.0,,30.21492128678987,Switch,David Abbott,74.0,400.0,,,Orthodox,John Matua,Switch_vs_Orthodox,2.0,1.0,1.0,0.5,0.5,0.0,0.0,0.5,0.5,0.5,0.0,0.0,0.0,0.5,0.0,0.5,0.5,0.0,0.0,15.5,33.0,2.5,6.0,28.5,48.0,30.0,36.5,1.5,2.0,0.0,1.5,0.5,2.0,0.0,0.0,0.0,0.0,1.0,589.0,0.4696969696969697,0.4166666666666667,0.75,0.0,2.0,0.5,0.5,0.0,0.0,0.0,0.5,0.0,0.5,0.5,0.0,0.0,15.5,33.0,2.5,6.0,28.5,48.0,30.0,36.5,1.5,2.0,0.0,1.5,0.5,2.0,0.0,0.0,0.0,0.0,1.0,589.0,0.4696969696969697,0.4166666666666667,0.75,0.0,2.0,0.5,0.5,0.0,0.0,0.0,0.5,0.0,0.5,0.5,0.0,0.0,15.5,33.0,2.5,6.0,28.5,48.0,30.0,36.5,1.5,2.0,0.0,1.5,0.5,2.0,0.0,0.0,0.0,0.0,1.0,589.0,0.4696969696969697,0.4166666666666667,0.75,0.0,2.0,0.5,0.5,0.0,0.0,0.0,0.5,0.0,0.5,0.5,0.0,0.0,15.5,33.0,2.5,6.0,28.5,48.0,30.0,36.5,1.5,2.0,0.0,1.5,0.5,2.0,0.0,0.0,0.0,0.0,1.0,589.0,0.4696969696969697,0.4166666666666667,0.75,0.0,0.0,0.0,0.0,,,,,,,,,,,,,,,,,,,,,,,,,,,,,,,,,,,,,,,,,0.0,,,,,,,,,,,,,,,,,,,,,,,,,,,,,,,,,,,,0.0,,,,,,,,,,,,,,,,,,,,,,,,,,,,,,,,,,,,0.0,,,,,,,,,,,,,,,,,,,,,,,,,,,,,,,,,,,,0.0,0.0,0.0,,0.0,-2.0,-135.0,,,2.0,1.0,1.0,,,,,,,,,,,,,,,,,,,,,,,,,,,,,,,,,,,,,,,,,2.0,,,,,,,,,,,,,,,,,,,,,,,,,,,,,,,,,,,,2.0,,,,,,,,,,,,,,,,,,,,,,,,,,,,,,,,,,,,2.0,,,,,,,,,,,,,,,,,,,,,,,,,,,,,,,,,,,
8e03db41687d9132,1c3f5e85b59ec710,1995-07-14,dedc3bb440d09554,3e03cec9767d37e6,Open Weight,0,1,69.0,185.0,,26.42299794661191,Switch,Anthony Macias,,,,,Unknown,He-Man Gipson,Switch_vs_Unknown,2.0,0.0,2.0,0.0,0.0,0.0,0.0,1.0,0.0,0.0,0.0,0.0,0.0,1.0,0.0,0.0,1.0,0.0,0.0,4.0,4.5,0.0,0.0,6.0,7.0,0.0,0.0,0.0,0.5,1.0,2.5,0.0,1.0,0.0,0.5,0.0,0.0,1.0,57.0,0.8888888888888888,,0.0,0.4,2.0,0.0,0.0,0.0,0.0,0.0,1.0,0.0,0.0,1.0,0.0,0.0,4.0,4.5,0.0,0.0,6.0,7.0,0.0,0.0,0.0,0.5,1.0,2.5,0.0,1.0,0.0,0.5,0.0,0.0,1.0,57.0,0.8888888888888888,,0.0,0.4,2.0,0.0,0.0,0.0,0.0,0.0,1.0,0.0,0.0,1.0,0.0,0.0,4.0,4.5,0.0,0.0,6.0,7.0,0.0,0.0,0.0,0.5,1.0,2.5,0.0,1.0,0.0,0.5,0.0,0.0,1.0,57.0,0.8888888888888888,,0.0,0.4,2.0,0.0,0.0,0.0,0.0,0.0,1.0,0.0,0.0,1.0,0.0,0.0,4.0,4.5,0.0,0.0,6.0,7.0,0.0,0.0,0.0,0.5,1.0,2.5,0.0,1.0,0.0,0.5,0.0,0.0,1.0,57.0,0.8888888888888888,,0.0,0.4,0.0,0.0,0.0,,,,,,,,,,,,,,,,,,,,,,,,,,,,,,,,,,,,,,,,,0.0,,,,,,,,,,,,,,,,,,,,,,,,,,,,,,,,,,,,0.0,,,,,,,,,,,,,,,,,,,,,,,,,,,,,,,,,,,,0.0,,,,,,,,,,,,,,,,,,,,,,,,,,,,,,,,,,,,0.0,0.0,0.0,,0.0,,,,,2.0,0.0,2.0,,,,,,,,,,,,,,,,,,,,,,,,,,,,,,,,,,,,,,,,,2.0,,,,,,,,,,,,,,,,,,,,,,,,,,,,,,,,,,,,2.0,,,,,,,,,,,,,,,,,,,,,,,,,,,,,,,,,,,,2.0,,,,,,,,,,,,,,,,,,,,,,,,,,,,,,,,,,,
b297c3e938e1005e,1c3f5e85b59ec710,1995-07-14,a6a9ab5a824e8f66,237187ed9f419285,Open Weight,0,1,71.0,205.0,,26.017796030116358,Orthodox,Joel Sutton,,,,,Orthodox,Jack McGlaughlin,Orthodox_vs_Orthodox,0.0,0.0,0.0,,,,,,,,,,,,,,,,,,,,,,,,,,,,,,,,,,,,,,,,,0.0,,,,,,,,,,,,,,,,,,,,,,,,,,,,,,,,,,,,0.0,,,,,,,,,,,,,,,,,,,,,,,,,,,,,,,,,,,,0.0,,,,,,,,,,,,,,,,,,,,,,,,,,,,,,,,,,,,0.0,0.0,0.0,,,,,,,,,,,,,,,,,,,,,,,,,,,,,,,,,,,,,,,,,0.0,,,,,,,,,,,,,,,,,,,,,,,,,,,,,,,,,,,,0.0,,,,,,,,,,,,,,,,,,,,,,,,,,,,,,,,,,,,0.0,,,,,,,,,,,,,,,,,,,,,,,,,,,,,,,,,,,,0.0,0.0,0.0,,0.0,,,,,0.0,0.0,0.0,,,,,,,,,,,,,,,,,,,,,,,,,,,,,,,,,,,,,,,,,0.0,,,,,,,,,,,,,,,,,,,,,,,,,,,,,,,,,,,,0.0,,,,,,,,,,,,,,,,,,,,,,,,,,,,,,,,,,,,0.0,,,,,,,,,,,,,,,,,,,,,,,,,,,,,,,,,,,
d62aec55bc142346,1c3f5e85b59ec710,1995-07-14,63b65af1c5cb02cb,c670aa48827d6be6,Superfight,1,1,73.0,205.0,72.0,31.419575633127995,Orthodox,Ken Shamrock,74.0,250.0,,37.097878165639976,Southpaw,Dan Severn,Orthodox_vs_Southpaw,4.0,3.0,1.0,0.75,0.25,0.5,0.0,0.25,0.75,0.25,0.5,0.0,0.0,0.25,0.0,0.75,0.25,0.0,0.0,3.25,3.5,2.0,3.25,6.75,7.75,17.5,19.25,0.75,1.5,0.0,0.25,0.75,0.25,0.0,0.25,0.0,0.0,1.0,182.25,0.9285714285714286,0.6153846153846154,0.5,0.0,3.0,0.6666666666666666,0.3333333333333333,0.3333333333333333,0.0,0.0,0.3333333333333333,0.0,0.6666666666666666,0.3333333333333333,0.0,0.0,4.0,4.333333333333333,1.3333333333333333,1.6666666666666667,7.666666666666667,9.0,18.0,19.0,0.6666666666666666,1.3333333333333333,0.0,0.3333333333333333,0.3333333333333333,0.3333333333333333,0.0,0.3333333333333333,0.0,0.0,1.0,206.66666666666666,0.9230769230769231,0.8,0.5,0.0,4.0,0.75,0.25,0.5,0.0,0.0,0.25,0.0,0.75,0.25,0.0,0.0,3.25,3.5,2.0,3.25,6.75,7.75,17.5,19.25,0.75,1.5,0.0,0.25,0.75,0.25,0.0,0.25,0.0,0.0,1.0,182.25,0.9285714285714286,0.6153846153846154,0.5,0.0,4.0,0.75,0.25,0.5,0.0,0.0,0.25,0.0,0.75,0.25,0.0,0.0,3.25,3.5,2.0,3.25,6.75,7.75,17.5,19.25,0.75,1.5,0.0,0.25,0.75,0.25,0.0,0.25,0.0,0.0,1.0,182.25,0.9285714285714286,0.6153846153846154,0.5,0.0,6.0,5.0,1.0,0.8333333333333334,0.16666666666666666,0.6666666666666666,0.0,0.16666666666666666,0.8333333333333334,0.16666666666666666,0.6666666666666666,0.0,0.0,0.16666666666666666,0.0,0.8333333333333334,0.16666666666666666,0.0,0.0,2.8333333333333335,5.166666666666667,2.0,3.6666666666666665,14.666666666666666,23.166666666666668,16.666666666666668,18.833333333333332,1.1666666666666667,1.6666666666666667,0.0,0.0,0.6666666666666666,0.5,0.0,0.0,0.0,0.0,1.0,274.3333333333333,0.5483870967741935,0.5454545454545454,0.7,,3.0,1.0,0.3333333333333333,0.6666666666666666,0.0,0.0,0.0,0.0,1.0,0.0,0.0,0.0,4.333333333333333,8.0,1.0,2.3333333333333335,20.333333333333332,32.0,2.0,4.0,1.0,1.0,0.0,0.0,0.6666666666666666,0.0,0.0,0.0,0.0,0.0,1.0,180.0,0.5416666666666666,0.42857142857142855,1.0,,5.0,0.8,0.2,0.6,0.0,0.0,0.2,0.0,0.8,0.2,0.0,0.0,3.4,6.2,0.8,2.6,17.6,27.8,17.6,19.8,1.0,1.0,0.0,0.0,0.6,0.6,0.0,0.0,0.0,0.0,1.0,308.2,0.5483870967741935,0.3076923076923077,1.0,,6.0,0.8333333333333334,0.16666666666666666,0.6666666666666666,0.0,0.0,0.16666666666666666,0.0,0.8333333333333334,0.16666666666666666,0.0,0.0,2.8333333333333335,5.166666666666667,2.0,3.6666666666666665,14.666666666666666,23.166666666666668,16.666666666666668,18.833333333333332,1.1666666666666667,1.6666666666666667,0.0,0.0,0.6666666666666666,0.5,0.0,0.0,0.0,0.0,1.0,274.3333333333333,0.5483870967741935,0.5454545454545454,0.7,,0.0,0.0,0.0,,0.0,-1.0,-45.0,,-5.678302532511982,-2.0,-2.0,0.0,-0.08333333333333337,0.08333333333333334,-0.16666666666666663,0.0,0.08333333333333334,-0.08333333333333337,0.08333333333333334,-0.16666666666666663,0.0,0.0,0.08333333333333334,0.0,-0.08333333333333337,0.08333333333333334,0.0,0.0,0.4166666666666665,-1.666666666666667,0.0,-0.4166666666666665,-7.916666666666666,-15.416666666666668,0.8333333333333321,0.41666666666666785,-0.41666666666666674,-0.16666666666666674,0.0,0.25,0.08333333333333337,-0.25,0.0,0.25,0.0,0.0,0.0,-92.08333333333331,0.3801843317972351,0.06993006993007,-0.19999999999999996,,0.0,-0.33333333333333337,0.0,-0.3333333333333333,0.0,0.0,0.3333333333333333,0.0,-0.33333333333333337,0.3333333333333333,0.0,0.0,-0.33333333333333304,-3.666666666666667,0.33333333333333326,-0.6666666666666667,-12.666666666666664,-23.0,16.0,15.0,-0.33333333333333337,0.33333333333333326,0.0,0.3333333333333333,-0.3333333333333333,0.3333333333333333,0.0,0.3333333333333333,0.0,0.0,0.0,26.666666666666657,0.3814102564102565,0.3714285714285715,-0.5,,-1.0,-0.050000000000000044,0.04999999999999999,-0.09999999999999998,0.0,0.0,0.04999999999999999,0.0,-0.050000000000000044,0.04999999999999999,0.0,0.0,-0.1499999999999999,-2.7,1.2,0.6499999999999999,-10.850000000000001,-20.05,-0.10000000000000142,-0.5500000000000007,-0.25,0.5,0.0,0.25,0.15000000000000002,-0.35,0.0,0.25,0.0,0.0,0.0,-125.94999999999999,0.3801843317972351,0.3076923076923077,-0.5,,-2.0,-0.08333333333333337,0.08333333333333334,-0.16666666666666663,0.0,0.0,0.08333333333333334,0.0,-0.08333333333333337,0.08333333333333334,0.0,0.0,0.4166666666666665,-1.666666666666667,0.0,-0.4166666666666665,-7.916666666666666,-15.416666666666668,0.8333333333333321,0.41666666666666785,-0.41666666666666674,-0.16666666666666674,0.0,0.25,0.08333333333333337,-0.25,0.0,0.25,0.0,0.0,0.0,-92.08333333333331,0.3801843317972351,0.06993006993007,-0.19999999999999996,
e2b32e1683a566af,1c3f5e85b59ec710,1995-07-14,46c8ec317aff28ac,02d276b7d62b3472,Open Weight,0,1,74.0,225.0,,31.876796714579054,Orthodox,Patrick Smith,70.0,195.0,,22.157426420260094,Orthodox,Rudyard Moncayo,Orthodox_vs_Orthodox,5.0,3.0,2.0,0.6,0.2,0.4,0.0,0.4,0.6,0.2,0.4,0.0,0.2,0.2,0.0,0.6,0.4,0.0,0.0,4.8,8.0,2.0,3.0,8.6,12.2,4.2,5.2,0.0,0.2,0.4,1.0,0.4,0.4,0.0,0.0,0.0,0.0,1.0,68.2,0.6,0.6666666666666666,0.0,0.4,3.0,1.0,0.3333333333333333,0.6666666666666666,0.0,0.0,0.0,0.0,1.0,0.0,0.0,0.0,6.333333333333333,10.0,1.6666666666666667,3.3333333333333335,8.333333333333334,12.666666666666666,2.0,3.6666666666666665,0.0,0.3333333333333333,0.0,0.3333333333333333,0.6666666666666666,0.0,0.0,0.0,0.0,0.0,1.0,51.666666666666664,0.6333333333333333,0.5,0.0,0.0,5.0,0.6,0.2,0.4,0.0,0.2,0.2,0.0,0.6,0.4,0.0,0.0,4.8,8.0,2.0,3.0,8.6,12.2,4.2,5.2,0.0,0.2,0.4,1.0,0.4,0.4,0.0,0.0,0.0,0.0,1.0,68.2,0.6,0.6666666666666666,0.0,0.4,5.0,0.6,0.2,0.4,0.0,0.2,0.2,0.0,0.6,0.4,0.0,0.0,4.8,8.0,2.0,3.0,8.6,12.2,4.2,5.2,0.0,0.2,0.4,1.0,0.4,0.4,0.0,0.0,0.0,0.0,1.0,68.2,0.6,0.6666666666666666,0.0,0.4,0.0,0.0,0.0,,,,,,,,,,,,,,,,,,,,,,,,,,,,,,,,,,,,,,,,,0.0,,,,,,,,,,,,,,,,,,,,,,,,,,,,,,,,,,,,0.0,,,,,,,,,,,,,,,,,,,,,,,,,,,,,,,,,,,,0.0,,,,,,,,,,,,,,,,,,,,,,,,,,,,,,,,,,,,0.0,0.0,0.0,,0.0,4.0,30.0,,9.71937029431896,5.0,3.0,2.0,,,,,,,,,,,,,,,,,,,,,,,,,,,,,,,,,,,,,,,,,3.0,,,,,,,,,,,,,,,,,,,,,,,,,,,,,,,,,,,,5.0,,,,,,,,,,,,,,,,,,,,,,,,,,,,,,,,,,,,5.0,,,,,,,,,,,,,,,,,,,,,,,,,,,,,,,,,,,
4b334c9727eee450,5af480a3b2e1726b,1995-09-08,a6a9ab5a824e8f66,304fcd812f12c589,Open Weight,0,1,71.0,205.0,,26.171115674195757,Orthodox,Joel Sutton,73.0,200.0,,,Unknown,Geza Kalman,Orthodox_vs_Unknown,1.0,1.0,0.0,1.0,1.0,0.0,0.0,0.0,1.0,1.0,0.0,0.0,0.0,0.0,0.0,1.0,0.0,0.0,0.0,0.0,0.0,0.0,0.0,0.0,0.0,0.0,0.0,0.0,0.0,0.0,0.0,0.0,0.0,0.0,0.0,0.0,0.0,0.0,121.0,,,,,1.0,1.0,1.0,0.0,0.0,0.0,0.0,0.0,1.0,0.0,0.0,0.0,0.0,0.0,0.0,0.0,0.0,0.0,0.0,0.0,0.0,0.0,0.0,0.0,0.0,0.0,0.0,0.0,0.0,0.0,0.0,121.0,,,,,1.0,1.0,1.0,0.0,0.0,0.0,0.0,0.0,1.0,0.0,0.0,0.0,0.0,0.0,0.0,0.0,0.0,0.0,0.0,0.0,0.0,0.0,0.0,0.0,0.0,0.0,0.0,0.0,0.0,0.0,0.0,121.0,,,,,1.0,1.0,1.0,0.0,0.0,0.0,0.0,0.0,1.0,0.0,0.0,0.0,0.0,0.0,0.0,0.0,0.0,0.0,0.0,0.0,0.0,0.0,0.0,0.0,0.0,0.0,0.0,0.0,0.0,0.0,0.0,121.0,,,,,0.0,0.0,0.0,,,,,,,,,,,,,,,,,,,,,,,,,,,,,,,,,,,,,,,,,0.0,,,,,,,,,,,,,,,,,,,,,,,,,,,,,,,,,,,,0.0,,,,,,,,,,,,,,,,,,,,,,,,,,,,,,,,,,,,0.0,,,,,,,,,,,,,,,,,,,,,,,,,,,,,,,,,,,,0.0,0.0,0.0,,0.0,-2.0,5.0,,,1.0,1.0,0.0,,,,,,,,,,,,,,,,,,,,,,,,,,,,,,,,,,,,,,,,,1.0,,,,,,,,,,,,,,,,,,,,,,,,,,,,,,,,,,,,1.0,,,,,,,,,,,,,,,,,,,,,,,,,,,,,,,,,,,,1.0,,,,,,,,,,,,,,,,,,,,,,,,,,,,,,,,,,,
62bb4ea8bf86790c,5af480a3b2e1726b,1995-09-08,07a18ae55dfc3cd9,18524b46c570730b,Open Weight,0,1,80.0,300.0,,25.973990417522245,Orthodox,Paul Varelans,72.0,190.0,,34.614647501711154,Orthodox,Mark Hall,Orthodox_vs_Orthodox,2.0,1.0,1.0,0.5,0.5,0.0,0.0,0.5,0.5,0.5,0.0,0.0,0.5,0.0,0.0,0.5,0.5,0.5,0.0,4.5,12.0,11.5,27.0,12.0,20.5,14.5,30.0,0.0,0.0,0.5,1.0,0.0,0.0,0.0,0.0,0.0,0.0,1.0,87.5,0.375,0.42592592592592593,,0.5,2.0,0.5,0.5,0.0,0.0,0.5,0.0,0.0,0.5,0.5,0.5,0.0,4.5,12.0,11.5,27.0,12.0,20.5,14.5,30.0,0.0,0.0,0.5,1.0,0.0,0.0,0.0,0.0,0.0,0.0,1.0,87.5,0.375,0.42592592592592593,,0.5,2.0,0.5,0.5,0.0,0.0,0.5,0.0,0.0,0.5,0.5,0.5,0.0,4.5,12.0,11.5,27.0,12.0,20.5,14.5,30.0,0.0,0.0,0.5,1.0,0.0,0.0,0.0,0.0,0.0,0.0,1.0,87.5,0.375,0.42592592592592593,,0.5,2.0,0.5,0.5,0.0,0.0,0.5,0.0,0.0,0.5,0.5,0.5,0.0,4.5,12.0,11.5,27.0,12.0,20.5,14.5,30.0,0.0,0.0,0.5,1.0,0.0,0.0,0.0,0.0,0.0,0.0,1.0,87.5,0.375,0.42592592592592593,,0.5,0.0,0.0,0.0,,,,,,,,,,,,,,,,,,,,,,,,,,,,,,,,,,,,,,,,,0.0,,,,,,,,,,,,,,,,,,,,,,,,,,,,,,,,,,,,0.0,,,,,,,,,,,,,,,,,,,,,,,,,,,,,,,,,,,,0.0,,,,,,,,,,,,,,,,,,,,,,,,,,,,,,,,,,,,0.0,0.0,0.0,,0.0,8.0,110.0,,-8.64065708418891,2.0,1.0,1.0,,,,,,,,,,,,,,,,,,,,,,,,,,,,,,,,,,,,,,,,,2.0,,,,,,,,,,,,,,,,,,,,,,,,,,,,,,,,,,,,2.0,,,,,,,,,,,,,,,,,,,,,,,,,,,,,,,,,,,,2.0,,,,,,,,,,,,,,,,,,,,,,,,,,,,,,,,,,,
869d753568a114a6,5af480a3b2e1726b,1995-09-08,07a18ae55dfc3cd9,30cd319d39ee689b,Open Weight,0,1,80.0,300.0,,25.973990417522245,Orthodox,Paul Varelans,80.0,270.0,,,Orthodox,Gerry Harris,Orthodox_vs_Orthodox,3.0,2.0,1.0,0.6666666666666666,0.3333333333333333,0.3333333333333333,0.0,0.3333333333333333,0.6666666666666666,0.3333333333333333,0.3333333333333333,0.0,0.3333333333333333,0.0,0.0,0.6666666666666666,0.3333333333333333,0.3333333333333333,0.0,3.6666666666666665,9.0,8.333333333333334,19.0,9.333333333333334,15.666666666666666,11.0,21.666666666666668,0.3333333333333333,0.3333333333333333,0.3333333333333333,0.6666666666666666,0.6666666666666666,0.0,0.0,0.0,0.0,0.0,1.0,78.66666666666667,0.4074074074074074,0.43859649122807015,1.0,0.5,3.0,0.6666666666666666,0.3333333333333333,0.3333333333333333,0.0,0.3333333333333333,0.0,0.0,0.6666666666666666,0.3333333333333333,0.3333333333333333,0.0,3.6666666666666665,9.0,8.333333333333334,19.0,9.333333333333334,15.666666666666666,11.0,21.666666666666668,0.3333333333333333,0.3333333333333333,0.3333333333333333,0.6666666666666666,0.6666666666666666,0.0,0.0,0.0,0.0,0.0,1.0,78.66666666666667,0.4074074074074074,0.43859649122807015,1.0,0.5,3.0,0.6666666666666666,0.3333333333333333,0.3333333333333333,0.0,0.3333333333333333,0.0,0.0,0.6666666666666666,0.3333333333333333,0.3333333333333333,0.0,3.6666666666666665,9.0,8.333333333333334,19.0,9.333333333333334,15.666666666666666,11.0,21.666666666666668,0.3333333333333333,0.3333333333333333,0.3333333333333333,0.6666666666666666,0.6666666666666666,0.0,0.0,0.0,0.0,0.0,1.0,78.66666666666667,0.4074074074074074,0.43859649122807015,1.0,0.5,3.0,0.6666666666666666,0.3333333333333333,0.3333333333333333,0.0,0.3333333333333333,0.0,0.0,0.6666666666666666,0.3333333333333333,0.3333333333333333,0.0,3.6666666666666665,9.0,8.333333333333334,19.0,9.333333333333334,15.666666666666666,11.0,21.666666666666668,0.3333333333333333,0.3333333333333333,0.3333333333333333,0.6666666666666666,0.6666666666666666,0.0,0.0,0.0,0.0,0.0,1.0,78.66666666666667,0.4074074074074074,0.43859649122807015,1.0,0.5,0.0,0.0,0.0,,,,,,,,,,,,,,,,,,,,,,,,,,,,,,,,,,,,,,,,,0.0,,,,,,,,,,,,,,,,,,,,,,,,,,,,,,,,,,,,0.0,,,,,,,,,,,,,,,,,,,,,,,,,,,,,,,,,,,,0.0,,,,,,,,,,,,,,,,,,,,,,,,,,,,,,,,,,,,0.0,0.0,0.0,,0.0,0.0,30.0,,,3.0,2.0,1.0,,,,,,,,,,,,,,,,,,,,,,,,,,,,,,,,,,,,,,,,,3.0,,,,,,,,,,,,,,,,,,,,,,,,,,,,,,,,,,,,3.0,,,,,,,,,,,,,,,,,,,,,,,,,,,,,,,,,,,,3.0,,,,,,,,,,,,,,,,,,,,,,,,,,,,,,,,,,,
99d98a2d278bfa1f,5af480a3b2e1726b,1995-09-08,597db668b01c442c,749685d24e2cac50,Open Weight,0,1,73.0,210.0,,34.62286105407255,Orthodox,Marco Ruas,75.0,260.0,,26.2943189596167,Southpaw,Remco Pardoel,Orthodox_vs_Southpaw,0.0,0.0,0.0,,,,,,,,,,,,,,,,,,,,,,,,,,,,,,,,,,,,,,,,,0.0,,,,,,,,,,,,,,,,,,,,,,,,,,,,,,,,,,,,0.0,,,,,,,,,,,,,,,,,,,,,,,,,,,,,,,,,,,,0.0,,,,,,,,,,,,,,,,,,,,,,,,,,,,,,,,,,,,3.0,2.0,1.0,0.6666666666666666,0.3333333333333333,0.3333333333333333,0.0,0.3333333333333333,0.6666666666666666,0.3333333333333333,0.3333333333333333,0.0,0.0,0.3333333333333333,0.0,0.6666666666666666,0.3333333333333333,0.0,0.0,3.6666666666666665,4.333333333333333,0.6666666666666666,1.6666666666666667,9.0,9.666666666666666,4.666666666666667,6.0,0.6666666666666666,0.6666666666666666,0.3333333333333333,0.6666666666666666,0.3333333333333333,0.3333333333333333,0.0,0.0,0.0,0.0,1.0,257.0,0.8461538461538461,0.4,1.0,0.5,3.0,0.6666666666666666,0.3333333333333333,0.3333333333333333,0.0,0.0,0.3333333333333333,0.0,0.6666666666666666,0.3333333333333333,0.0,0.0,3.6666666666666665,4.333333333333333,0.6666666666666666,1.6666666666666667,9.0,9.666666666666666,4.666666666666667,6.0,0.6666666666666666,0.6666666666666666,0.3333333333333333,0.6666666666666666,0.3333333333333333,0.3333333333333333,0.0,0.0,0.0,0.0,1.0,257.0,0.8461538461538461,0.4,1.0,0.5,3.0,0.6666666666666666,0.3333333333333333,0.3333333333333333,0.0,0.0,0.3333333333333333,0.0,0.6666666666666666,0.3333333333333333,0.0,0.0,3.6666666666666665,4.333333333333333,0.6666666666666666,1.6666666666666667,9.0,9.666666666666666,4.666666666666667,6.0,0.6666666666666666,0.6666666666666666,0.3333333333333333,0.6666666666666666,0.3333333333333333,0.3333333333333333,0.0,0.0,0.0,0.0,1.0,257.0,0.8461538461538461,0.4,1.0,0.5,3.0,0.6666666666666666,0.3333333333333333,0.3333333333333333,0.0,0.0,0.3333333333333333,0.0,0.6666666666666666,0.3333333333333333,0.0,0.0,3.6666666666666665,4.333333333333333,0.6666666666666666,1.6666666666666667,9.0,9.666666666666666,4.666666666666667,6.0,0.6666666666666666,0.6666666666666666,0.3333333333333333,0.6666666666666666,0.3333333333333333,0.3333333333333333,0.0,0.0,0.0,0.0,1.0,257.0,0.8461538461538461,0.4,1.0,0.5,0.0,0.0,0.0,,0.0,-2.0,-50.0,,8.328542094455852,-3.0,-2.0,-1.0,,,,,,,,,,,,,,,,,,,,,,,,,,,,,,,,,,,,,,,,,-3.0,,,,,,,,,,,,,,,,,,,,,,,,,,,,,,,,,,,,-3.0,,,,,,,,,,,,,,,,,,,,,,,,,,,,,,,,,,,,-3.0,,,,,,,,,,,,,,,,,,,,,,,,,,,,,,,,,,,
9ebb7bba0b45d517,5af480a3b2e1726b,1995-09-08,597db668b01c442c,46f11d15c0134fe3,Open Weight,0,1,73.0,210.0,,34.62286105407255,Orthodox,Marco Ruas,74.0,240.0,,,Orthodox,Larry Cureton,Orthodox_vs_Orthodox,1.0,1.0,0.0,1.0,0.0,1.0,0.0,0.0,1.0,0.0,1.0,0.0,0.0,0.0,0.0,1.0,0.0,0.0,0.0,4.0,7.0,2.0,4.0,11.0,18.0,4.0,7.0,0.0,0.0,1.0,1.0,2.0,2.0,1.0,0.0,0.0,0.0,1.0,747.0,0.5714285714285714,0.5,,1.0,1.0,1.0,0.0,1.0,0.0,0.0,0.0,0.0,1.0,0.0,0.0,0.0,4.0,7.0,2.0,4.0,11.0,18.0,4.0,7.0,0.0,0.0,1.0,1.0,2.0,2.0,1.0,0.0,0.0,0.0,1.0,747.0,0.5714285714285714,0.5,,1.0,1.0,1.0,0.0,1.0,0.0,0.0,0.0,0.0,1.0,0.0,0.0,0.0,4.0,7.0,2.0,4.0,11.0,18.0,4.0,7.0,0.0,0.0,1.0,1.0,2.0,2.0,1.0,0.0,0.0,0.0,1.0,747.0,0.5714285714285714,0.5,,1.0,1.0,1.0,0.0,1.0,0.0,0.0,0.0,0.0,1.0,0.0,0.0,0.0,4.0,7.0,2.0,4.0,11.0,18.0,4.0,7.0,0.0,0.0,1.0,1.0,2.0,2.0,1.0,0.0,0.0,0.0,1.0,747.0,0.5714285714285714,0.5,,1.0,1.0,0.0,1.0,0.0,0.0,0.0,0.0,1.0,0.0,0.0,0.0,0.0,0.0,1.0,0.0,0.0,1.0,0.0,0.0,1.0,2.0,4.0,4.0,15.0,16.0,64.0,66.0,0.0,0.0,1.0,1.0,0.0,1.0,0.0,0.0,0.0,0.0,1.0,175.0,0.5,1.0,,1.0,1.0,0.0,0.0,0.0,0.0,0.0,1.0,0.0,0.0,1.0,0.0,0.0,1.0,2.0,4.0,4.0,15.0,16.0,64.0,66.0,0.0,0.0,1.0,1.0,0.0,1.0,0.0,0.0,0.0,0.0,1.0,175.0,0.5,1.0,,1.0,1.0,0.0,0.0,0.0,0.0,0.0,1.0,0.0,0.0,1.0,0.0,0.0,1.0,2.0,4.0,4.0,15.0,16.0,64.0,66.0,0.0,0.0,1.0,1.0,0.0,1.0,0.0,0.0,0.0,0.0,1.0,175.0,0.5,1.0,,1.0,1.0,0.0,0.0,0.0,0.0,0.0,1.0,0.0,0.0,1.0,0.0,0.0,1.0,2.0,4.0,4.0,15.0,16.0,64.0,66.0,0.0,0.0,1.0,1.0,0.0,1.0,0.0,0.0,0.0,0.0,1.0,175.0,0.5,1.0,,1.0,0.0,0.0,0.0,,0.0,-1.0,-30.0,,,0.0,1.0,-1.0,1.0,0.0,1.0,0.0,-1.0,1.0,0.0,1.0,0.0,0.0,-1.0,0.0,1.0,-1.0,0.0,0.0,3.0,5.0,-2.0,0.0,-4.0,2.0,-60.0,-59.0,0.0,0.0,0.0,0.0,2.0,1.0,1.0,0.0,0.0,0.0,0.0,572.0,0.0714285714285714,-0.5,,0.0,0.0,1.0,0.0,1.0,0.0,0.0,-1.0,0.0,1.0,-1.0,0.0,0.0,3.0,5.0,-2.0,0.0,-4.0,2.0,-60.0,-59.0,0.0,0.0,0.0,0.0,2.0,1.0,1.0,0.0,0.0,0.0,0.0,572.0,0.0714285714285714,-0.5,,0.0,0.0,1.0,0.0,1.0,0.0,0.0,-1.0,0.0,1.0,-1.0,0.0,0.0,3.0,5.0,-2.0,0.0,-4.0,2.0,-60.0,-59.0,0.0,0.0,0.0,0.0,2.0,1.0,1.0,0.0,0.0,0.0,0.0,572.0,0.0714285714285714,-0.5,,0.0,0.0,1.0,0.0,1.0,0.0,0.0,-1.0,0.0,1.0,-1.0,0.0,0.0,3.0,5.0,-2.0,0.0,-4.0,2.0,-60.0,-59.0,0.0,0.0,0.0,0.0,2.0,1.0,1.0,0.0,0.0,0.0,0.0,572.0,0.0714285714285714,-0.5,,0.0
e4fe950846b51bdf,5af480a3b2e1726b,1995-09-08,96d173b7f92aa520,d3b5ad3b15a64a18,Open Weight,0,1,71.0,200.0,,,Unknown,Onassis Parungao,,,,,Unknown,Francesco Maturi,Unknown_vs_Unknown,0.0,0.0,0.0,,,,,,,,,,,,,,,,,,,,,,,,,,,,,,,,,,,,,,,,,0.0,,,,,,,,,,,,,,,,,,,,,,,,,,,,,,,,,,,,0.0,,,,,,,,,,,,,,,,,,,,,,,,,,,,,,,,,,,,0.0,,,,,,,,,,,,,,,,,,,,,,,,,,,,,,,,,,,,0.0,0.0,0.0,,,,,,,,,,,,,,,,,,,,,,,,,,,,,,,,,,,,,,,,,0.0,,,,,,,,,,,,,,,,,,,,,,,,,,,,,,,,,,,,0.0,,,,,,,,,,,,,,,,,,,,,,,,,,,,,,,,,,,,0.0,,,,,,,,,,,,,,,,,,,,,,,,,,,,,,,,,,,,0.0,0.0,0.0,,0.0,,,,,0.0,0.0,0.0,,,,,,,,,,,,,,,,,,,,,,,,,,,,,,,,,,,,,,,,,0.0,,,,,,,,,,,,,,,,,,,,,,,,,,,,,,,,,,,,0.0,,,,,,,,,,,,,,,,,,,,,,,,,,,,,,,,,,,,0.0,,,,,,,,,,,,,,,,,,,,,,,,,,,,,,,,,,,
e7ca291dd8f5661b,5af480a3b2e1726b,1995-09-08,597db668b01c442c,07a18ae55dfc3cd9,7 Tournament,1,1,73.0,210.0,,34.62286105407255,Orthodox,Marco Ruas,80.0,300.0,,25.973990417522245,Orthodox,Paul Varelans,Orthodox_vs_Orthodox,2.0,2.0,0.0,1.0,0.0,1.0,0.0,0.0,1.0,0.0,1.0,0.0,0.0,0.0,0.0,1.0,0.0,0.0,0.0,2.5,4.0,4.0,5.5,6.5,10.0,7.5,10.5,0.5,0.5,0.5,0.5,2.5,1.5,0.5,0.5,0.0,0.0,1.0,475.0,0.625,0.7272727272727273,1.0,1.0,2.0,1.0,0.0,1.0,0.0,0.0,0.0,0.0,1.0,0.0,0.0,0.0,2.5,4.0,4.0,5.5,6.5,10.0,7.5,10.5,0.5,0.5,0.5,0.5,2.5,1.5,0.5,0.5,0.0,0.0,1.0,475.0,0.625,0.7272727272727273,1.0,1.0,2.0,1.0,0.0,1.0,0.0,0.0,0.0,0.0,1.0,0.0,0.0,0.0,2.5,4.0,4.0,5.5,6.5,10.0,7.5,10.5,0.5,0.5,0.5,0.5,2.5,1.5,0.5,0.5,0.0,0.0,1.0,475.0,0.625,0.7272727272727273,1.0,1.0,2.0,1.0,0.0,1.0,0.0,0.0,0.0,0.0,1.0,0.0,0.0,0.0,2.5,4.0,4.0,5.5,6.5,10.0,7.5,10.5,0.5,0.5,0.5,0.5,2.5,1.5,0.5,0.5,0.0,0.0,1.0,475.0,0.625,0.7272727272727273,1.0,1.0,4.0,3.0,1.0,0.75,0.5,0.25,0.0,0.25,0.75,0.5,0.25,0.0,0.25,0.0,0.0,0.75,0.25,0.25,0.0,3.75,7.75,6.25,14.75,15.75,21.25,8.25,16.75,0.5,0.5,0.25,0.5,0.5,0.0,0.0,0.0,0.0,0.0,1.0,75.25,0.4838709677419355,0.423728813559322,1.0,0.5,3.0,1.0,0.6666666666666666,0.3333333333333333,0.0,0.0,0.0,0.0,1.0,0.0,0.3333333333333333,0.0,4.666666666666667,9.666666666666666,3.6666666666666665,12.666666666666666,17.0,23.666666666666668,5.0,14.0,0.6666666666666666,0.6666666666666666,0.0,0.3333333333333333,0.6666666666666666,0.0,0.0,0.0,0.0,0.0,1.0,62.666666666666664,0.4827586206896552,0.2894736842105263,1.0,0.0,4.0,0.75,0.5,0.25,0.0,0.25,0.0,0.0,0.75,0.25,0.25,0.0,3.75,7.75,6.25,14.75,15.75,21.25,8.25,16.75,0.5,0.5,0.25,0.5,0.5,0.0,0.0,0.0,0.0,0.0,1.0,75.25,0.4838709677419355,0.423728813559322,1.0,0.5,4.0,0.75,0.5,0.25,0.0,0.25,0.0,0.0,0.75,0.25,0.25,0.0,3.75,7.75,6.25,14.75,15.75,21.25,8.25,16.75,0.5,0.5,0.25,0.5,0.5,0.0,0.0,0.0,0.0,0.0,1.0,75.25,0.4838709677419355,0.423728813559322,1.0,0.5,0.0,0.0,0.0,,0.0,-7.0,-90.0,,8.648870636550306,-2.0,-1.0,-1.0,0.25,-0.5,0.75,0.0,-0.25,0.25,-0.5,0.75,0.0,-0.25,0.0,0.0,0.25,-0.25,-0.25,0.0,-1.25,-3.75,-2.25,-9.25,-9.25,-11.25,-0.75,-6.25,0.0,0.0,0.25,0.0,2.0,1.5,0.5,0.5,0.0,0.0,0.0,399.75,0.1411290322580645,0.3035439137134053,0.0,0.5,-1.0,0.0,-0.6666666666666666,0.6666666666666667,0.0,0.0,0.0,0.0,0.0,0.0,-0.3333333333333333,0.0,-2.166666666666667,-5.666666666666666,0.3333333333333335,-7.166666666666666,-10.5,-13.666666666666668,2.5,-3.5,-0.16666666666666663,-0.16666666666666663,0.5,0.16666666666666669,1.8333333333333335,1.5,0.5,0.5,0.0,0.0,0.0,412.3333333333333,0.1422413793103448,0.43779904306220097,0.0,1.0,-2.0,0.25,-0.5,0.75,0.0,-0.25,0.0,0.0,0.25,-0.25,-0.25,0.0,-1.25,-3.75,-2.25,-9.25,-9.25,-11.25,-0.75,-6.25,0.0,0.0,0.25,0.0,2.0,1.5,0.5,0.5,0.0,0.0,0.0,399.75,0.1411290322580645,0.3035439137134053,0.0,0.5,-2.0,0.25,-0.5,0.75,0.0,-0.25,0.0,0.0,0.25,-0.25,-0.25,0.0,-1.25,-3.75,-2.25,-9.25,-9.25,-11.25,-0.75,-6.25,0.0,0.0,0.25,0.0,2.0,1.5,0.5,0.5,0.0,0.0,0.0,399.75,0.1411290322580645,0.3035439137134053,0.0,0.5
e9ce3a28eeb83905,5af480a3b2e1726b,1995-09-08,3f24c96753dbd9f9,5af480a3b2e1726b,Open Weight,0,1,76.0,245.0,,29.924709103353866,Unknown,Scott Bessac,72.0,200.0,,,Unknown,David Hood,Unknown_vs_Unknown,0.0,0.0,0.0,,,,,,,,,,,,,,,,,,,,,,,,,,,,,,,,,,,,,,,,,0.0,,,,,,,,,,,,,,,,,,,,,,,,,,,,,,,,,,,,0.0,,,,,,,,,,,,,,,,,,,,,,,,,,,,,,,,,,,,0.0,,,,,,,,,,,,,,,,,,,,,,,,,,,,,,,,,,,,0.0,0.0,0.0,,,,,,,,,,,,,,,,,,,,,,,,,,,,,,,,,,,,,,,,,0.0,,,,,,,,,,,,,,,,,,,,,,,,,,,,,,,,,,,,0.0,,,,,,,,,,,,,,,,,,,,,,,,,,,,,,,,,,,,0.0,,,,,,,,,,,,,,,,,,,,,,,,,,,,,,,,,,,,0.0,0.0,0.0,,0.0,4.0,45.0,,,0.0,0.0,0.0,,,,,,,,,,,,,,,,,,,,,,,,,,,,,,,,,,,,,,,,,0.0,,,,,,,,,,,,,,,,,,,,,,,,,,,,,,,,,,,,0.0,,,,,,,,,,,,,,,,,,,,,,,,,,,,,,,,,,,,0.0,,,,,,,,,,,,,,,,,,,,,,,,,,,,,,,,,,,
ef2ccb690dcd943f,5af480a3b2e1726b,1995-09-08,749685d24e2cac50,6a0b80a24f22e152,Open Weight,0,1,75.0,260.0,,26.2943189596167,Southpaw,Remco Pardoel,75.0,235.0,,,Southpaw,Ryan Parker,Southpaw_vs_Southpaw,4.0,2.0,2.0,0.5,0.25,0.25,0.0,0.5,0.5,0.25,0.25,0.0,0.0,0.5,0.0,0.5,0.5,0.0,0.0,3.25,4.25,1.5,3.0,7.75,9.0,6.25,9.0,0.75,0.75,0.25,0.5,0.75,0.75,0.0,0.25,0.0,0.0,1.0,379.5,0.7647058823529411,0.5,1.0,0.5,3.0,0.3333333333333333,0.3333333333333333,0.0,0.0,0.0,0.6666666666666666,0.0,0.3333333333333333,0.6666666666666666,0.0,0.0,3.0,3.6666666666666665,1.6666666666666667,3.0,3.6666666666666665,4.666666666666667,5.333333333333333,8.333333333333334,0.6666666666666666,0.6666666666666666,0.3333333333333333,0.6666666666666666,0.6666666666666666,1.0,0.0,0.3333333333333333,0.0,0.0,1.0,309.0,0.8181818181818182,0.5555555555555556,1.0,0.5,4.0,0.5,0.25,0.25,0.0,0.0,0.5,0.0,0.5,0.5,0.0,0.0,3.25,4.25,1.5,3.0,7.75,9.0,6.25,9.0,0.75,0.75,0.25,0.5,0.75,0.75,0.0,0.25,0.0,0.0,1.0,379.5,0.7647058823529411,0.5,1.0,0.5,4.0,0.5,0.25,0.25,0.0,0.0,0.5,0.0,0.5,0.5,0.0,0.0,3.25,4.25,1.5,3.0,7.75,9.0,6.25,9.0,0.75,0.75,0.25,0.5,0.75,0.75,0.0,0.25,0.0,0.0,1.0,379.5,0.7647058823529411,0.5,1.0,0.5,0.0,0.0,0.0,,,,,,,,,,,,,,,,,,,,,,,,,,,,,,,,,,,,,,,,,0.0,,,,,,,,,,,,,,,,,,,,,,,,,,,,,,,,,,,,0.0,,,,,,,,,,,,,,,,,,,,,,,,,,,,,,,,,,,,0.0,,,,,,,,,,,,,,,,,,,,,,,,,,,,,,,,,,,,0.0,0.0,0.0,,0.0,0.0,25.0,,,4.0,2.0,2.0,,,,,,,,,,,,,,,,,,,,,,,,,,,,,,,,,,,,,,,,,3.0,,,,,,,,,,,,,,,,,,,,,,,,,,,,,,,,,,,,4.0,,,,,,,,,,,,,,,,,,,,,,,,,,,,,,,,,,,,4.0,,,,,,,,,,,,,,,,,,,,,,,,,,,,,,,,,,,
fcf632627ce40195,5af480a3b2e1726b,1995-09-08,18524b46c570730b,a2b06ca02bca14c0,Open Weight,0,1,72.0,190.0,,34.614647501711154,Orthodox,Mark Hall,74.0,240.0,,,Orthodox,Harold Howard,Orthodox_vs_Orthodox,1.0,0.0,1.0,0.0,0.0,0.0,0.0,1.0,0.0,0.0,0.0,0.0,0.0,1.0,0.0,0.0,1.0,0.0,0.0,2.0,3.0,2.0,3.0,4.0,5.0,4.0,6.0,0.0,0.0,1.0,1.0,0.0,2.0,0.0,0.0,0.0,0.0,1.0,61.0,0.6666666666666666,0.6666666666666666,,1.0,1.0,0.0,0.0,0.0,0.0,0.0,1.0,0.0,0.0,1.0,0.0,0.0,2.0,3.0,2.0,3.0,4.0,5.0,4.0,6.0,0.0,0.0,1.0,1.0,0.0,2.0,0.0,0.0,0.0,0.0,1.0,61.0,0.6666666666666666,0.6666666666666666,,1.0,1.0,0.0,0.0,0.0,0.0,0.0,1.0,0.0,0.0,1.0,0.0,0.0,2.0,3.0,2.0,3.0,4.0,5.0,4.0,6.0,0.0,0.0,1.0,1.0,0.0,2.0,0.0,0.0,0.0,0.0,1.0,61.0,0.6666666666666666,0.6666666666666666,,1.0,1.0,0.0,0.0,0.0,0.0,0.0,1.0,0.0,0.0,1.0,0.0,0.0,2.0,3.0,2.0,3.0,4.0,5.0,4.0,6.0,0.0,0.0,1.0,1.0,0.0,2.0,0.0,0.0,0.0,0.0,1.0,61.0,0.6666666666666666,0.6666666666666666,,1.0,2.0,1.0,1.0,0.5,0.5,0.0,0.0,0.5,0.5,0.5,0.0,0.0,0.5,0.0,0.0,0.5,0.5,0.5,0.0,5.5,9.0,4.5,7.5,7.5,11.0,5.0,8.5,0.0,0.5,1.0,1.5,0.5,0.0,0.0,0.0,0.0,0.0,1.0,66.5,0.6111111111111112,0.6,0.0,0.6666666666666666,2.0,0.5,0.5,0.0,0.0,0.5,0.0,0.0,0.5,0.5,0.5,0.0,5.5,9.0,4.5,7.5,7.5,11.0,5.0,8.5,0.0,0.5,1.0,1.5,0.5,0.0,0.0,0.0,0.0,0.0,1.0,66.5,0.6111111111111112,0.6,0.0,0.6666666666666666,2.0,0.5,0.5,0.0,0.0,0.5,0.0,0.0,0.5,0.5,0.5,0.0,5.5,9.0,4.5,7.5,7.5,11.0,5.0,8.5,0.0,0.5,1.0,1.5,0.5,0.0,0.0,0.0,0.0,0.0,1.0,66.5,0.6111111111111112,0.6,0.0,0.6666666666666666,2.0,0.5,0.5,0.0,0.0,0.5,0.0,0.0,0.5,0.5,0.5,0.0,5.5,9.0,4.5,7.5,7.5,11.0,5.0,8.5,0.0,0.5,1.0,1.5,0.5,0.0,0.0,0.0,0.0,0.0,1.0,66.5,0.6111111111111112,0.6,0.0,0.6666666666666666,0.0,0.0,0.0,,0.0,-2.0,-50.0,,,-1.0,-1.0,0.0,-0.5,-0.5,0.0,0.0,0.5,-0.5,-0.5,0.0,0.0,-0.5,1.0,0.0,-0.5,0.5,-0.5,0.0,-3.5,-6.0,-2.5,-4.5,-3.5,-6.0,-1.0,-2.5,0.0,-0.5,0.0,-0.5,-0.5,2.0,0.0,0.0,0.0,0.0,0.0,-5.5,0.05555555555555547,0.06666666666666665,,0.33333333333333337,-1.0,-0.5,-0.5,0.0,0.0,-0.5,1.0,0.0,-0.5,0.5,-0.5,0.0,-3.5,-6.0,-2.5,-4.5,-3.5,-6.0,-1.0,-2.5,0.0,-0.5,0.0,-0.5,-0.5,2.0,0.0,0.0,0.0,0.0,0.0,-5.5,0.05555555555555547,0.06666666666666665,,0.33333333333333337,-1.0,-0.5,-0.5,0.0,0.0,-0.5,1.0,0.0,-0.5,0.5,-0.5,0.0,-3.5,-6.0,-2.5,-4.5,-3.5,-6.0,-1.0,-2.5,0.0,-0.5,0.0,-0.5,-0.5,2.0,0.0,0.0,0.0,0.0,0.0,-5.5,0.05555555555555547,0.06666666666666665,,0.33333333333333337,-1.0,-0.5,-0.5,0.0,0.0,-0.5,1.0,0.0,-0.5,0.5,-0.5,0.0,-3.5,-6.0,-2.5,-4.5,-3.5,-6.0,-1.0,-2.5,0.0,-0.5,0.0,-0.5,-0.5,2.0,0.0,0.0,0.0,0.0,0.0,-5.5,0.05555555555555547,0.06666666666666665,,0.33333333333333337
0d872527bbb3cd40,31bbd46d57dfbcb7,1995-12-16,c670aa48827d6be6,b361180739bed4b0,Open Weight,0,1,74.0,250.0,,37.52224503764545,Southpaw,Dan Severn,72.0,265.0,,30.639288158795345,Switch,David Abbott,Southpaw_vs_Switch,7.0,5.0,2.0,0.7142857142857143,0.14285714285714285,0.5714285714285714,0.0,0.2857142857142857,0.7142857142857143,0.14285714285714285,0.5714285714285714,0.0,0.0,0.2857142857142857,0.0,0.7142857142857143,0.2857142857142857,0.0,0.0,2.7142857142857144,4.714285714285714,2.0,3.857142857142857,12.857142857142858,20.142857142857142,14.571428571428571,16.857142857142858,1.0,1.5714285714285714,0.0,0.14285714285714285,0.5714285714285714,0.7142857142857143,0.0,0.0,0.0,0.0,1.0,254.28571428571428,0.5757575757575758,0.5185185185185185,0.6363636363636364,0.0,3.0,0.6666666666666666,0.3333333333333333,0.3333333333333333,0.0,0.0,0.3333333333333333,0.0,0.6666666666666666,0.3333333333333333,0.0,0.0,4.333333333333333,7.333333333333333,1.3333333333333333,3.6666666666666665,17.0,26.333333333333332,2.3333333333333335,5.0,0.6666666666666666,1.0,0.0,0.3333333333333333,0.3333333333333333,0.6666666666666666,0.0,0.0,0.0,0.0,1.0,192.0,0.5909090909090909,0.36363636363636365,0.6666666666666666,0.0,5.0,0.6,0.2,0.4,0.0,0.0,0.4,0.0,0.6,0.4,0.0,0.0,3.8,6.6,1.0,3.2,18.0,28.2,17.6,20.2,0.8,1.0,0.0,0.2,0.4,1.0,0.0,0.0,0.0,0.0,1.0,324.6,0.5757575757575758,0.3125,0.8,0.0,7.0,0.7142857142857143,0.14285714285714285,0.5714285714285714,0.0,0.0,0.2857142857142857,0.0,0.7142857142857143,0.2857142857142857,0.0,0.0,2.7142857142857144,4.714285714285714,2.0,3.857142857142857,12.857142857142858,20.142857142857142,14.571428571428571,16.857142857142858,1.0,1.5714285714285714,0.0,0.14285714285714285,0.5714285714285714,0.7142857142857143,0.0,0.0,0.0,0.0,1.0,254.28571428571428,0.5757575757575758,0.5185185185185185,0.6363636363636364,0.0,3.0,2.0,1.0,0.6666666666666666,0.6666666666666666,0.0,0.0,0.3333333333333333,0.6666666666666666,0.6666666666666666,0.0,0.0,0.0,0.3333333333333333,0.0,0.6666666666666666,0.3333333333333333,0.6666666666666666,0.0,12.666666666666666,26.0,1.6666666666666667,4.0,21.333333333333332,36.0,20.0,24.333333333333332,1.0,1.3333333333333333,0.0,1.0,0.3333333333333333,1.3333333333333333,0.0,0.0,0.0,0.0,1.0,399.3333333333333,0.48717948717948717,0.4166666666666667,0.75,0.0,3.0,0.6666666666666666,0.6666666666666666,0.0,0.0,0.0,0.3333333333333333,0.0,0.6666666666666666,0.3333333333333333,0.6666666666666666,0.0,12.666666666666666,26.0,1.6666666666666667,4.0,21.333333333333332,36.0,20.0,24.333333333333332,1.0,1.3333333333333333,0.0,1.0,0.3333333333333333,1.3333333333333333,0.0,0.0,0.0,0.0,1.0,399.3333333333333,0.48717948717948717,0.4166666666666667,0.75,0.0,3.0,0.6666666666666666,0.6666666666666666,0.0,0.0,0.0,0.3333333333333333,0.0,0.6666666666666666,0.3333333333333333,0.6666666666666666,0.0,12.666666666666666,26.0,1.6666666666666667,4.0,21.333333333333332,36.0,20.0,24.333333333333332,1.0,1.3333333333333333,0.0,1.0,0.3333333333333333,1.3333333333333333,0.0,0.0,0.0,0.0,1.0,399.3333333333333,0.48717948717948717,0.4166666666666667,0.75,0.0,3.0,0.6666666666666666,0.6666666666666666,0.0,0.0,0.0,0.3333333333333333,0.0,0.6666666666666666,0.3333333333333333,0.6666666666666666,0.0,12.666666666666666,26.0,1.6666666666666667,4.0,21.333333333333332,36.0,20.0,24.333333333333332,1.0,1.3333333333333333,0.0,1.0,0.3333333333333333,1.3333333333333333,0.0,0.0,0.0,0.0,1.0,399.3333333333333,0.48717948717948717,0.4166666666666667,0.75,0.0,0.0,0.0,0.0,,0.0,2.0,-15.0,,6.882956878850102,4.0,3.0,1.0,0.04761904761904767,-0.5238095238095237,0.5714285714285714,0.0,-0.047619047619047616,0.04761904761904767,-0.5238095238095237,0.5714285714285714,0.0,0.0,-0.047619047619047616,0.0,0.04761904761904767,-0.047619047619047616,-0.6666666666666666,0.0,-9.952380952380953,-21.285714285714285,0.33333333333333326,-0.1428571428571428,-8.476190476190474,-15.857142857142858,-5.428571428571429,-7.4761904761904745,0.0,0.23809523809523814,0.0,-0.8571428571428572,0.23809523809523808,-0.619047619047619,0.0,0.0,0.0,0.0,0.0,-145.04761904761904,0.08857808857808863,0.1018518518518518,-0.11363636363636365,0.0,0.0,0.0,-0.3333333333333333,0.3333333333333333,0.0,0.0,0.0,0.0,0.0,0.0,-0.6666666666666666,0.0,-8.333333333333332,-18.666666666666668,-0.3333333333333335,-0.3333333333333335,-4.333333333333332,-9.666666666666668,-17.666666666666668,-19.333333333333332,-0.33333333333333337,-0.33333333333333326,0.0,-0.6666666666666667,0.0,-0.6666666666666666,0.0,0.0,0.0,0.0,0.0,-207.33333333333331,0.10372960372960377,-0.05303030303030304,-0.08333333333333337,0.0,2.0,-0.06666666666666665,-0.4666666666666666,0.4,0.0,0.0,0.06666666666666671,0.0,-0.06666666666666665,0.06666666666666671,-0.6666666666666666,0.0,-8.866666666666667,-19.4,-0.6666666666666667,-0.7999999999999998,-3.333333333333332,-7.800000000000001,-2.3999999999999986,-4.133333333333333,-0.19999999999999996,-0.33333333333333326,0.0,-0.8,0.06666666666666671,-0.33333333333333326,0.0,0.0,0.0,0.0,0.0,-74.73333333333329,0.08857808857808863,-0.10416666666666669,0.050000000000000044,0.0,4.0,0.04761904761904767,-0.5238095238095237,0.5714285714285714,0.0,0.0,-0.047619047619047616,0.0,0.04761904761904767,-0.047619047619047616,-0.6666666666666666,0.0,-9.952380952380953,-21.285714285714285,0.33333333333333326,-0.1428571428571428,-8.476190476190474,-15.857142857142858,-5.428571428571429,-7.4761904761904745,0.0,0.23809523809523814,0.0,-0.8571428571428572,0.23809523809523808,-0.619047619047619,0.0,0.0,0.0,0.0,0.0,-145.04761904761904,0.08857808857808863,0.1018518518518518,-0.11363636363636365,0.0
3e39aac3e15d75bd,31bbd46d57dfbcb7,1995-12-16,597db668b01c442c,bf12aca029bfcc47,Open Weight,0,1,73.0,210.0,,34.893908281998634,Orthodox,Marco Ruas,71.0,200.0,,37.67008898015058,Sideways,Keith Hackney,Orthodox_vs_Sideways,3.0,3.0,0.0,1.0,0.3333333333333333,0.6666666666666666,0.0,0.0,1.0,0.3333333333333333,0.6666666666666666,0.0,0.0,0.0,0.0,1.0,0.0,0.3333333333333333,0.0,12.666666666666666,22.333333333333332,6.0,13.666666666666666,22.333333333333332,34.666666666666664,17.0,28.0,0.3333333333333333,0.3333333333333333,0.3333333333333333,0.3333333333333333,1.6666666666666667,1.3333333333333333,0.3333333333333333,0.3333333333333333,0.0,0.0,1.0,582.3333333333334,0.5671641791044776,0.43902439024390244,1.0,1.0,3.0,1.0,0.3333333333333333,0.6666666666666666,0.0,0.0,0.0,0.0,1.0,0.0,0.3333333333333333,0.0,12.666666666666666,22.333333333333332,6.0,13.666666666666666,22.333333333333332,34.666666666666664,17.0,28.0,0.3333333333333333,0.3333333333333333,0.3333333333333333,0.3333333333333333,1.6666666666666667,1.3333333333333333,0.3333333333333333,0.3333333333333333,0.0,0.0,1.0,582.3333333333334,0.5671641791044776,0.43902439024390244,1.0,1.0,3.0,1.0,0.3333333333333333,0.6666666666666666,0.0,0.0,0.0,0.0,1.0,0.0,0.3333333333333333,0.0,12.666666666666666,22.333333333333332,6.0,13.666666666666666,22.333333333333332,34.666666666666664,17.0,28.0,0.3333333333333333,0.3333333333333333,0.3333333333333333,0.3333333333333333,1.6666666666666667,1.3333333333333333,0.3333333333333333,0.3333333333333333,0.0,0.0,1.0,582.3333333333334,0.5671641791044776,0.43902439024390244,1.0,1.0,3.0,1.0,0.3333333333333333,0.6666666666666666,0.0,0.0,0.0,0.0,1.0,0.0,0.3333333333333333,0.0,12.666666666666666,22.333333333333332,6.0,13.666666666666666,22.333333333333332,34.666666666666664,17.0,28.0,0.3333333333333333,0.3333333333333333,0.3333333333333333,0.3333333333333333,1.6666666666666667,1.3333333333333333,0.3333333333333333,0.3333333333333333,0.0,0.0,1.0,582.3333333333334,0.5671641791044776,0.43902439024390244,1.0,1.0,3.0,2.0,1.0,0.6666666666666666,0.3333333333333333,0.3333333333333333,0.0,0.3333333333333333,0.6666666666666666,0.3333333333333333,0.3333333333333333,0.0,0.0,0.3333333333333333,0.0,0.6666666666666666,0.3333333333333333,0.3333333333333333,0.0,15.333333333333334,25.666666666666668,4.0,9.333333333333334,17.666666666666668,28.0,17.666666666666668,23.666666666666668,0.0,0.0,0.3333333333333333,1.3333333333333333,0.3333333333333333,1.3333333333333333,0.0,0.0,0.0,0.0,1.0,205.0,0.5974025974025974,0.42857142857142855,,0.25,3.0,0.6666666666666666,0.3333333333333333,0.3333333333333333,0.0,0.0,0.3333333333333333,0.0,0.6666666666666666,0.3333333333333333,0.3333333333333333,0.0,15.333333333333334,25.666666666666668,4.0,9.333333333333334,17.666666666666668,28.0,17.666666666666668,23.666666666666668,0.0,0.0,0.3333333333333333,1.3333333333333333,0.3333333333333333,1.3333333333333333,0.0,0.0,0.0,0.0,1.0,205.0,0.5974025974025974,0.42857142857142855,,0.25,3.0,0.6666666666666666,0.3333333333333333,0.3333333333333333,0.0,0.0,0.3333333333333333,0.0,0.6666666666666666,0.3333333333333333,0.3333333333333333,0.0,15.333333333333334,25.666666666666668,4.0,9.333333333333334,17.666666666666668,28.0,17.666666666666668,23.666666666666668,0.0,0.0,0.3333333333333333,1.3333333333333333,0.3333333333333333,1.3333333333333333,0.0,0.0,0.0,0.0,1.0,205.0,0.5974025974025974,0.42857142857142855,,0.25,3.0,0.6666666666666666,0.3333333333333333,0.3333333333333333,0.0,0.0,0.3333333333333333,0.0,0.6666666666666666,0.3333333333333333,0.3333333333333333,0.0,15.333333333333334,25.666666666666668,4.0,9.333333333333334,17.666666666666668,28.0,17.666666666666668,23.666666666666668,0.0,0.0,0.3333333333333333,1.3333333333333333,0.3333333333333333,1.3333333333333333,0.0,0.0,0.0,0.0,1.0,205.0,0.5974025974025974,0.42857142857142855,,0.25,0.0,0.0,0.0,,0.0,2.0,10.0,,-2.776180698151947,0.0,1.0,-1.0,0.33333333333333337,0.0,0.3333333333333333,0.0,-0.3333333333333333,0.33333333333333337,0.0,0.3333333333333333,0.0,0.0,-0.3333333333333333,0.0,0.33333333333333337,-0.3333333333333333,0.0,0.0,-2.666666666666668,-3.3333333333333357,2.0,4.333333333333332,4.666666666666664,6.666666666666664,-0.6666666666666679,4.333333333333332,0.3333333333333333,0.3333333333333333,0.0,-1.0,1.3333333333333335,0.0,0.3333333333333333,0.3333333333333333,0.0,0.0,0.0,377.33333333333337,-0.030238418298119796,0.010452961672473893,,0.75,0.0,0.33333333333333337,0.0,0.3333333333333333,0.0,0.0,-0.3333333333333333,0.0,0.33333333333333337,-0.3333333333333333,0.0,0.0,-2.666666666666668,-3.3333333333333357,2.0,4.333333333333332,4.666666666666664,6.666666666666664,-0.6666666666666679,4.333333333333332,0.3333333333333333,0.3333333333333333,0.0,-1.0,1.3333333333333335,0.0,0.3333333333333333,0.3333333333333333,0.0,0.0,0.0,377.33333333333337,-0.030238418298119796,0.010452961672473893,,0.75,0.0,0.33333333333333337,0.0,0.3333333333333333,0.0,0.0,-0.3333333333333333,0.0,0.33333333333333337,-0.3333333333333333,0.0,0.0,-2.666666666666668,-3.3333333333333357,2.0,4.333333333333332,4.666666666666664,6.666666666666664,-0.6666666666666679,4.333333333333332,0.3333333333333333,0.3333333333333333,0.0,-1.0,1.3333333333333335,0.0,0.3333333333333333,0.3333333333333333,0.0,0.0,0.0,377.33333333333337,-0.030238418298119796,0.010452961672473893,,0.75,0.0,0.33333333333333337,0.0,0.3333333333333333,0.0,0.0,-0.3333333333333333,0.0,0.33333333333333337,-0.3333333333333333,0.0,0.0,-2.666666666666668,-3.3333333333333357,2.0,4.333333333333332,4.666666666666664,6.666666666666664,-0.6666666666666679,4.333333333333332,0.3333333333333333,0.3333333333333333,0.0,-1.0,1.3333333333333335,0.0,0.3333333333333333,0.3333333333333333,0.0,0.0,0.0,377.33333333333337,-0.030238418298119796,0.010452961672473893,,0.75
524b49a676498c6d,31bbd46d57dfbcb7,1995-12-16,c670aa48827d6be6,1dc56b59cb28425d,Ultimate Ultimate '95 Tournament,1,1,74.0,250.0,,37.52224503764545,Southpaw,Dan Severn,72.0,210.0,,28.306639288158795,Orthodox,Oleg Taktarov,Southpaw_vs_Orthodox,8.0,6.0,2.0,0.75,0.125,0.5,0.125,0.25,0.75,0.125,0.5,0.125,0.0,0.25,0.0,0.625,0.25,0.0,0.0,9.5,12.25,2.125,4.125,40.375,49.25,14.125,16.75,1.0,1.625,0.0,0.125,0.5,0.625,0.0,0.0,0.0,0.0,1.0,357.5,0.7755102040816326,0.5151515151515151,0.6153846153846154,0.0,3.0,0.6666666666666666,0.3333333333333333,0.0,0.3333333333333333,0.0,0.3333333333333333,0.0,0.3333333333333333,0.3333333333333333,0.0,0.0,22.666666666666668,28.0,1.6666666666666667,3.6666666666666665,91.0,106.33333333333333,4.333333333333333,7.0,0.6666666666666666,1.3333333333333333,0.0,0.3333333333333333,0.0,0.6666666666666666,0.0,0.0,0.0,0.0,1.0,491.6666666666667,0.8095238095238095,0.45454545454545453,0.5,0.0,5.0,0.8,0.2,0.4,0.2,0.0,0.2,0.0,0.6,0.2,0.0,0.0,14.4,18.2,1.6,3.6,59.2,70.2,3.8,6.6,0.8,1.2,0.0,0.2,0.4,0.4,0.0,0.0,0.0,0.0,1.0,350.8,0.7912087912087912,0.4444444444444444,0.6666666666666666,0.0,8.0,0.75,0.125,0.5,0.125,0.0,0.25,0.0,0.625,0.25,0.0,0.0,9.5,12.25,2.125,4.125,40.375,49.25,14.125,16.75,1.0,1.625,0.0,0.125,0.5,0.625,0.0,0.0,0.0,0.0,1.0,357.5,0.7755102040816326,0.5151515151515151,0.6153846153846154,0.0,5.0,4.0,1.0,0.8,0.0,0.8,0.0,0.2,0.8,0.0,0.8,0.0,0.2,0.0,0.0,0.8,0.2,0.0,0.0,0.8,2.4,6.6,16.2,10.6,13.2,17.8,32.0,0.0,1.0,0.8,1.2,1.4,0.2,0.4,0.0,0.0,0.0,1.0,307.0,0.3333333333333333,0.4074074074074074,0.0,0.6666666666666666,3.0,1.0,0.0,1.0,0.0,0.0,0.0,0.0,1.0,0.0,0.0,0.0,1.3333333333333333,4.0,7.333333333333333,19.666666666666668,17.666666666666668,22.0,14.666666666666666,28.333333333333332,0.0,1.3333333333333333,1.0,1.6666666666666667,2.0,0.3333333333333333,0.3333333333333333,0.0,0.0,0.0,1.0,377.0,0.3333333333333333,0.3728813559322034,0.0,0.6,5.0,0.8,0.0,0.8,0.0,0.2,0.0,0.0,0.8,0.2,0.0,0.0,0.8,2.4,6.6,16.2,10.6,13.2,17.8,32.0,0.0,1.0,0.8,1.2,1.4,0.2,0.4,0.0,0.0,0.0,1.0,307.0,0.3333333333333333,0.4074074074074074,0.0,0.6666666666666666,5.0,0.8,0.0,0.8,0.0,0.2,0.0,0.0,0.8,0.2,0.0,0.0,0.8,2.4,6.6,16.2,10.6,13.2,17.8,32.0,0.0,1.0,0.8,1.2,1.4,0.2,0.4,0.0,0.0,0.0,1.0,307.0,0.3333333333333333,0.4074074074074074,0.0,0.6666666666666666,1.0,1.0,0.0,1.0,1.0,2.0,40.0,,9.215605749486652,3.0,2.0,1.0,-0.050000000000000044,0.125,-0.30000000000000004,0.125,0.04999999999999999,-0.050000000000000044,0.125,-0.30000000000000004,0.125,-0.2,0.25,0.0,-0.17500000000000004,0.04999999999999999,0.0,0.0,8.7,9.85,-4.475,-12.075,29.775,36.05,-3.6750000000000007,-15.25,1.0,0.625,-0.8,-1.075,-0.8999999999999999,0.425,-0.4,0.0,0.0,0.0,0.0,50.5,0.4421768707482993,0.10774410774410775,0.6153846153846154,-0.6666666666666666,0.0,-0.33333333333333337,0.3333333333333333,-1.0,0.3333333333333333,0.0,0.3333333333333333,0.0,-0.6666666666666667,0.3333333333333333,0.0,0.0,21.333333333333336,24.0,-5.666666666666666,-16.0,73.33333333333333,84.33333333333333,-10.333333333333332,-21.333333333333332,0.6666666666666666,0.0,-1.0,-1.3333333333333335,-2.0,0.3333333333333333,-0.3333333333333333,0.0,0.0,0.0,0.0,114.66666666666669,0.4761904761904762,0.08166409861325113,0.5,-0.6,0.0,0.0,0.2,-0.4,0.2,-0.2,0.2,0.0,-0.20000000000000007,0.0,0.0,0.0,13.6,15.799999999999999,-5.0,-12.6,48.6,57.0,-14.0,-25.4,0.8,0.19999999999999996,-0.8,-1.0,-0.9999999999999999,0.2,-0.4,0.0,0.0,0.0,0.0,43.80000000000001,0.45787545787545786,0.037037037037037035,0.6666666666666666,-0.6666666666666666,3.0,-0.050000000000000044,0.125,-0.30000000000000004,0.125,-0.2,0.25,0.0,-0.17500000000000004,0.04999999999999999,0.0,0.0,8.7,9.85,-4.475,-12.075,29.775,36.05,-3.6750000000000007,-15.25,1.0,0.625,-0.8,-1.075,-0.8999999999999999,0.425,-0.4,0.0,0.0,0.0,0.0,50.5,0.4421768707482993,0.10774410774410775,0.6153846153846154,-0.6666666666666666
6449a1a9a69a830c,31bbd46d57dfbcb7,1995-12-16,19ffeb5e3fffd6d5,3f24c96753dbd9f9,Open Weight,0,1,73.0,260.0,,,Southpaw,Joe Charles,76.0,245.0,,30.195756331279945,Unknown,Scott Bessac,Southpaw_vs_Unknown,2.0,1.0,1.0,0.5,0.0,0.5,0.0,0.5,0.5,0.0,0.5,0.0,0.0,0.5,0.0,0.5,0.5,0.0,0.0,0.5,0.5,1.0,2.0,0.5,1.0,6.0,9.5,0.0,0.0,0.5,0.5,0.0,0.5,0.0,0.0,0.0,0.0,0.5,56.0,1.0,0.5,,1.0,2.0,0.5,0.0,0.5,0.0,0.0,0.5,0.0,0.5,0.5,0.0,0.0,0.5,0.5,1.0,2.0,0.5,1.0,6.0,9.5,0.0,0.0,0.5,0.5,0.0,0.5,0.0,0.0,0.0,0.0,0.5,56.0,1.0,0.5,,1.0,2.0,0.5,0.0,0.5,0.0,0.0,0.5,0.0,0.5,0.5,0.0,0.0,0.5,0.5,1.0,2.0,0.5,1.0,6.0,9.5,0.0,0.0,0.5,0.5,0.0,0.5,0.0,0.0,0.0,0.0,0.5,56.0,1.0,0.5,,1.0,2.0,0.5,0.0,0.5,0.0,0.0,0.5,0.0,0.5,0.5,0.0,0.0,0.5,0.5,1.0,2.0,0.5,1.0,6.0,9.5,0.0,0.0,0.5,0.5,0.0,0.5,0.0,0.0,0.0,0.0,0.5,56.0,1.0,0.5,,1.0,1.0,1.0,0.0,1.0,0.0,1.0,0.0,0.0,1.0,0.0,1.0,0.0,0.0,0.0,0.0,1.0,0.0,0.0,0.0,1.0,5.0,2.0,3.0,1.0,5.0,2.0,3.0,0.0,0.0,0.0,0.0,2.0,0.0,0.0,0.0,0.0,0.0,1.0,31.0,0.2,0.6666666666666666,,,1.0,1.0,0.0,1.0,0.0,0.0,0.0,0.0,1.0,0.0,0.0,0.0,1.0,5.0,2.0,3.0,1.0,5.0,2.0,3.0,0.0,0.0,0.0,0.0,2.0,0.0,0.0,0.0,0.0,0.0,1.0,31.0,0.2,0.6666666666666666,,,1.0,1.0,0.0,1.0,0.0,0.0,0.0,0.0,1.0,0.0,0.0,0.0,1.0,5.0,2.0,3.0,1.0,5.0,2.0,3.0,0.0,0.0,0.0,0.0,2.0,0.0,0.0,0.0,0.0,0.0,1.0,31.0,0.2,0.6666666666666666,,,1.0,1.0,0.0,1.0,0.0,0.0,0.0,0.0,1.0,0.0,0.0,0.0,1.0,5.0,2.0,3.0,1.0,5.0,2.0,3.0,0.0,0.0,0.0,0.0,2.0,0.0,0.0,0.0,0.0,0.0,1.0,31.0,0.2,0.6666666666666666,,,0.0,0.0,0.0,,0.0,-3.0,15.0,,,1.0,0.0,1.0,-0.5,0.0,-0.5,0.0,0.5,-0.5,0.0,-0.5,0.0,0.0,0.5,0.0,-0.5,0.5,0.0,0.0,-0.5,-4.5,-1.0,-1.0,-0.5,-4.0,4.0,6.5,0.0,0.0,0.5,0.5,-2.0,0.5,0.0,0.0,0.0,0.0,-0.5,25.0,0.8,-0.16666666666666663,,,1.0,-0.5,0.0,-0.5,0.0,0.0,0.5,0.0,-0.5,0.5,0.0,0.0,-0.5,-4.5,-1.0,-1.0,-0.5,-4.0,4.0,6.5,0.0,0.0,0.5,0.5,-2.0,0.5,0.0,0.0,0.0,0.0,-0.5,25.0,0.8,-0.16666666666666663,,,1.0,-0.5,0.0,-0.5,0.0,0.0,0.5,0.0,-0.5,0.5,0.0,0.0,-0.5,-4.5,-1.0,-1.0,-0.5,-4.0,4.0,6.5,0.0,0.0,0.5,0.5,-2.0,0.5,0.0,0.0,0.0,0.0,-0.5,25.0,0.8,-0.16666666666666663,,,1.0,-0.5,0.0,-0.5,0.0,0.0,0.5,0.0,-0.5,0.5,0.0,0.0,-0.5,-4.5,-1.0,-1.0,-0.5,-4.0,4.0,6.5,0.0,0.0,0.5,0.5,-2.0,0.5,0.0,0.0,0.0,0.0,-0.5,25.0,0.8,-0.16666666666666663,,
6b0430e9c97afec7,31bbd46d57dfbcb7,1995-12-16,b361180739bed4b0,ad047e3073a775f3,Open Weight,0,1,72.0,265.0,,30.639288158795345,Switch,David Abbott,70.0,215.0,,32.2299794661191,Orthodox,Steve Jennum,Switch_vs_Orthodox,4.0,2.0,2.0,0.5,0.5,0.0,0.0,0.25,0.5,0.5,0.0,0.0,0.0,0.25,0.25,0.5,0.25,0.5,0.0,10.25,21.0,15.5,19.25,18.75,31.0,73.25,81.5,0.75,1.0,0.25,1.25,0.25,1.0,0.0,0.0,0.0,0.0,1.0,569.5,0.4880952380952381,0.8051948051948052,0.75,0.2,3.0,0.3333333333333333,0.3333333333333333,0.0,0.0,0.0,0.3333333333333333,0.3333333333333333,0.3333333333333333,0.3333333333333333,0.6666666666666666,0.0,9.0,21.0,20.333333333333332,25.0,19.0,33.0,93.66666666666667,104.0,0.6666666666666666,1.0,0.3333333333333333,1.6666666666666667,0.3333333333333333,1.3333333333333333,0.0,0.0,0.0,0.0,1.0,721.6666666666666,0.42857142857142855,0.8133333333333334,0.6666666666666666,0.2,4.0,0.5,0.5,0.0,0.0,0.0,0.25,0.25,0.5,0.25,0.5,0.0,10.25,21.0,15.5,19.25,18.75,31.0,73.25,81.5,0.75,1.0,0.25,1.25,0.25,1.0,0.0,0.0,0.0,0.0,1.0,569.5,0.4880952380952381,0.8051948051948052,0.75,0.2,4.0,0.5,0.5,0.0,0.0,0.0,0.25,0.25,0.5,0.25,0.5,0.0,10.25,21.0,15.5,19.25,18.75,31.0,73.25,81.5,0.75,1.0,0.25,1.25,0.25,1.0,0.0,0.0,0.0,0.0,1.0,569.5,0.4880952380952381,0.8051948051948052,0.75,0.2,2.0,2.0,0.0,1.0,0.5,0.5,0.0,0.0,1.0,0.5,0.5,0.0,0.0,0.0,0.0,1.0,0.0,0.0,0.0,9.5,25.5,1.5,5.0,18.0,41.5,25.5,33.0,1.5,2.0,0.0,0.0,0.5,0.5,0.0,0.0,0.0,0.0,1.0,187.0,0.37254901960784315,0.3,0.75,,2.0,1.0,0.5,0.5,0.0,0.0,0.0,0.0,1.0,0.0,0.0,0.0,9.5,25.5,1.5,5.0,18.0,41.5,25.5,33.0,1.5,2.0,0.0,0.0,0.5,0.5,0.0,0.0,0.0,0.0,1.0,187.0,0.37254901960784315,0.3,0.75,,2.0,1.0,0.5,0.5,0.0,0.0,0.0,0.0,1.0,0.0,0.0,0.0,9.5,25.5,1.5,5.0,18.0,41.5,25.5,33.0,1.5,2.0,0.0,0.0,0.5,0.5,0.0,0.0,0.0,0.0,1.0,187.0,0.37254901960784315,0.3,0.75,,2.0,1.0,0.5,0.5,0.0,0.0,0.0,0.0,1.0,0.0,0.0,0.0,9.5,25.5,1.5,5.0,18.0,41.5,25.5,33.0,1.5,2.0,0.0,0.0,0.5,0.5,0.0,0.0,0.0,0.0,1.0,187.0,0.37254901960784315,0.3,0.75,,0.0,0.0,0.0,,0.0,2.0,50.0,,-1.5906913073237519,2.0,0.0,2.0,-0.5,0.0,-0.5,0.0,0.25,-0.5,0.0,-0.5,0.0,0.0,0.25,0.25,-0.5,0.25,0.5,0.0,0.75,-4.5,14.0,14.25,0.75,-10.5,47.75,48.5,-0.75,-1.0,0.25,1.25,-0.25,0.5,0.0,0.0,0.0,0.0,0.0,382.5,0.11554621848739494,0.5051948051948052,0.0,,1.0,-0.6666666666666667,-0.16666666666666669,-0.5,0.0,0.0,0.3333333333333333,0.3333333333333333,-0.6666666666666667,0.3333333333333333,0.6666666666666666,0.0,-0.5,-4.5,18.833333333333332,20.0,1.0,-8.5,68.16666666666667,71.0,-0.8333333333333334,-1.0,0.3333333333333333,1.6666666666666667,-0.16666666666666669,0.8333333333333333,0.0,0.0,0.0,0.0,0.0,534.6666666666666,0.0560224089635854,0.5133333333333334,-0.08333333333333337,,2.0,-0.5,0.0,-0.5,0.0,0.0,0.25,0.25,-0.5,0.25,0.5,0.0,0.75,-4.5,14.0,14.25,0.75,-10.5,47.75,48.5,-0.75,-1.0,0.25,1.25,-0.25,0.5,0.0,0.0,0.0,0.0,0.0,382.5,0.11554621848739494,0.5051948051948052,0.0,,2.0,-0.5,0.0,-0.5,0.0,0.0,0.25,0.25,-0.5,0.25,0.5,0.0,0.75,-4.5,14.0,14.25,0.75,-10.5,47.75,48.5,-0.75,-1.0,0.25,1.25,-0.25,0.5,0.0,0.0,0.0,0.0,0.0,382.5,0.11554621848739494,0.5051948051948052,0.0,
717f3c3932279196,31bbd46d57dfbcb7,1995-12-16,1dc56b59cb28425d,597db668b01c442c,Open Weight,0,1,72.0,210.0,,28.306639288158795,Orthodox,Oleg Taktarov,73.0,210.0,,34.893908281998634,Orthodox,Marco Ruas,Orthodox_vs_Orthodox,6.0,4.0,2.0,0.6666666666666666,0.0,0.6666666666666666,0.0,0.16666666666666666,0.6666666666666666,0.0,0.6666666666666666,0.0,0.16666666666666666,0.0,0.16666666666666666,0.6666666666666666,0.16666666666666666,0.0,0.0,2.0,6.833333333333333,9.5,26.666666666666668,13.166666666666666,18.833333333333332,47.833333333333336,72.83333333333333,0.0,1.0,0.6666666666666666,1.0,1.3333333333333333,0.16666666666666666,0.3333333333333333,0.0,0.0,0.0,1.1666666666666667,335.8333333333333,0.2926829268292683,0.35625,0.0,0.6666666666666666,3.0,0.6666666666666666,0.0,0.6666666666666666,0.0,0.0,0.0,0.3333333333333333,0.6666666666666666,0.0,0.0,0.0,4.0,13.666666666666666,15.333333333333334,46.0,26.333333333333332,37.666666666666664,80.66666666666667,120.66666666666667,0.0,1.6666666666666667,1.0,1.3333333333333333,2.0,0.3333333333333333,0.0,0.0,0.0,0.0,1.3333333333333333,534.0,0.2926829268292683,0.3333333333333333,0.0,0.75,5.0,0.8,0.0,0.8,0.0,0.0,0.0,0.2,0.8,0.0,0.0,0.0,2.4,8.2,9.6,28.6,15.8,22.6,49.8,74.6,0.0,1.2,0.6,1.0,1.6,0.2,0.4,0.0,0.0,0.0,1.2,350.8,0.2926829268292683,0.3356643356643357,0.0,0.6,6.0,0.6666666666666666,0.0,0.6666666666666666,0.0,0.16666666666666666,0.0,0.16666666666666666,0.6666666666666666,0.16666666666666666,0.0,0.0,2.0,6.833333333333333,9.5,26.666666666666668,13.166666666666666,18.833333333333332,47.833333333333336,72.83333333333333,0.0,1.0,0.6666666666666666,1.0,1.3333333333333333,0.16666666666666666,0.3333333333333333,0.0,0.0,0.0,1.1666666666666667,335.8333333333333,0.2926829268292683,0.35625,0.0,0.6666666666666666,4.0,4.0,0.0,1.0,0.25,0.75,0.0,0.0,1.0,0.25,0.75,0.0,0.0,0.0,0.0,1.0,0.0,0.25,0.0,11.25,19.25,4.75,11.25,19.5,29.75,13.0,22.0,0.5,0.75,0.25,0.25,1.5,1.0,0.25,0.25,0.0,0.0,1.0,476.5,0.5844155844155844,0.4222222222222222,0.6666666666666666,1.0,3.0,1.0,0.3333333333333333,0.6666666666666666,0.0,0.0,0.0,0.0,1.0,0.0,0.3333333333333333,0.0,13.666666666666666,23.333333333333332,5.666666666666667,13.666666666666666,22.333333333333332,33.666666666666664,16.0,27.0,0.6666666666666666,1.0,0.0,0.0,1.3333333333333333,0.6666666666666666,0.0,0.3333333333333333,0.0,0.0,1.0,386.3333333333333,0.5857142857142857,0.4146341463414634,0.6666666666666666,,4.0,1.0,0.25,0.75,0.0,0.0,0.0,0.0,1.0,0.0,0.25,0.0,11.25,19.25,4.75,11.25,19.5,29.75,13.0,22.0,0.5,0.75,0.25,0.25,1.5,1.0,0.25,0.25,0.0,0.0,1.0,476.5,0.5844155844155844,0.4222222222222222,0.6666666666666666,1.0,4.0,1.0,0.25,0.75,0.0,0.0,0.0,0.0,1.0,0.0,0.25,0.0,11.25,19.25,4.75,11.25,19.5,29.75,13.0,22.0,0.5,0.75,0.25,0.25,1.5,1.0,0.25,0.25,0.0,0.0,1.0,476.5,0.5844155844155844,0.4222222222222222,0.6666666666666666,1.0,0.0,0.0,0.0,,0.0,-1.0,0.0,,-6.587268993839839,2.0,0.0,2.0,-0.33333333333333337,-0.25,-0.08333333333333337,0.0,0.16666666666666666,-0.33333333333333337,-0.25,-0.08333333333333337,0.0,0.16666666666666666,0.0,0.16666666666666666,-0.33333333333333337,0.16666666666666666,-0.25,0.0,-9.25,-12.416666666666668,4.75,15.416666666666668,-6.333333333333334,-10.916666666666668,34.833333333333336,50.83333333333333,-0.5,0.25,0.41666666666666663,0.75,-0.16666666666666674,-0.8333333333333334,0.08333333333333331,-0.25,0.0,0.0,0.16666666666666674,-140.66666666666669,-0.2917326575863161,-0.06597222222222221,-0.6666666666666666,-0.33333333333333337,0.0,-0.33333333333333337,-0.3333333333333333,0.0,0.0,0.0,0.0,0.3333333333333333,-0.33333333333333337,0.0,-0.3333333333333333,0.0,-9.666666666666666,-9.666666666666666,9.666666666666668,32.333333333333336,4.0,4.0,64.66666666666667,93.66666666666667,-0.6666666666666666,0.6666666666666667,1.0,1.3333333333333333,0.6666666666666667,-0.3333333333333333,0.0,-0.3333333333333333,0.0,0.0,0.33333333333333326,147.66666666666669,-0.29303135888501747,-0.08130081300813008,-0.6666666666666666,,1.0,-0.19999999999999996,-0.25,0.050000000000000044,0.0,0.0,0.0,0.2,-0.19999999999999996,0.0,-0.25,0.0,-8.85,-11.05,4.85,17.35,-3.6999999999999993,-7.149999999999999,36.8,52.599999999999994,-0.5,0.44999999999999996,0.35,0.75,0.10000000000000009,-0.8,0.15000000000000002,-0.25,0.0,0.0,0.19999999999999996,-125.69999999999999,-0.2917326575863161,-0.08655788655788654,-0.6666666666666666,-0.4,2.0,-0.33333333333333337,-0.25,-0.08333333333333337,0.0,0.16666666666666666,0.0,0.16666666666666666,-0.33333333333333337,0.16666666666666666,-0.25,0.0,-9.25,-12.416666666666668,4.75,15.416666666666668,-6.333333333333334,-10.916666666666668,34.833333333333336,50.83333333333333,-0.5,0.25,0.41666666666666663,0.75,-0.16666666666666674,-0.8333333333333334,0.08333333333333331,-0.25,0.0,0.0,0.16666666666666674,-140.66666666666669,-0.2917326575863161,-0.06597222222222221,-0.6666666666666666,-0.33333333333333337
7ffcc3a72e082ace,31bbd46d57dfbcb7,1995-12-16,18524b46c570730b,02fc8f50f56eb307,Open Weight,0,1,72.0,190.0,,34.88569472963724,Orthodox,Mark Hall,74.0,185.0,,,Unknown,Trent Jenkins,Orthodox_vs_Unknown,2.0,1.0,1.0,0.5,0.5,0.0,0.0,0.5,0.5,0.5,0.0,0.0,0.0,0.5,0.0,0.5,0.5,0.0,0.0,1.5,3.5,3.0,4.0,8.5,14.0,4.5,7.0,0.0,0.0,1.0,1.5,0.0,1.0,0.5,0.0,0.0,0.0,1.0,81.0,0.42857142857142855,0.75,,0.6666666666666666,2.0,0.5,0.5,0.0,0.0,0.0,0.5,0.0,0.5,0.5,0.0,0.0,1.5,3.5,3.0,4.0,8.5,14.0,4.5,7.0,0.0,0.0,1.0,1.5,0.0,1.0,0.5,0.0,0.0,0.0,1.0,81.0,0.42857142857142855,0.75,,0.6666666666666666,2.0,0.5,0.5,0.0,0.0,0.0,0.5,0.0,0.5,0.5,0.0,0.0,1.5,3.5,3.0,4.0,8.5,14.0,4.5,7.0,0.0,0.0,1.0,1.5,0.0,1.0,0.5,0.0,0.0,0.0,1.0,81.0,0.42857142857142855,0.75,,0.6666666666666666,2.0,0.5,0.5,0.0,0.0,0.0,0.5,0.0,0.5,0.5,0.0,0.0,1.5,3.5,3.0,4.0,8.5,14.0,4.5,7.0,0.0,0.0,1.0,1.5,0.0,1.0,0.5,0.0,0.0,0.0,1.0,81.0,0.42857142857142855,0.75,,0.6666666666666666,1.0,0.0,1.0,0.0,0.0,0.0,0.0,1.0,0.0,0.0,0.0,0.0,0.0,1.0,0.0,0.0,1.0,0.0,0.0,1.0,7.0,3.0,9.0,1.0,7.0,3.0,9.0,0.0,0.0,1.0,2.0,0.0,1.0,0.0,0.0,0.0,0.0,1.0,52.0,0.14285714285714285,0.3333333333333333,,0.5,1.0,0.0,0.0,0.0,0.0,0.0,1.0,0.0,0.0,1.0,0.0,0.0,1.0,7.0,3.0,9.0,1.0,7.0,3.0,9.0,0.0,0.0,1.0,2.0,0.0,1.0,0.0,0.0,0.0,0.0,1.0,52.0,0.14285714285714285,0.3333333333333333,,0.5,1.0,0.0,0.0,0.0,0.0,0.0,1.0,0.0,0.0,1.0,0.0,0.0,1.0,7.0,3.0,9.0,1.0,7.0,3.0,9.0,0.0,0.0,1.0,2.0,0.0,1.0,0.0,0.0,0.0,0.0,1.0,52.0,0.14285714285714285,0.3333333333333333,,0.5,1.0,0.0,0.0,0.0,0.0,0.0,1.0,0.0,0.0,1.0,0.0,0.0,1.0,7.0,3.0,9.0,1.0,7.0,3.0,9.0,0.0,0.0,1.0,2.0,0.0,1.0,0.0,0.0,0.0,0.0,1.0,52.0,0.14285714285714285,0.3333333333333333,,0.5,0.0,0.0,0.0,,0.0,-2.0,5.0,,,1.0,1.0,0.0,0.5,0.5,0.0,0.0,-0.5,0.5,0.5,0.0,0.0,0.0,-0.5,0.0,0.5,-0.5,0.0,0.0,0.5,-3.5,0.0,-5.0,7.5,7.0,1.5,-2.0,0.0,0.0,0.0,-0.5,0.0,0.0,0.5,0.0,0.0,0.0,0.0,29.0,0.2857142857142857,0.4166666666666667,,0.16666666666666663,1.0,0.5,0.5,0.0,0.0,0.0,-0.5,0.0,0.5,-0.5,0.0,0.0,0.5,-3.5,0.0,-5.0,7.5,7.0,1.5,-2.0,0.0,0.0,0.0,-0.5,0.0,0.0,0.5,0.0,0.0,0.0,0.0,29.0,0.2857142857142857,0.4166666666666667,,0.16666666666666663,1.0,0.5,0.5,0.0,0.0,0.0,-0.5,0.0,0.5,-0.5,0.0,0.0,0.5,-3.5,0.0,-5.0,7.5,7.0,1.5,-2.0,0.0,0.0,0.0,-0.5,0.0,0.0,0.5,0.0,0.0,0.0,0.0,29.0,0.2857142857142857,0.4166666666666667,,0.16666666666666663,1.0,0.5,0.5,0.0,0.0,0.0,-0.5,0.0,0.5,-0.5,0.0,0.0,0.5,-3.5,0.0,-5.0,7.5,7.0,1.5,-2.0,0.0,0.0,0.0,-0.5,0.0,0.0,0.5,0.0,0.0,0.0,0.0,29.0,0.2857142857142857,0.4166666666666667,,0.16666666666666663
8cc976ee1a123fb8,31bbd46d57dfbcb7,1995-12-16,c670aa48827d6be6,07a18ae55dfc3cd9,Open Weight,0,1,74.0,250.0,,37.52224503764545,Southpaw,Dan Severn,80.0,300.0,,26.245037645448324,Orthodox,Paul Varelans,Southpaw_vs_Orthodox,9.0,7.0,2.0,0.7777777777777778,0.1111111111111111,0.4444444444444444,0.2222222222222222,0.2222222222222222,0.7777777777777778,0.1111111111111111,0.4444444444444444,0.2222222222222222,0.0,0.2222222222222222,0.0,0.5555555555555556,0.2222222222222222,0.0,0.0,11.11111111111111,19.666666666666668,2.7777777777777777,6.888888888888889,57.888888888888886,74.55555555555556,15.444444444444445,20.11111111111111,0.8888888888888888,1.4444444444444444,0.0,0.2222222222222222,0.4444444444444444,0.6666666666666666,0.0,0.0,0.0,0.0,1.1111111111111112,371.1111111111111,0.5649717514124294,0.4032258064516129,0.6153846153846154,0.0,3.0,0.6666666666666666,0.0,0.0,0.6666666666666666,0.0,0.3333333333333333,0.0,0.0,0.3333333333333333,0.0,0.0,27.666666666666668,48.666666666666664,4.333333333333333,13.333333333333334,144.33333333333334,177.33333333333334,13.0,22.666666666666668,0.3333333333333333,1.0,0.0,0.6666666666666666,0.0,1.0,0.0,0.0,0.0,0.0,1.3333333333333333,564.6666666666666,0.5684931506849316,0.325,0.3333333333333333,0.0,5.0,0.8,0.2,0.2,0.4,0.0,0.2,0.0,0.4,0.2,0.0,0.0,18.8,33.2,3.0,9.2,96.4,121.8,8.8,15.6,0.6,1.0,0.0,0.4,0.2,0.6,0.0,0.0,0.0,0.0,1.2,427.2,0.5662650602409639,0.32608695652173914,0.6,0.0,9.0,0.7777777777777778,0.1111111111111111,0.4444444444444444,0.2222222222222222,0.0,0.2222222222222222,0.0,0.5555555555555556,0.2222222222222222,0.0,0.0,11.11111111111111,19.666666666666668,2.7777777777777777,6.888888888888889,57.888888888888886,74.55555555555556,15.444444444444445,20.11111111111111,0.8888888888888888,1.4444444444444444,0.0,0.2222222222222222,0.4444444444444444,0.6666666666666666,0.0,0.0,0.0,0.0,1.1111111111111112,371.1111111111111,0.5649717514124294,0.4032258064516129,0.6153846153846154,0.0,5.0,3.0,2.0,0.6,0.4,0.2,0.0,0.4,0.6,0.4,0.2,0.0,0.4,0.0,0.0,0.6,0.4,0.2,0.2,5.0,12.2,11.6,23.6,19.8,29.6,17.4,30.2,0.4,0.4,0.2,0.4,0.6,0.0,0.0,0.0,0.0,0.0,1.0,219.6,0.4098360655737705,0.4915254237288136,1.0,0.5,3.0,0.6666666666666666,0.3333333333333333,0.3333333333333333,0.0,0.3333333333333333,0.0,0.0,0.6666666666666666,0.3333333333333333,0.0,0.3333333333333333,5.333333333333333,12.333333333333334,11.666666666666666,21.333333333333332,25.0,35.666666666666664,19.333333333333332,30.333333333333332,0.6666666666666666,0.6666666666666666,0.0,0.0,1.0,0.0,0.0,0.0,0.0,0.0,1.0,307.6666666666667,0.43243243243243246,0.546875,1.0,,5.0,0.6,0.4,0.2,0.0,0.4,0.0,0.0,0.6,0.4,0.2,0.2,5.0,12.2,11.6,23.6,19.8,29.6,17.4,30.2,0.4,0.4,0.2,0.4,0.6,0.0,0.0,0.0,0.0,0.0,1.0,219.6,0.4098360655737705,0.4915254237288136,1.0,0.5,5.0,0.6,0.4,0.2,0.0,0.4,0.0,0.0,0.6,0.4,0.2,0.2,5.0,12.2,11.6,23.6,19.8,29.6,17.4,30.2,0.4,0.4,0.2,0.4,0.6,0.0,0.0,0.0,0.0,0.0,1.0,219.6,0.4098360655737705,0.4915254237288136,1.0,0.5,0.0,0.0,0.0,,0.0,-6.0,-50.0,,11.277207392197123,4.0,4.0,0.0,0.1777777777777778,-0.2888888888888889,0.2444444444444444,0.2222222222222222,-0.1777777777777778,0.1777777777777778,-0.2888888888888889,0.2444444444444444,0.2222222222222222,-0.4,0.2222222222222222,0.0,-0.0444444444444444,-0.1777777777777778,-0.2,-0.2,6.111111111111111,7.466666666666669,-8.822222222222223,-16.711111111111112,38.08888888888889,44.955555555555556,-1.955555555555554,-10.088888888888889,0.4888888888888888,1.0444444444444443,-0.2,-0.1777777777777778,-0.15555555555555556,0.6666666666666666,0.0,0.0,0.0,0.0,0.11111111111111116,151.5111111111111,0.1551356858386589,-0.0882996172772007,-0.3846153846153846,-0.5,0.0,0.0,-0.3333333333333333,-0.3333333333333333,0.6666666666666666,-0.3333333333333333,0.3333333333333333,0.0,-0.6666666666666666,0.0,0.0,-0.3333333333333333,22.333333333333336,36.33333333333333,-7.333333333333333,-7.999999999999998,119.33333333333334,141.66666666666669,-6.333333333333332,-7.666666666666664,-0.3333333333333333,0.33333333333333337,0.0,0.6666666666666666,-1.0,1.0,0.0,0.0,0.0,0.0,0.33333333333333326,256.99999999999994,0.1360607182524991,-0.221875,-0.6666666666666667,,0.0,0.20000000000000007,-0.2,0.0,0.4,-0.4,0.2,0.0,-0.19999999999999996,-0.2,-0.2,-0.2,13.8,21.000000000000004,-8.6,-14.400000000000002,76.60000000000001,92.19999999999999,-8.599999999999998,-14.6,0.19999999999999996,0.6,-0.2,0.0,-0.39999999999999997,0.6,0.0,0.0,0.0,0.0,0.19999999999999996,207.6,0.1564289946671934,-0.16543846720707445,-0.4,-0.5,4.0,0.1777777777777778,-0.2888888888888889,0.2444444444444444,0.2222222222222222,-0.4,0.2222222222222222,0.0,-0.0444444444444444,-0.1777777777777778,-0.2,-0.2,6.111111111111111,7.466666666666669,-8.822222222222223,-16.711111111111112,38.08888888888889,44.955555555555556,-1.955555555555554,-10.088888888888889,0.4888888888888888,1.0444444444444443,-0.2,-0.1777777777777778,-0.15555555555555556,0.6666666666666666,0.0,0.0,0.0,0.0,0.11111111111111116,151.5111111111111,0.1551356858386589,-0.0882996172772007,-0.3846153846153846,-0.5
d45f9dfdb75a640f,31bbd46d57dfbcb7,1995-12-16,1dc56b59cb28425d,9fd1f08dd4aec14a,Open Weight,0,1,72.0,210.0,,28.306639288158795,Orthodox,Oleg Taktarov,74.0,250.0,,,Orthodox,Dave Beneteau,Orthodox_vs_Orthodox,7.0,5.0,2.0,0.7142857142857143,0.0,0.5714285714285714,0.14285714285714285,0.14285714285714285,0.7142857142857143,0.0,0.5714285714285714,0.14285714285714285,0.14285714285714285,0.0,0.14285714285714285,0.5714285714285714,0.14285714285714285,0.0,0.0,2.5714285714285716,10.571428571428571,10.142857142857142,30.428571428571427,12.714285714285714,21.428571428571427,45.142857142857146,72.14285714285714,0.0,1.2857142857142858,0.5714285714285714,0.8571428571428571,1.2857142857142858,0.14285714285714285,0.2857142857142857,0.0,0.0,0.0,1.1428571428571428,442.14285714285717,0.24324324324324326,0.3333333333333333,0.0,0.6666666666666666,3.0,0.6666666666666666,0.0,0.3333333333333333,0.3333333333333333,0.0,0.0,0.3333333333333333,0.3333333333333333,0.0,0.0,0.0,6.0,24.0,18.333333333333332,59.0,28.0,47.666666666666664,88.66666666666667,138.66666666666666,0.0,2.3333333333333335,0.6666666666666666,1.0,2.0,0.3333333333333333,0.0,0.0,0.0,0.0,1.3333333333333333,875.0,0.25,0.3107344632768362,0.0,0.6666666666666666,5.0,0.8,0.0,0.6,0.2,0.0,0.0,0.2,0.6,0.0,0.0,0.0,3.6,14.8,12.0,38.2,17.8,30.0,54.2,86.0,0.0,1.6,0.6,1.0,1.6,0.2,0.2,0.0,0.0,0.0,1.2,538.2,0.24324324324324326,0.31413612565445026,0.0,0.6,7.0,0.7142857142857143,0.0,0.5714285714285714,0.14285714285714285,0.14285714285714285,0.0,0.14285714285714285,0.5714285714285714,0.14285714285714285,0.0,0.0,2.5714285714285716,10.571428571428571,10.142857142857142,30.428571428571427,12.714285714285714,21.428571428571427,45.142857142857146,72.14285714285714,0.0,1.2857142857142858,0.5714285714285714,0.8571428571428571,1.2857142857142858,0.14285714285714285,0.2857142857142857,0.0,0.0,0.0,1.1428571428571428,442.14285714285717,0.24324324324324326,0.3333333333333333,0.0,0.6666666666666666,4.0,2.0,2.0,0.5,0.5,0.0,0.0,0.5,0.5,0.5,0.0,0.0,0.0,0.5,0.0,0.5,0.5,0.0,0.0,6.75,12.75,0.5,1.25,11.0,17.5,4.0,5.0,0.75,0.75,0.25,0.5,0.0,0.5,0.0,0.0,0.0,0.0,1.0,97.75,0.5294117647058824,0.4,1.0,0.5,3.0,0.6666666666666666,0.6666666666666666,0.0,0.0,0.0,0.3333333333333333,0.0,0.6666666666666666,0.3333333333333333,0.0,0.0,8.333333333333334,15.0,0.0,0.6666666666666666,13.0,20.0,1.6666666666666667,2.3333333333333335,1.0,1.0,0.0,0.3333333333333333,0.0,0.3333333333333333,0.0,0.0,0.0,0.0,1.0,70.0,0.5555555555555556,0.0,1.0,0.0,4.0,0.5,0.5,0.0,0.0,0.0,0.5,0.0,0.5,0.5,0.0,0.0,6.75,12.75,0.5,1.25,11.0,17.5,4.0,5.0,0.75,0.75,0.25,0.5,0.0,0.5,0.0,0.0,0.0,0.0,1.0,97.75,0.5294117647058824,0.4,1.0,0.5,4.0,0.5,0.5,0.0,0.0,0.0,0.5,0.0,0.5,0.5,0.0,0.0,6.75,12.75,0.5,1.25,11.0,17.5,4.0,5.0,0.75,0.75,0.25,0.5,0.0,0.5,0.0,0.0,0.0,0.0,1.0,97.75,0.5294117647058824,0.4,1.0,0.5,1.0,1.0,0.0,1.0,1.0,-2.0,-40.0,,,3.0,3.0,0.0,0.2142857142857143,-0.5,0.5714285714285714,0.14285714285714285,-0.35714285714285715,0.2142857142857143,-0.5,0.5714285714285714,0.14285714285714285,0.14285714285714285,-0.5,0.14285714285714285,0.0714285714285714,-0.35714285714285715,0.0,0.0,-4.178571428571429,-2.178571428571429,9.642857142857142,29.178571428571427,1.7142857142857135,3.928571428571427,41.142857142857146,67.14285714285714,-0.75,0.5357142857142858,0.3214285714285714,0.3571428571428571,1.2857142857142858,-0.35714285714285715,0.2857142857142857,0.0,0.0,0.0,0.1428571428571428,344.39285714285717,-0.2861685214626391,-0.06666666666666671,-1.0,0.16666666666666663,0.0,0.0,-0.6666666666666666,0.3333333333333333,0.3333333333333333,0.0,-0.3333333333333333,0.3333333333333333,-0.3333333333333333,-0.3333333333333333,0.0,0.0,-2.333333333333334,9.0,18.333333333333332,58.333333333333336,15.0,27.666666666666664,87.0,136.33333333333331,-1.0,1.3333333333333335,0.6666666666666666,0.6666666666666667,2.0,0.0,0.0,0.0,0.0,0.0,0.33333333333333326,805.0,-0.3055555555555556,0.3107344632768362,-1.0,0.6666666666666666,1.0,0.30000000000000004,-0.5,0.6,0.2,0.0,-0.5,0.2,0.09999999999999998,-0.5,0.0,0.0,-3.15,2.0500000000000007,11.5,36.95,6.800000000000001,12.5,50.2,81.0,-0.75,0.8500000000000001,0.35,0.5,1.6,-0.3,0.2,0.0,0.0,0.0,0.19999999999999996,440.45000000000005,-0.2861685214626391,-0.08586387434554976,-1.0,0.09999999999999998,3.0,0.2142857142857143,-0.5,0.5714285714285714,0.14285714285714285,0.14285714285714285,-0.5,0.14285714285714285,0.0714285714285714,-0.35714285714285715,0.0,0.0,-4.178571428571429,-2.178571428571429,9.642857142857142,29.178571428571427,1.7142857142857135,3.928571428571427,41.142857142857146,67.14285714285714,-0.75,0.5357142857142858,0.3214285714285714,0.3571428571428571,1.2857142857142858,-0.35714285714285715,0.2857142857142857,0.0,0.0,0.0,0.1428571428571428,344.39285714285717,-0.2861685214626391,-0.06666666666666671,-1.0,0.16666666666666663
16b4a0b06427f1ac,b63e800c18e011b5,1996-02-16,63b65af1c5cb02cb,08ae5cd9aef7ddd3,Superfight,1,1,73.0,205.0,72.0,32.01368925393566,Orthodox,Ken Shamrock,75.0,235.0,,28.11498973305955,Orthodox,Kimo Leopoldo,Orthodox_vs_Orthodox,5.0,4.0,1.0,0.8,0.2,0.6,0.0,0.2,0.8,0.2,0.6,0.0,0.0,0.2,0.0,0.8,0.2,0.0,0.0,3.0,3.8,2.0,3.0,5.8,7.2,14.4,15.8,0.6,1.4,0.0,0.4,1.0,0.2,0.0,0.2,0.0,0.0,1.0,172.6,0.7894736842105263,0.6666666666666666,0.42857142857142855,0.0,3.0,1.0,0.3333333333333333,0.6666666666666666,0.0,0.0,0.0,0.0,1.0,0.0,0.0,0.0,4.666666666666667,6.0,2.0,2.3333333333333335,8.333333333333334,10.666666666666666,14.666666666666666,15.666666666666666,0.6666666666666666,1.3333333333333333,0.0,0.3333333333333333,1.0,0.0,0.0,0.0,0.0,0.0,1.0,232.33333333333334,0.7777777777777778,0.8571428571428571,0.5,0.0,5.0,0.8,0.2,0.6,0.0,0.0,0.2,0.0,0.8,0.2,0.0,0.0,3.0,3.8,2.0,3.0,5.8,7.2,14.4,15.8,0.6,1.4,0.0,0.4,1.0,0.2,0.0,0.2,0.0,0.0,1.0,172.6,0.7894736842105263,0.6666666666666666,0.42857142857142855,0.0,5.0,0.8,0.2,0.6,0.0,0.0,0.2,0.0,0.8,0.2,0.0,0.0,3.0,3.8,2.0,3.0,5.8,7.2,14.4,15.8,0.6,1.4,0.0,0.4,1.0,0.2,0.0,0.2,0.0,0.0,1.0,172.6,0.7894736842105263,0.6666666666666666,0.42857142857142855,0.0,1.0,0.0,1.0,0.0,0.0,0.0,0.0,1.0,0.0,0.0,0.0,0.0,0.0,1.0,0.0,0.0,1.0,0.0,0.0,6.0,9.0,2.0,6.0,6.0,10.0,17.0,21.0,1.0,1.0,0.0,2.0,0.0,1.0,1.0,1.0,0.0,0.0,1.0,280.0,0.6666666666666666,0.3333333333333333,1.0,0.0,1.0,0.0,0.0,0.0,0.0,0.0,1.0,0.0,0.0,1.0,0.0,0.0,6.0,9.0,2.0,6.0,6.0,10.0,17.0,21.0,1.0,1.0,0.0,2.0,0.0,1.0,1.0,1.0,0.0,0.0,1.0,280.0,0.6666666666666666,0.3333333333333333,1.0,0.0,1.0,0.0,0.0,0.0,0.0,0.0,1.0,0.0,0.0,1.0,0.0,0.0,6.0,9.0,2.0,6.0,6.0,10.0,17.0,21.0,1.0,1.0,0.0,2.0,0.0,1.0,1.0,1.0,0.0,0.0,1.0,280.0,0.6666666666666666,0.3333333333333333,1.0,0.0,1.0,0.0,0.0,0.0,0.0,0.0,1.0,0.0,0.0,1.0,0.0,0.0,6.0,9.0,2.0,6.0,6.0,10.0,17.0,21.0,1.0,1.0,0.0,2.0,0.0,1.0,1.0,1.0,0.0,0.0,1.0,280.0,0.6666666666666666,0.3333333333333333,1.0,0.0,0.0,0.0,0.0,,0.0,-2.0,-30.0,,3.898699520876111,4.0,4.0,0.0,0.8,0.2,0.6,0.0,-0.8,0.8,0.2,0.6,0.0,0.0,-0.8,0.0,0.8,-0.8,0.0,0.0,-3.0,-5.2,0.0,-3.0,-0.20000000000000018,-2.8,-2.5999999999999996,-5.199999999999999,-0.4,0.3999999999999999,0.0,-1.6,1.0,-0.8,-1.0,-0.8,0.0,0.0,0.0,-107.4,0.1228070175438597,0.3333333333333333,-0.5714285714285714,0.0,2.0,1.0,0.3333333333333333,0.6666666666666666,0.0,0.0,-1.0,0.0,1.0,-1.0,0.0,0.0,-1.333333333333333,-3.0,0.0,-3.6666666666666665,2.333333333333334,0.6666666666666661,-2.333333333333334,-5.333333333333334,-0.33333333333333337,0.33333333333333326,0.0,-1.6666666666666667,1.0,-1.0,-1.0,-1.0,0.0,0.0,0.0,-47.66666666666666,0.11111111111111116,0.5238095238095237,-0.5,0.0,4.0,0.8,0.2,0.6,0.0,0.0,-0.8,0.0,0.8,-0.8,0.0,0.0,-3.0,-5.2,0.0,-3.0,-0.20000000000000018,-2.8,-2.5999999999999996,-5.199999999999999,-0.4,0.3999999999999999,0.0,-1.6,1.0,-0.8,-1.0,-0.8,0.0,0.0,0.0,-107.4,0.1228070175438597,0.3333333333333333,-0.5714285714285714,0.0,4.0,0.8,0.2,0.6,0.0,0.0,-0.8,0.0,0.8,-0.8,0.0,0.0,-3.0,-5.2,0.0,-3.0,-0.20000000000000018,-2.8,-2.5999999999999996,-5.199999999999999,-0.4,0.3999999999999999,0.0,-1.6,1.0,-0.8,-1.0,-0.8,0.0,0.0,0.0,-107.4,0.1228070175438597,0.3333333333333333,-0.5714285714285714,0.0
16cb0064575e2b0b,b63e800c18e011b5,1996-02-16,07a18ae55dfc3cd9,df85d6ec3493d120,Open Weight,0,1,80.0,300.0,,26.414784394250514,Orthodox,Paul Varelans,71.0,195.0,,34.62286105407255,Southpaw,Joe Moreira,Orthodox_vs_Southpaw,6.0,3.0,3.0,0.5,0.3333333333333333,0.16666666666666666,0.0,0.5,0.5,0.3333333333333333,0.16666666666666666,0.0,0.3333333333333333,0.16666666666666666,0.0,0.5,0.5,0.16666666666666666,0.16666666666666666,4.333333333333333,10.333333333333334,9.666666666666666,19.666666666666668,16.666666666666668,24.833333333333332,14.5,25.166666666666668,0.3333333333333333,0.3333333333333333,0.3333333333333333,0.5,0.5,0.3333333333333333,0.0,0.0,0.0,0.0,1.0,193.16666666666666,0.41935483870967744,0.4915254237288136,1.0,0.6666666666666666,3.0,0.3333333333333333,0.3333333333333333,0.0,0.0,0.3333333333333333,0.3333333333333333,0.0,0.3333333333333333,0.6666666666666666,0.0,0.3333333333333333,5.0,11.666666666666666,11.0,20.333333333333332,24.0,34.0,18.0,28.666666666666668,0.3333333333333333,0.3333333333333333,0.3333333333333333,0.3333333333333333,0.3333333333333333,0.6666666666666666,0.0,0.0,0.0,0.0,1.0,307.6666666666667,0.42857142857142855,0.5409836065573771,1.0,1.0,5.0,0.6,0.4,0.2,0.0,0.2,0.2,0.0,0.6,0.4,0.2,0.2,5.0,12.0,8.8,19.4,17.6,27.0,13.8,25.2,0.4,0.4,0.2,0.4,0.6,0.4,0.0,0.0,0.0,0.0,1.0,209.2,0.4166666666666667,0.4536082474226804,1.0,0.5,6.0,0.5,0.3333333333333333,0.16666666666666666,0.0,0.3333333333333333,0.16666666666666666,0.0,0.5,0.5,0.16666666666666666,0.16666666666666666,4.333333333333333,10.333333333333334,9.666666666666666,19.666666666666668,16.666666666666668,24.833333333333332,14.5,25.166666666666668,0.3333333333333333,0.3333333333333333,0.3333333333333333,0.5,0.5,0.3333333333333333,0.0,0.0,0.0,0.0,1.0,193.16666666666666,0.41935483870967744,0.4915254237288136,1.0,0.6666666666666666,0.0,0.0,0.0,,,,,,,,,,,,,,,,,,,,,,,,,,,,,,,,,,,,,,,,,0.0,,,,,,,,,,,,,,,,,,,,,,,,,,,,,,,,,,,,0.0,,,,,,,,,,,,,,,,,,,,,,,,,,,,,,,,,,,,0.0,,,,,,,,,,,,,,,,,,,,,,,,,,,,,,,,,,,,0.0,0.0,0.0,,0.0,9.0,105.0,,-8.208076659822037,6.0,3.0,3.0,,,,,,,,,,,,,,,,,,,,,,,,,,,,,,,,,,,,,,,,,3.0,,,,,,,,,,,,,,,,,,,,,,,,,,,,,,,,,,,,5.0,,,,,,,,,,,,,,,,,,,,,,,,,,,,,,,,,,,,6.0,,,,,,,,,,,,,,,,,,,,,,,,,,,,,,,,,,,
3cf6583153078f8f,b63e800c18e011b5,1996-02-16,271fe91f4ba9d2c5,ea398c802d9998ee,Open Weight,0,1,73.0,219.0,,30.23134839151266,Orthodox,Don Frye,73.0,410.0,,,Sideways,Thomas Ramirez,Orthodox_vs_Sideways,0.0,0.0,0.0,,,,,,,,,,,,,,,,,,,,,,,,,,,,,,,,,,,,,,,,,0.0,,,,,,,,,,,,,,,,,,,,,,,,,,,,,,,,,,,,0.0,,,,,,,,,,,,,,,,,,,,,,,,,,,,,,,,,,,,0.0,,,,,,,,,,,,,,,,,,,,,,,,,,,,,,,,,,,,0.0,0.0,0.0,,,,,,,,,,,,,,,,,,,,,,,,,,,,,,,,,,,,,,,,,0.0,,,,,,,,,,,,,,,,,,,,,,,,,,,,,,,,,,,,0.0,,,,,,,,,,,,,,,,,,,,,,,,,,,,,,,,,,,,0.0,,,,,,,,,,,,,,,,,,,,,,,,,,,,,,,,,,,,0.0,0.0,0.0,,0.0,0.0,-191.0,,,0.0,0.0,0.0,,,,,,,,,,,,,,,,,,,,,,,,,,,,,,,,,,,,,,,,,0.0,,,,,,,,,,,,,,,,,,,,,,,,,,,,,,,,,,,,0.0,,,,,,,,,,,,,,,,,,,,,,,,,,,,,,,,,,,,0.0,,,,,,,,,,,,,,,,,,,,,,,,,,,,,,,,,,,
5701dbbbfa4f8313,b63e800c18e011b5,1996-02-16,0e9869d712e81f8f,f62850b3c7480db9,Open Weight,0,1,75.0,225.0,,30.809034907597535,Orthodox,Sam Adkins,68.0,185.0,,,Unknown,Keith Mielke,Orthodox_vs_Unknown,0.0,0.0,0.0,,,,,,,,,,,,,,,,,,,,,,,,,,,,,,,,,,,,,,,,,0.0,,,,,,,,,,,,,,,,,,,,,,,,,,,,,,,,,,,,0.0,,,,,,,,,,,,,,,,,,,,,,,,,,,,,,,,,,,,0.0,,,,,,,,,,,,,,,,,,,,,,,,,,,,,,,,,,,,0.0,0.0,0.0,,,,,,,,,,,,,,,,,,,,,,,,,,,,,,,,,,,,,,,,,0.0,,,,,,,,,,,,,,,,,,,,,,,,,,,,,,,,,,,,0.0,,,,,,,,,,,,,,,,,,,,,,,,,,,,,,,,,,,,0.0,,,,,,,,,,,,,,,,,,,,,,,,,,,,,,,,,,,,0.0,0.0,0.0,,0.0,7.0,40.0,,,0.0,0.0,0.0,,,,,,,,,,,,,,,,,,,,,,,,,,,,,,,,,,,,,,,,,0.0,,,,,,,,,,,,,,,,,,,,,,,,,,,,,,,,,,,,0.0,,,,,,,,,,,,,,,,,,,,,,,,,,,,,,,,,,,,0.0,,,,,,,,,,,,,,,,,,,,,,,,,,,,,,,,,,,
8312985b75241b06,b63e800c18e011b5,1996-02-16,fbbde91f7bc2d3c5,440c9dbab63528fb,Open Weight,0,1,75.0,249.0,,30.080766598220396,Orthodox,Gary Goodridge,70.0,185.0,,31.98631074606434,Orthodox,Paul Herrera,Orthodox_vs_Orthodox,0.0,0.0,0.0,,,,,,,,,,,,,,,,,,,,,,,,,,,,,,,,,,,,,,,,,0.0,,,,,,,,,,,,,,,,,,,,,,,,,,,,,,,,,,,,0.0,,,,,,,,,,,,,,,,,,,,,,,,,,,,,,,,,,,,0.0,,,,,,,,,,,,,,,,,,,,,,,,,,,,,,,,,,,,0.0,0.0,0.0,,,,,,,,,,,,,,,,,,,,,,,,,,,,,,,,,,,,,,,,,0.0,,,,,,,,,,,,,,,,,,,,,,,,,,,,,,,,,,,,0.0,,,,,,,,,,,,,,,,,,,,,,,,,,,,,,,,,,,,0.0,,,,,,,,,,,,,,,,,,,,,,,,,,,,,,,,,,,,0.0,0.0,0.0,,0.0,5.0,64.0,,-1.905544147843944,0.0,0.0,0.0,,,,,,,,,,,,,,,,,,,,,,,,,,,,,,,,,,,,,,,,,0.0,,,,,,,,,,,,,,,,,,,,,,,,,,,,,,,,,,,,0.0,,,,,,,,,,,,,,,,,,,,,,,,,,,,,,,,,,,,0.0,,,,,,,,,,,,,,,,,,,,,,,,,,,,,,,,,,,
8d2e99599124a16f,b63e800c18e011b5,1996-02-16,271fe91f4ba9d2c5,fbbde91f7bc2d3c5,8 Tournament,1,1,73.0,219.0,,30.23134839151266,Orthodox,Don Frye,75.0,249.0,,30.080766598220396,Orthodox,Gary Goodridge,Orthodox_vs_Orthodox,1.0,1.0,0.0,1.0,1.0,0.0,0.0,0.0,1.0,1.0,0.0,0.0,0.0,0.0,0.0,1.0,0.0,1.0,0.0,3.0,4.0,1.0,2.0,3.0,4.0,1.0,2.0,0.0,0.0,0.0,0.0,0.0,0.0,0.0,0.0,0.0,0.0,1.0,8.0,0.75,0.5,,,1.0,1.0,1.0,0.0,0.0,0.0,0.0,0.0,1.0,0.0,1.0,0.0,3.0,4.0,1.0,2.0,3.0,4.0,1.0,2.0,0.0,0.0,0.0,0.0,0.0,0.0,0.0,0.0,0.0,0.0,1.0,8.0,0.75,0.5,,,1.0,1.0,1.0,0.0,0.0,0.0,0.0,0.0,1.0,0.0,1.0,0.0,3.0,4.0,1.0,2.0,3.0,4.0,1.0,2.0,0.0,0.0,0.0,0.0,0.0,0.0,0.0,0.0,0.0,0.0,1.0,8.0,0.75,0.5,,,1.0,1.0,1.0,0.0,0.0,0.0,0.0,0.0,1.0,0.0,1.0,0.0,3.0,4.0,1.0,2.0,3.0,4.0,1.0,2.0,0.0,0.0,0.0,0.0,0.0,0.0,0.0,0.0,0.0,0.0,1.0,8.0,0.75,0.5,,,1.0,1.0,0.0,1.0,1.0,0.0,0.0,0.0,1.0,1.0,0.0,0.0,0.0,0.0,0.0,1.0,0.0,0.0,0.0,8.0,8.0,0.0,0.0,8.0,8.0,0.0,0.0,1.0,1.0,0.0,1.0,0.0,0.0,0.0,0.0,0.0,0.0,1.0,13.0,1.0,,1.0,0.0,1.0,1.0,1.0,0.0,0.0,0.0,0.0,0.0,1.0,0.0,0.0,0.0,8.0,8.0,0.0,0.0,8.0,8.0,0.0,0.0,1.0,1.0,0.0,1.0,0.0,0.0,0.0,0.0,0.0,0.0,1.0,13.0,1.0,,1.0,0.0,1.0,1.0,1.0,0.0,0.0,0.0,0.0,0.0,1.0,0.0,0.0,0.0,8.0,8.0,0.0,0.0,8.0,8.0,0.0,0.0,1.0,1.0,0.0,1.0,0.0,0.0,0.0,0.0,0.0,0.0,1.0,13.0,1.0,,1.0,0.0,1.0,1.0,1.0,0.0,0.0,0.0,0.0,0.0,1.0,0.0,0.0,0.0,8.0,8.0,0.0,0.0,8.0,8.0,0.0,0.0,1.0,1.0,0.0,1.0,0.0,0.0,0.0,0.0,0.0,0.0,1.0,13.0,1.0,,1.0,0.0,0.0,0.0,0.0,,0.0,-2.0,-30.0,,0.15058179329226462,0.0,0.0,0.0,0.0,0.0,0.0,0.0,0.0,0.0,0.0,0.0,0.0,0.0,0.0,0.0,0.0,0.0,1.0,0.0,-5.0,-4.0,1.0,2.0,-5.0,-4.0,1.0,2.0,-1.0,-1.0,0.0,-1.0,0.0,0.0,0.0,0.0,0.0,0.0,0.0,-5.0,-0.25,,,,0.0,0.0,0.0,0.0,0.0,0.0,0.0,0.0,0.0,0.0,1.0,0.0,-5.0,-4.0,1.0,2.0,-5.0,-4.0,1.0,2.0,-1.0,-1.0,0.0,-1.0,0.0,0.0,0.0,0.0,0.0,0.0,0.0,-5.0,-0.25,,,,0.0,0.0,0.0,0.0,0.0,0.0,0.0,0.0,0.0,0.0,1.0,0.0,-5.0,-4.0,1.0,2.0,-5.0,-4.0,1.0,2.0,-1.0,-1.0,0.0,-1.0,0.0,0.0,0.0,0.0,0.0,0.0,0.0,-5.0,-0.25,,,,0.0,0.0,0.0,0.0,0.0,0.0,0.0,0.0,0.0,0.0,1.0,0.0,-5.0,-4.0,1.0,2.0,-5.0,-4.0,1.0,2.0,-1.0,-1.0,0.0,-1.0,0.0,0.0,0.0,0.0,0.0,0.0,0.0,-5.0,-0.25,,,
90bce37a788afeaa,b63e800c18e011b5,1996-02-16,271fe91f4ba9d2c5,0e9869d712e81f8f,Open Weight,0,1,73.0,219.0,,30.23134839151266,Orthodox,Don Frye,75.0,225.0,,30.809034907597535,Orthodox,Sam Adkins,Orthodox_vs_Orthodox,2.0,2.0,0.0,1.0,1.0,0.0,0.0,0.0,1.0,1.0,0.0,0.0,0.0,0.0,0.0,1.0,0.0,0.5,0.0,7.5,12.5,1.5,4.0,15.0,20.5,1.5,4.0,0.0,0.0,0.5,1.5,0.0,0.0,0.5,0.0,0.0,0.0,1.0,71.0,0.6,0.375,,0.3333333333333333,2.0,1.0,1.0,0.0,0.0,0.0,0.0,0.0,1.0,0.0,0.5,0.0,7.5,12.5,1.5,4.0,15.0,20.5,1.5,4.0,0.0,0.0,0.5,1.5,0.0,0.0,0.5,0.0,0.0,0.0,1.0,71.0,0.6,0.375,,0.3333333333333333,2.0,1.0,1.0,0.0,0.0,0.0,0.0,0.0,1.0,0.0,0.5,0.0,7.5,12.5,1.5,4.0,15.0,20.5,1.5,4.0,0.0,0.0,0.5,1.5,0.0,0.0,0.5,0.0,0.0,0.0,1.0,71.0,0.6,0.375,,0.3333333333333333,2.0,1.0,1.0,0.0,0.0,0.0,0.0,0.0,1.0,0.0,0.5,0.0,7.5,12.5,1.5,4.0,15.0,20.5,1.5,4.0,0.0,0.0,0.5,1.5,0.0,0.0,0.5,0.0,0.0,0.0,1.0,71.0,0.6,0.375,,0.3333333333333333,1.0,1.0,0.0,1.0,1.0,0.0,0.0,0.0,1.0,1.0,0.0,0.0,0.0,0.0,0.0,1.0,0.0,0.0,0.0,0.0,0.0,0.0,0.0,0.0,0.0,0.0,0.0,0.0,0.0,0.0,0.0,0.0,0.0,0.0,0.0,0.0,0.0,0.0,50.0,,,,,1.0,1.0,1.0,0.0,0.0,0.0,0.0,0.0,1.0,0.0,0.0,0.0,0.0,0.0,0.0,0.0,0.0,0.0,0.0,0.0,0.0,0.0,0.0,0.0,0.0,0.0,0.0,0.0,0.0,0.0,0.0,50.0,,,,,1.0,1.0,1.0,0.0,0.0,0.0,0.0,0.0,1.0,0.0,0.0,0.0,0.0,0.0,0.0,0.0,0.0,0.0,0.0,0.0,0.0,0.0,0.0,0.0,0.0,0.0,0.0,0.0,0.0,0.0,0.0,50.0,,,,,1.0,1.0,1.0,0.0,0.0,0.0,0.0,0.0,1.0,0.0,0.0,0.0,0.0,0.0,0.0,0.0,0.0,0.0,0.0,0.0,0.0,0.0,0.0,0.0,0.0,0.0,0.0,0.0,0.0,0.0,0.0,50.0,,,,,0.0,0.0,0.0,,0.0,-2.0,-6.0,,-0.5776865160848743,1.0,1.0,0.0,0.0,0.0,0.0,0.0,0.0,0.0,0.0,0.0,0.0,0.0,0.0,0.0,0.0,0.0,0.5,0.0,7.5,12.5,1.5,4.0,15.0,20.5,1.5,4.0,0.0,0.0,0.5,1.5,0.0,0.0,0.5,0.0,0.0,0.0,1.0,21.0,,,,,1.0,0.0,0.0,0.0,0.0,0.0,0.0,0.0,0.0,0.0,0.5,0.0,7.5,12.5,1.5,4.0,15.0,20.5,1.5,4.0,0.0,0.0,0.5,1.5,0.0,0.0,0.5,0.0,0.0,0.0,1.0,21.0,,,,,1.0,0.0,0.0,0.0,0.0,0.0,0.0,0.0,0.0,0.0,0.5,0.0,7.5,12.5,1.5,4.0,15.0,20.5,1.5,4.0,0.0,0.0,0.5,1.5,0.0,0.0,0.5,0.0,0.0,0.0,1.0,21.0,,,,,1.0,0.0,0.0,0.0,0.0,0.0,0.0,0.0,0.0,0.0,0.5,0.0,7.5,12.5,1.5,4.0,15.0,20.5,1.5,4.0,0.0,0.0,0.5,1.5,0.0,0.0,0.5,0.0,0.0,0.0,1.0,21.0,,,,
ab7390e549e28893,b63e800c18e011b5,1996-02-16,93892752c5fc23ca,977081bc01197656,Open Weight,0,1,71.0,199.0,,22.00958247775496,Orthodox,Jerry Bohlander,71.0,323.0,,30.809034907597535,Orthodox,Scott Ferrozzo,Orthodox_vs_Orthodox,0.0,0.0,0.0,,,,,,,,,,,,,,,,,,,,,,,,,,,,,,,,,,,,,,,,,0.0,,,,,,,,,,,,,,,,,,,,,,,,,,,,,,,,,,,,0.0,,,,,,,,,,,,,,,,,,,,,,,,,,,,,,,,,,,,0.0,,,,,,,,,,,,,,,,,,,,,,,,,,,,,,,,,,,,0.0,0.0,0.0,,,,,,,,,,,,,,,,,,,,,,,,,,,,,,,,,,,,,,,,,0.0,,,,,,,,,,,,,,,,,,,,,,,,,,,,,,,,,,,,0.0,,,,,,,,,,,,,,,,,,,,,,,,,,,,,,,,,,,,0.0,,,,,,,,,,,,,,,,,,,,,,,,,,,,,,,,,,,,0.0,0.0,0.0,,0.0,0.0,-124.0,,-8.799452429842574,0.0,0.0,0.0,,,,,,,,,,,,,,,,,,,,,,,,,,,,,,,,,,,,,,,,,0.0,,,,,,,,,,,,,,,,,,,,,,,,,,,,,,,,,,,,0.0,,,,,,,,,,,,,,,,,,,,,,,,,,,,,,,,,,,,0.0,,,,,,,,,,,,,,,,,,,,,,,,,,,,,,,,,,,
f5156ca4dcd2a0e3,b63e800c18e011b5,1996-02-16,fbbde91f7bc2d3c5,93892752c5fc23ca,Open Weight,0,1,75.0,249.0,,30.080766598220396,Orthodox,Gary Goodridge,71.0,199.0,,22.00958247775496,Orthodox,Jerry Bohlander,Orthodox_vs_Orthodox,2.0,1.0,1.0,0.5,0.5,0.0,0.0,0.5,0.5,0.5,0.0,0.0,0.5,0.0,0.0,0.5,0.5,0.0,0.0,5.0,7.0,6.0,10.5,5.0,7.0,13.5,18.5,1.0,2.0,0.0,0.5,0.0,0.0,0.0,0.5,0.0,0.0,1.0,73.5,0.7142857142857143,0.5714285714285714,0.5,0.0,2.0,0.5,0.5,0.0,0.0,0.5,0.0,0.0,0.5,0.5,0.0,0.0,5.0,7.0,6.0,10.5,5.0,7.0,13.5,18.5,1.0,2.0,0.0,0.5,0.0,0.0,0.0,0.5,0.0,0.0,1.0,73.5,0.7142857142857143,0.5714285714285714,0.5,0.0,2.0,0.5,0.5,0.0,0.0,0.5,0.0,0.0,0.5,0.5,0.0,0.0,5.0,7.0,6.0,10.5,5.0,7.0,13.5,18.5,1.0,2.0,0.0,0.5,0.0,0.0,0.0,0.5,0.0,0.0,1.0,73.5,0.7142857142857143,0.5714285714285714,0.5,0.0,2.0,0.5,0.5,0.0,0.0,0.5,0.0,0.0,0.5,0.5,0.0,0.0,5.0,7.0,6.0,10.5,5.0,7.0,13.5,18.5,1.0,2.0,0.0,0.5,0.0,0.0,0.0,0.5,0.0,0.0,1.0,73.5,0.7142857142857143,0.5714285714285714,0.5,0.0,1.0,1.0,0.0,1.0,0.0,1.0,0.0,0.0,1.0,0.0,1.0,0.0,0.0,0.0,0.0,1.0,0.0,0.0,0.0,7.0,9.0,9.0,12.0,27.0,33.0,17.0,20.0,0.0,0.0,2.0,4.0,1.0,1.0,0.0,0.0,0.0,0.0,1.0,543.0,0.7777777777777778,0.75,,0.5,1.0,1.0,0.0,1.0,0.0,0.0,0.0,0.0,1.0,0.0,0.0,0.0,7.0,9.0,9.0,12.0,27.0,33.0,17.0,20.0,0.0,0.0,2.0,4.0,1.0,1.0,0.0,0.0,0.0,0.0,1.0,543.0,0.7777777777777778,0.75,,0.5,1.0,1.0,0.0,1.0,0.0,0.0,0.0,0.0,1.0,0.0,0.0,0.0,7.0,9.0,9.0,12.0,27.0,33.0,17.0,20.0,0.0,0.0,2.0,4.0,1.0,1.0,0.0,0.0,0.0,0.0,1.0,543.0,0.7777777777777778,0.75,,0.5,1.0,1.0,0.0,1.0,0.0,0.0,0.0,0.0,1.0,0.0,0.0,0.0,7.0,9.0,9.0,12.0,27.0,33.0,17.0,20.0,0.0,0.0,2.0,4.0,1.0,1.0,0.0,0.0,0.0,0.0,1.0,543.0,0.7777777777777778,0.75,,0.5,0.0,0.0,0.0,,0.0,4.0,50.0,,8.071184120465436,1.0,0.0,1.0,-0.5,0.5,-1.0,0.0,0.5,-0.5,0.5,-1.0,0.0,0.5,0.0,0.0,-0.5,0.5,0.0,0.0,-2.0,-2.0,-3.0,-1.5,-22.0,-26.0,-3.5,-1.5,1.0,2.0,-2.0,-3.5,-1.0,-1.0,0.0,0.5,0.0,0.0,0.0,-469.5,-0.06349206349206349,-0.1785714285714286,,-0.5,1.0,-0.5,0.5,-1.0,0.0,0.5,0.0,0.0,-0.5,0.5,0.0,0.0,-2.0,-2.0,-3.0,-1.5,-22.0,-26.0,-3.5,-1.5,1.0,2.0,-2.0,-3.5,-1.0,-1.0,0.0,0.5,0.0,0.0,0.0,-469.5,-0.06349206349206349,-0.1785714285714286,,-0.5,1.0,-0.5,0.5,-1.0,0.0,0.5,0.0,0.0,-0.5,0.5,0.0,0.0,-2.0,-2.0,-3.0,-1.5,-22.0,-26.0,-3.5,-1.5,1.0,2.0,-2.0,-3.5,-1.0,-1.0,0.0,0.5,0.0,0.0,0.0,-469.5,-0.06349206349206349,-0.1785714285714286,,-0.5,1.0,-0.5,0.5,-1.0,0.0,0.5,0.0,0.0,-0.5,0.5,0.0,0.0,-2.0,-2.0,-3.0,-1.5,-22.0,-26.0,-3.5,-1.5,1.0,2.0,-2.0,-3.5,-1.0,-1.0,0.0,0.5,0.0,0.0,0.0,-469.5,-0.06349206349206349,-0.1785714285714286,,-0.5
31fc4d5d5d1a6126,a390eb8a9b2df298,1996-05-17,de3ed2e152520c8d,d3711d3784b76255,Open Weight,0,1,71.0,230.0,,32.93360711841205,Orthodox,Cal Worsham,77.0,250.0,,,Orthodox,Zane Frazier,Orthodox_vs_Orthodox,1.0,0.0,1.0,0.0,0.0,0.0,0.0,1.0,0.0,0.0,0.0,0.0,1.0,0.0,0.0,0.0,1.0,0.0,1.0,9.0,33.0,8.0,22.0,11.0,35.0,12.0,27.0,0.0,1.0,0.0,0.0,0.0,0.0,0.0,0.0,0.0,0.0,1.0,62.0,0.2727272727272727,0.36363636363636365,0.0,,1.0,0.0,0.0,0.0,0.0,1.0,0.0,0.0,0.0,1.0,0.0,1.0,9.0,33.0,8.0,22.0,11.0,35.0,12.0,27.0,0.0,1.0,0.0,0.0,0.0,0.0,0.0,0.0,0.0,0.0,1.0,62.0,0.2727272727272727,0.36363636363636365,0.0,,1.0,0.0,0.0,0.0,0.0,1.0,0.0,0.0,0.0,1.0,0.0,1.0,9.0,33.0,8.0,22.0,11.0,35.0,12.0,27.0,0.0,1.0,0.0,0.0,0.0,0.0,0.0,0.0,0.0,0.0,1.0,62.0,0.2727272727272727,0.36363636363636365,0.0,,1.0,0.0,0.0,0.0,0.0,1.0,0.0,0.0,0.0,1.0,0.0,1.0,9.0,33.0,8.0,22.0,11.0,35.0,12.0,27.0,0.0,1.0,0.0,0.0,0.0,0.0,0.0,0.0,0.0,0.0,1.0,62.0,0.2727272727272727,0.36363636363636365,0.0,,1.0,0.0,1.0,0.0,0.0,0.0,0.0,1.0,0.0,0.0,0.0,0.0,1.0,0.0,0.0,0.0,1.0,0.0,2.0,12.0,28.0,15.0,27.0,13.0,29.0,38.0,53.0,0.0,0.0,0.0,0.0,0.0,0.0,0.0,0.0,0.0,0.0,1.0,260.0,0.42857142857142855,0.5555555555555556,,,1.0,0.0,0.0,0.0,0.0,1.0,0.0,0.0,0.0,1.0,0.0,2.0,12.0,28.0,15.0,27.0,13.0,29.0,38.0,53.0,0.0,0.0,0.0,0.0,0.0,0.0,0.0,0.0,0.0,0.0,1.0,260.0,0.42857142857142855,0.5555555555555556,,,1.0,0.0,0.0,0.0,0.0,1.0,0.0,0.0,0.0,1.0,0.0,2.0,12.0,28.0,15.0,27.0,13.0,29.0,38.0,53.0,0.0,0.0,0.0,0.0,0.0,0.0,0.0,0.0,0.0,0.0,1.0,260.0,0.42857142857142855,0.5555555555555556,,,1.0,0.0,0.0,0.0,0.0,1.0,0.0,0.0,0.0,1.0,0.0,2.0,12.0,28.0,15.0,27.0,13.0,29.0,38.0,53.0,0.0,0.0,0.0,0.0,0.0,0.0,0.0,0.0,0.0,0.0,1.0,260.0,0.42857142857142855,0.5555555555555556,,,0.0,0.0,0.0,,0.0,-6.0,-20.0,,,0.0,0.0,0.0,0.0,0.0,0.0,0.0,0.0,0.0,0.0,0.0,0.0,0.0,0.0,0.0,0.0,0.0,0.0,-1.0,-3.0,5.0,-7.0,-5.0,-2.0,6.0,-26.0,-26.0,0.0,1.0,0.0,0.0,0.0,0.0,0.0,0.0,0.0,0.0,0.0,-198.0,-0.15584415584415584,-0.19191919191919193,,,0.0,0.0,0.0,0.0,0.0,0.0,0.0,0.0,0.0,0.0,0.0,-1.0,-3.0,5.0,-7.0,-5.0,-2.0,6.0,-26.0,-26.0,0.0,1.0,0.0,0.0,0.0,0.0,0.0,0.0,0.0,0.0,0.0,-198.0,-0.15584415584415584,-0.19191919191919193,,,0.0,0.0,0.0,0.0,0.0,0.0,0.0,0.0,0.0,0.0,0.0,-1.0,-3.0,5.0,-7.0,-5.0,-2.0,6.0,-26.0,-26.0,0.0,1.0,0.0,0.0,0.0,0.0,0.0,0.0,0.0,0.0,0.0,-198.0,-0.15584415584415584,-0.19191919191919193,,,0.0,0.0,0.0,0.0,0.0,0.0,0.0,0.0,0.0,0.0,0.0,-1.0,-3.0,5.0,-7.0,-5.0,-2.0,6.0,-26.0,-26.0,0.0,1.0,0.0,0.0,0.0,0.0,0.0,0.0,0.0,0.0,0.0,-198.0,-0.15584415584415584,-0.19191919191919193,,
378ede9e541c82f9,a390eb8a9b2df298,1996-05-17,18524b46c570730b,2a6f8136da1e52c0,Open Weight,0,1,72.0,190.0,,35.304585900068446,Orthodox,Mark Hall,79.0,350.0,,32.596851471594796,Southpaw,Koji Kitao,Orthodox_vs_Southpaw,3.0,2.0,1.0,0.6666666666666666,0.3333333333333333,0.3333333333333333,0.0,0.3333333333333333,0.6666666666666666,0.3333333333333333,0.3333333333333333,0.0,0.0,0.3333333333333333,0.0,0.6666666666666666,0.3333333333333333,0.0,0.0,1.0,2.3333333333333335,2.0,2.6666666666666665,5.666666666666667,9.333333333333334,3.0,4.666666666666667,0.0,0.0,0.6666666666666666,1.0,0.0,0.6666666666666666,0.3333333333333333,0.0,0.0,0.0,0.6666666666666666,163.66666666666666,0.42857142857142855,0.75,,0.6666666666666666,3.0,0.6666666666666666,0.3333333333333333,0.3333333333333333,0.0,0.0,0.3333333333333333,0.0,0.6666666666666666,0.3333333333333333,0.0,0.0,1.0,2.3333333333333335,2.0,2.6666666666666665,5.666666666666667,9.333333333333334,3.0,4.666666666666667,0.0,0.0,0.6666666666666666,1.0,0.0,0.6666666666666666,0.3333333333333333,0.0,0.0,0.0,0.6666666666666666,163.66666666666666,0.42857142857142855,0.75,,0.6666666666666666,3.0,0.6666666666666666,0.3333333333333333,0.3333333333333333,0.0,0.0,0.3333333333333333,0.0,0.6666666666666666,0.3333333333333333,0.0,0.0,1.0,2.3333333333333335,2.0,2.6666666666666665,5.666666666666667,9.333333333333334,3.0,4.666666666666667,0.0,0.0,0.6666666666666666,1.0,0.0,0.6666666666666666,0.3333333333333333,0.0,0.0,0.0,0.6666666666666666,163.66666666666666,0.42857142857142855,0.75,,0.6666666666666666,3.0,0.6666666666666666,0.3333333333333333,0.3333333333333333,0.0,0.0,0.3333333333333333,0.0,0.6666666666666666,0.3333333333333333,0.0,0.0,1.0,2.3333333333333335,2.0,2.6666666666666665,5.666666666666667,9.333333333333334,3.0,4.666666666666667,0.0,0.0,0.6666666666666666,1.0,0.0,0.6666666666666666,0.3333333333333333,0.0,0.0,0.0,0.6666666666666666,163.66666666666666,0.42857142857142855,0.75,,0.6666666666666666,0.0,0.0,0.0,,,,,,,,,,,,,,,,,,,,,,,,,,,,,,,,,,,,,,,,,0.0,,,,,,,,,,,,,,,,,,,,,,,,,,,,,,,,,,,,0.0,,,,,,,,,,,,,,,,,,,,,,,,,,,,,,,,,,,,0.0,,,,,,,,,,,,,,,,,,,,,,,,,,,,,,,,,,,,0.0,0.0,0.0,,0.0,-7.0,-160.0,,2.7077344284736498,3.0,2.0,1.0,,,,,,,,,,,,,,,,,,,,,,,,,,,,,,,,,,,,,,,,,3.0,,,,,,,,,,,,,,,,,,,,,,,,,,,,,,,,,,,,3.0,,,,,,,,,,,,,,,,,,,,,,,,,,,,,,,,,,,,3.0,,,,,,,,,,,,,,,,,,,,,,,,,,,,,,,,,,,
6a060498e60756af,a390eb8a9b2df298,1996-05-17,c670aa48827d6be6,63b65af1c5cb02cb,Superfight,1,1,74.0,250.0,,37.94113620807666,Southpaw,Dan Severn,73.0,205.0,72.0,32.26283367556468,Orthodox,Ken Shamrock,Southpaw_vs_Orthodox,10.0,8.0,2.0,0.8,0.1,0.5,0.2,0.2,0.8,0.1,0.5,0.2,0.0,0.2,0.0,0.6,0.2,0.0,0.0,10.0,17.7,2.6,6.3,52.1,67.1,14.0,18.2,0.9,1.4,0.0,0.2,0.6,0.6,0.0,0.0,0.0,0.0,1.1,340.1,0.5649717514124294,0.4126984126984127,0.6428571428571429,0.0,3.0,1.0,0.0,0.3333333333333333,0.6666666666666666,0.0,0.0,0.0,0.3333333333333333,0.0,0.0,0.0,27.0,48.0,4.0,12.0,143.66666666666666,176.66666666666666,12.666666666666666,21.333333333333332,0.6666666666666666,1.0,0.0,0.3333333333333333,0.6666666666666666,0.3333333333333333,0.0,0.0,0.0,0.0,1.3333333333333333,540.3333333333334,0.5625,0.3333333333333333,0.6666666666666666,0.0,5.0,0.8,0.2,0.2,0.4,0.0,0.2,0.0,0.4,0.2,0.0,0.0,18.4,32.6,2.8,8.2,94.2,119.2,8.0,13.8,0.6,1.0,0.0,0.4,0.4,0.6,0.0,0.0,0.0,0.0,1.2,403.2,0.5644171779141104,0.34146341463414637,0.6,0.0,10.0,0.8,0.1,0.5,0.2,0.0,0.2,0.0,0.6,0.2,0.0,0.0,10.0,17.7,2.6,6.3,52.1,67.1,14.0,18.2,0.9,1.4,0.0,0.2,0.6,0.6,0.0,0.0,0.0,0.0,1.1,340.1,0.5649717514124294,0.4126984126984127,0.6428571428571429,0.0,6.0,5.0,1.0,0.8333333333333334,0.16666666666666666,0.6666666666666666,0.0,0.16666666666666666,0.8333333333333334,0.16666666666666666,0.6666666666666666,0.0,0.0,0.16666666666666666,0.0,0.8333333333333334,0.16666666666666666,0.0,0.0,2.5,3.3333333333333335,2.3333333333333335,3.3333333333333335,7.0,8.333333333333334,12.833333333333334,14.166666666666666,0.6666666666666666,1.3333333333333333,0.0,0.3333333333333333,1.1666666666666667,0.16666666666666666,0.0,0.3333333333333333,0.0,0.0,1.0,187.83333333333334,0.75,0.7,0.5,0.0,3.0,1.0,0.3333333333333333,0.6666666666666666,0.0,0.0,0.0,0.0,1.0,0.0,0.0,0.0,3.3333333333333335,5.0,2.3333333333333335,3.0,10.333333333333334,13.0,9.333333333333334,10.333333333333334,0.6666666666666666,1.0,0.0,0.3333333333333333,1.3333333333333333,0.0,0.0,0.3333333333333333,0.0,0.0,1.0,229.0,0.6666666666666666,0.7777777777777778,0.6666666666666666,0.0,5.0,0.8,0.2,0.6,0.0,0.0,0.2,0.0,0.8,0.2,0.0,0.0,2.8,3.8,2.0,2.4,7.6,9.2,12.2,13.0,0.6,1.2,0.0,0.4,1.0,0.2,0.0,0.4,0.0,0.0,1.0,203.6,0.7368421052631579,0.8333333333333334,0.5,0.0,6.0,0.8333333333333334,0.16666666666666666,0.6666666666666666,0.0,0.0,0.16666666666666666,0.0,0.8333333333333334,0.16666666666666666,0.0,0.0,2.5,3.3333333333333335,2.3333333333333335,3.3333333333333335,7.0,8.333333333333334,12.833333333333334,14.166666666666666,0.6666666666666666,1.3333333333333333,0.0,0.3333333333333333,1.1666666666666667,0.16666666666666666,0.0,0.3333333333333333,0.0,0.0,1.0,187.83333333333334,0.75,0.7,0.5,0.0,1.0,0.0,1.0,0.0,-1.0,1.0,45.0,,5.678302532511978,4.0,3.0,1.0,-0.033333333333333326,-0.06666666666666665,-0.16666666666666663,0.2,0.033333333333333354,-0.033333333333333326,-0.06666666666666665,-0.16666666666666663,0.2,0.0,0.033333333333333354,0.0,-0.2333333333333334,0.033333333333333354,0.0,0.0,7.5,14.366666666666665,0.2666666666666666,2.9666666666666663,45.1,58.76666666666666,1.166666666666666,4.033333333333333,0.2333333333333334,0.06666666666666665,0.0,-0.1333333333333333,-0.5666666666666668,0.43333333333333335,0.0,-0.3333333333333333,0.0,0.0,0.10000000000000009,152.26666666666668,-0.1850282485875706,-0.2873015873015873,0.1428571428571429,0.0,0.0,0.0,-0.3333333333333333,-0.3333333333333333,0.6666666666666666,0.0,0.0,0.0,-0.6666666666666667,0.0,0.0,0.0,23.666666666666668,43.0,1.6666666666666665,9.0,133.33333333333331,163.66666666666666,3.333333333333332,10.999999999999998,0.0,0.0,0.0,0.0,-0.6666666666666666,0.3333333333333333,0.0,-0.3333333333333333,0.0,0.0,0.33333333333333326,311.33333333333337,-0.10416666666666663,-0.4444444444444445,0.0,0.0,0.0,0.0,0.0,-0.39999999999999997,0.4,0.0,0.0,0.0,-0.4,0.0,0.0,0.0,15.599999999999998,28.8,0.7999999999999998,5.799999999999999,86.60000000000001,110.0,-4.199999999999999,0.8000000000000007,0.0,-0.19999999999999996,0.0,0.0,-0.6,0.39999999999999997,0.0,-0.4,0.0,0.0,0.19999999999999996,199.6,-0.17242492734904746,-0.491869918699187,0.09999999999999998,0.0,4.0,-0.033333333333333326,-0.06666666666666665,-0.16666666666666663,0.2,0.0,0.033333333333333354,0.0,-0.2333333333333334,0.033333333333333354,0.0,0.0,7.5,14.366666666666665,0.2666666666666666,2.9666666666666663,45.1,58.76666666666666,1.166666666666666,4.033333333333333,0.2333333333333334,0.06666666666666665,0.0,-0.1333333333333333,-0.5666666666666668,0.43333333333333335,0.0,-0.3333333333333333,0.0,0.0,0.10000000000000009,152.26666666666668,-0.1850282485875706,-0.2873015873015873,0.1428571428571429,0.0
c89017008da245be,a390eb8a9b2df298,1996-05-17,08a7080ff5904661,8738eacd62e82a32,Open Weight,0,1,80.0,245.0,,,Orthodox,Rafael Carino,74.0,230.0,,24.969199178644764,Southpaw,Matt Andersen,Orthodox_vs_Southpaw,0.0,0.0,0.0,,,,,,,,,,,,,,,,,,,,,,,,,,,,,,,,,,,,,,,,,0.0,,,,,,,,,,,,,,,,,,,,,,,,,,,,,,,,,,,,0.0,,,,,,,,,,,,,,,,,,,,,,,,,,,,,,,,,,,,0.0,,,,,,,,,,,,,,,,,,,,,,,,,,,,,,,,,,,,0.0,0.0,0.0,,,,,,,,,,,,,,,,,,,,,,,,,,,,,,,,,,,,,,,,,0.0,,,,,,,,,,,,,,,,,,,,,,,,,,,,,,,,,,,,0.0,,,,,,,,,,,,,,,,,,,,,,,,,,,,,,,,,,,,0.0,,,,,,,,,,,,,,,,,,,,,,,,,,,,,,,,,,,,0.0,0.0,0.0,,0.0,6.0,15.0,,,0.0,0.0,0.0,,,,,,,,,,,,,,,,,,,,,,,,,,,,,,,,,,,,,,,,,0.0,,,,,,,,,,,,,,,,,,,,,,,,,,,,,,,,,,,,0.0,,,,,,,,,,,,,,,,,,,,,,,,,,,,,,,,,,,,0.0,,,,,,,,,,,,,,,,,,,,,,,,,,,,,,,,,,,
ca62a52ab0bd9108,a390eb8a9b2df298,1996-05-17,c1684f00c626f4c0,fbbde91f7bc2d3c5,Open Weight,0,1,69.0,200.0,,35.5564681724846,Orthodox,Mark Schultz,75.0,249.0,,30.32991101984942,Orthodox,Gary Goodridge,Orthodox_vs_Orthodox,0.0,0.0,0.0,,,,,,,,,,,,,,,,,,,,,,,,,,,,,,,,,,,,,,,,,0.0,,,,,,,,,,,,,,,,,,,,,,,,,,,,,,,,,,,,0.0,,,,,,,,,,,,,,,,,,,,,,,,,,,,,,,,,,,,0.0,,,,,,,,,,,,,,,,,,,,,,,,,,,,,,,,,,,,3.0,2.0,1.0,0.6666666666666666,0.6666666666666666,0.0,0.0,0.3333333333333333,0.6666666666666666,0.6666666666666666,0.0,0.0,0.3333333333333333,0.0,0.0,0.6666666666666666,0.3333333333333333,0.0,0.0,4.333333333333333,6.666666666666667,4.333333333333333,9.666666666666666,5.666666666666667,8.0,15.0,21.666666666666668,1.0,1.6666666666666667,0.0,0.6666666666666666,0.3333333333333333,0.0,0.3333333333333333,0.6666666666666666,0.0,0.0,1.0,159.33333333333334,0.65,0.4482758620689655,0.6,0.0,3.0,0.6666666666666666,0.6666666666666666,0.0,0.0,0.3333333333333333,0.0,0.0,0.6666666666666666,0.3333333333333333,0.0,0.0,4.333333333333333,6.666666666666667,4.333333333333333,9.666666666666666,5.666666666666667,8.0,15.0,21.666666666666668,1.0,1.6666666666666667,0.0,0.6666666666666666,0.3333333333333333,0.0,0.3333333333333333,0.6666666666666666,0.0,0.0,1.0,159.33333333333334,0.65,0.4482758620689655,0.6,0.0,3.0,0.6666666666666666,0.6666666666666666,0.0,0.0,0.3333333333333333,0.0,0.0,0.6666666666666666,0.3333333333333333,0.0,0.0,4.333333333333333,6.666666666666667,4.333333333333333,9.666666666666666,5.666666666666667,8.0,15.0,21.666666666666668,1.0,1.6666666666666667,0.0,0.6666666666666666,0.3333333333333333,0.0,0.3333333333333333,0.6666666666666666,0.0,0.0,1.0,159.33333333333334,0.65,0.4482758620689655,0.6,0.0,3.0,0.6666666666666666,0.6666666666666666,0.0,0.0,0.3333333333333333,0.0,0.0,0.6666666666666666,0.3333333333333333,0.0,0.0,4.333333333333333,6.666666666666667,4.333333333333333,9.666666666666666,5.666666666666667,8.0,15.0,21.666666666666668,1.0,1.6666666666666667,0.0,0.6666666666666666,0.3333333333333333,0.0,0.3333333333333333,0.6666666666666666,0.0,0.0,1.0,159.33333333333334,0.65,0.4482758620689655,0.6,0.0,0.0,0.0,0.0,,0.0,-6.0,-49.0,,5.226557152635181,-3.0,-2.0,-1.0,,,,,,,,,,,,,,,,,,,,,,,,,,,,,,,,,,,,,,,,,-3.0,,,,,,,,,,,,,,,,,,,,,,,,,,,,,,,,,,,,-3.0,,,,,,,,,,,,,,,,,,,,,,,,,,,,,,,,,,,,-3.0,,,,,,,,,,,,,,,,,,,,,,,,,,,,,,,,,,,
db845f2e28c22b4c,a390eb8a9b2df298,1996-05-17,271fe91f4ba9d2c5,7a359ef685a304a7,Open Weight,0,1,73.0,219.0,,30.480492813141684,Orthodox,Don Frye,69.0,185.0,,27.091033538672143,Orthodox,Amaury Bitetti,Orthodox_vs_Orthodox,3.0,3.0,0.0,1.0,1.0,0.0,0.0,0.0,1.0,1.0,0.0,0.0,0.0,0.0,0.0,1.0,0.0,0.3333333333333333,0.0,6.666666666666667,11.333333333333334,1.0,3.6666666666666665,16.333333333333332,21.666666666666668,1.3333333333333333,4.0,0.3333333333333333,0.3333333333333333,0.3333333333333333,1.0,0.0,0.0,0.3333333333333333,0.0,0.0,0.0,1.0,63.333333333333336,0.5882352941176471,0.2727272727272727,1.0,0.3333333333333333,3.0,1.0,1.0,0.0,0.0,0.0,0.0,0.0,1.0,0.0,0.3333333333333333,0.0,6.666666666666667,11.333333333333334,1.0,3.6666666666666665,16.333333333333332,21.666666666666668,1.3333333333333333,4.0,0.3333333333333333,0.3333333333333333,0.3333333333333333,1.0,0.0,0.0,0.3333333333333333,0.0,0.0,0.0,1.0,63.333333333333336,0.5882352941176471,0.2727272727272727,1.0,0.3333333333333333,3.0,1.0,1.0,0.0,0.0,0.0,0.0,0.0,1.0,0.0,0.3333333333333333,0.0,6.666666666666667,11.333333333333334,1.0,3.6666666666666665,16.333333333333332,21.666666666666668,1.3333333333333333,4.0,0.3333333333333333,0.3333333333333333,0.3333333333333333,1.0,0.0,0.0,0.3333333333333333,0.0,0.0,0.0,1.0,63.333333333333336,0.5882352941176471,0.2727272727272727,1.0,0.3333333333333333,3.0,1.0,1.0,0.0,0.0,0.0,0.0,0.0,1.0,0.0,0.3333333333333333,0.0,6.666666666666667,11.333333333333334,1.0,3.6666666666666665,16.333333333333332,21.666666666666668,1.3333333333333333,4.0,0.3333333333333333,0.3333333333333333,0.3333333333333333,1.0,0.0,0.0,0.3333333333333333,0.0,0.0,0.0,1.0,63.333333333333336,0.5882352941176471,0.2727272727272727,1.0,0.3333333333333333,0.0,0.0,0.0,,,,,,,,,,,,,,,,,,,,,,,,,,,,,,,,,,,,,,,,,0.0,,,,,,,,,,,,,,,,,,,,,,,,,,,,,,,,,,,,0.0,,,,,,,,,,,,,,,,,,,,,,,,,,,,,,,,,,,,0.0,,,,,,,,,,,,,,,,,,,,,,,,,,,,,,,,,,,,0.0,0.0,0.0,,0.0,4.0,34.0,,3.389459274469541,3.0,3.0,0.0,,,,,,,,,,,,,,,,,,,,,,,,,,,,,,,,,,,,,,,,,3.0,,,,,,,,,,,,,,,,,,,,,,,,,,,,,,,,,,,,3.0,,,,,,,,,,,,,,,,,,,,,,,,,,,,,,,,,,,,3.0,,,,,,,,,,,,,,,,,,,,,,,,,,,,,,,,,,,
e92abaf81ad5949b,a390eb8a9b2df298,1996-05-17,13e62d766b709aa6,2efbc83a6b9b7f86,Open Weight,0,1,72.0,240.0,,,Orthodox,Steve Nelmark,71.0,230.0,,,Unknown,Tai Bowden,Orthodox_vs_Unknown,0.0,0.0,0.0,,,,,,,,,,,,,,,,,,,,,,,,,,,,,,,,,,,,,,,,,0.0,,,,,,,,,,,,,,,,,,,,,,,,,,,,,,,,,,,,0.0,,,,,,,,,,,,,,,,,,,,,,,,,,,,,,,,,,,,0.0,,,,,,,,,,,,,,,,,,,,,,,,,,,,,,,,,,,,0.0,0.0,0.0,,,,,,,,,,,,,,,,,,,,,,,,,,,,,,,,,,,,,,,,,0.0,,,,,,,,,,,,,,,,,,,,,,,,,,,,,,,,,,,,0.0,,,,,,,,,,,,,,,,,,,,,,,,,,,,,,,,,,,,0.0,,,,,,,,,,,,,,,,,,,,,,,,,,,,,,,,,,,,0.0,0.0,0.0,,0.0,1.0,10.0,,,0.0,0.0,0.0,,,,,,,,,,,,,,,,,,,,,,,,,,,,,,,,,,,,,,,,,0.0,,,,,,,,,,,,,,,,,,,,,,,,,,,,,,,,,,,,0.0,,,,,,,,,,,,,,,,,,,,,,,,,,,,,,,,,,,,0.0,,,,,,,,,,,,,,,,,,,,,,,,,,,,,,,,,,,
6397fba14ce7f674,aee8eecfc4bfb1e7,1996-07-12,21b8a0f5c231096f,271fe91f4ba9d2c5,10 Tournament,1,1,73.0,205.0,75.0,31.55920602327173,Orthodox,Mark Coleman,73.0,219.0,,30.633812457221083,Orthodox,Don Frye,Orthodox_vs_Orthodox,0.0,0.0,0.0,,,,,,,,,,,,,,,,,,,,,,,,,,,,,,,,,,,,,,,,,0.0,,,,,,,,,,,,,,,,,,,,,,,,,,,,,,,,,,,,0.0,,,,,,,,,,,,,,,,,,,,,,,,,,,,,,,,,,,,0.0,,,,,,,,,,,,,,,,,,,,,,,,,,,,,,,,,,,,4.0,4.0,0.0,1.0,1.0,0.0,0.0,0.0,1.0,1.0,0.0,0.0,0.0,0.0,0.0,1.0,0.0,0.25,0.0,16.5,23.25,1.25,4.0,32.75,40.75,7.0,10.5,0.5,0.5,0.25,2.25,0.0,0.0,0.25,0.0,0.0,0.0,1.0,190.0,0.7096774193548387,0.3125,1.0,0.1111111111111111,3.0,1.0,1.0,0.0,0.0,0.0,0.0,0.0,1.0,0.0,0.0,0.0,21.0,29.666666666666668,1.3333333333333333,4.666666666666667,42.666666666666664,53.0,9.0,13.333333333333334,0.6666666666666666,0.6666666666666666,0.3333333333333333,3.0,0.0,0.0,0.3333333333333333,0.0,0.0,0.0,1.0,250.66666666666666,0.7078651685393258,0.2857142857142857,1.0,0.1111111111111111,4.0,1.0,1.0,0.0,0.0,0.0,0.0,0.0,1.0,0.0,0.25,0.0,16.5,23.25,1.25,4.0,32.75,40.75,7.0,10.5,0.5,0.5,0.25,2.25,0.0,0.0,0.25,0.0,0.0,0.0,1.0,190.0,0.7096774193548387,0.3125,1.0,0.1111111111111111,4.0,1.0,1.0,0.0,0.0,0.0,0.0,0.0,1.0,0.0,0.25,0.0,16.5,23.25,1.25,4.0,32.75,40.75,7.0,10.5,0.5,0.5,0.25,2.25,0.0,0.0,0.25,0.0,0.0,0.0,1.0,190.0,0.7096774193548387,0.3125,1.0,0.1111111111111111,0.0,0.0,0.0,,0.0,0.0,-14.0,,0.9253935660506478,-4.0,-4.0,0.0,,,,,,,,,,,,,,,,,,,,,,,,,,,,,,,,,,,,,,,,,-3.0,,,,,,,,,,,,,,,,,,,,,,,,,,,,,,,,,,,,-4.0,,,,,,,,,,,,,,,,,,,,,,,,,,,,,,,,,,,,-4.0,,,,,,,,,,,,,,,,,,,,,,,,,,,,,,,,,,,
b71cb011942f3176,aee8eecfc4bfb1e7,1996-07-12,21b8a0f5c231096f,fbbde91f7bc2d3c5,Open Weight,0,1,73.0,205.0,75.0,31.55920602327173,Orthodox,Mark Coleman,75.0,249.0,,30.483230663928815,Orthodox,Gary Goodridge,Orthodox_vs_Orthodox,1.0,1.0,0.0,1.0,1.0,0.0,0.0,0.0,1.0,1.0,0.0,0.0,0.0,0.0,0.0,1.0,0.0,0.0,0.0,34.0,60.0,1.0,6.0,71.0,105.0,17.0,22.0,3.0,5.0,0.0,2.0,2.0,0.0,0.0,1.0,0.0,0.0,1.0,694.0,0.5666666666666667,0.16666666666666666,0.6,0.0,1.0,1.0,1.0,0.0,0.0,0.0,0.0,0.0,1.0,0.0,0.0,0.0,34.0,60.0,1.0,6.0,71.0,105.0,17.0,22.0,3.0,5.0,0.0,2.0,2.0,0.0,0.0,1.0,0.0,0.0,1.0,694.0,0.5666666666666667,0.16666666666666666,0.6,0.0,1.0,1.0,1.0,0.0,0.0,0.0,0.0,0.0,1.0,0.0,0.0,0.0,34.0,60.0,1.0,6.0,71.0,105.0,17.0,22.0,3.0,5.0,0.0,2.0,2.0,0.0,0.0,1.0,0.0,0.0,1.0,694.0,0.5666666666666667,0.16666666666666666,0.6,0.0,1.0,1.0,1.0,0.0,0.0,0.0,0.0,0.0,1.0,0.0,0.0,0.0,34.0,60.0,1.0,6.0,71.0,105.0,17.0,22.0,3.0,5.0,0.0,2.0,2.0,0.0,0.0,1.0,0.0,0.0,1.0,694.0,0.5666666666666667,0.16666666666666666,0.6,0.0,4.0,2.0,2.0,0.5,0.5,0.0,0.0,0.5,0.5,0.5,0.0,0.0,0.5,0.0,0.0,0.5,0.5,0.0,0.0,3.5,6.0,5.25,14.5,5.0,7.75,29.75,40.25,0.75,1.25,0.75,1.25,0.25,0.0,0.25,0.5,0.0,0.0,1.0,299.5,0.5833333333333334,0.3620689655172414,0.6,0.6,3.0,0.3333333333333333,0.3333333333333333,0.0,0.0,0.6666666666666666,0.0,0.0,0.3333333333333333,0.6666666666666666,0.0,0.0,2.0,5.333333333333333,7.0,19.333333333333332,4.0,7.666666666666667,39.666666666666664,53.666666666666664,0.6666666666666666,1.3333333333333333,1.0,1.3333333333333333,0.3333333333333333,0.0,0.3333333333333333,0.6666666666666666,0.0,0.0,1.0,395.0,0.375,0.3620689655172414,0.5,0.75,4.0,0.5,0.5,0.0,0.0,0.5,0.0,0.0,0.5,0.5,0.0,0.0,3.5,6.0,5.25,14.5,5.0,7.75,29.75,40.25,0.75,1.25,0.75,1.25,0.25,0.0,0.25,0.5,0.0,0.0,1.0,299.5,0.5833333333333334,0.3620689655172414,0.6,0.6,4.0,0.5,0.5,0.0,0.0,0.5,0.0,0.0,0.5,0.5,0.0,0.0,3.5,6.0,5.25,14.5,5.0,7.75,29.75,40.25,0.75,1.25,0.75,1.25,0.25,0.0,0.25,0.5,0.0,0.0,1.0,299.5,0.5833333333333334,0.3620689655172414,0.6,0.6,0.0,0.0,0.0,,0.0,-2.0,-44.0,,1.075975359342916,-3.0,-1.0,-2.0,0.5,0.5,0.0,0.0,-0.5,0.5,0.5,0.0,0.0,-0.5,0.0,0.0,0.5,-0.5,0.0,0.0,30.5,54.0,-4.25,-8.5,66.0,97.25,-12.75,-18.25,2.25,3.75,-0.75,0.75,1.75,0.0,-0.25,0.5,0.0,0.0,0.0,394.5,-0.01666666666666672,-0.19540229885057472,0.0,-0.6,-2.0,0.6666666666666667,0.6666666666666667,0.0,0.0,-0.6666666666666666,0.0,0.0,0.6666666666666667,-0.6666666666666666,0.0,0.0,32.0,54.666666666666664,-6.0,-13.333333333333332,67.0,97.33333333333333,-22.666666666666664,-31.666666666666664,2.3333333333333335,3.666666666666667,-1.0,0.6666666666666667,1.6666666666666667,0.0,-0.3333333333333333,0.33333333333333337,0.0,0.0,0.0,299.0,0.19166666666666665,-0.19540229885057472,0.09999999999999998,-0.75,-3.0,0.5,0.5,0.0,0.0,-0.5,0.0,0.0,0.5,-0.5,0.0,0.0,30.5,54.0,-4.25,-8.5,66.0,97.25,-12.75,-18.25,2.25,3.75,-0.75,0.75,1.75,0.0,-0.25,0.5,0.0,0.0,0.0,394.5,-0.01666666666666672,-0.19540229885057472,0.0,-0.6,-3.0,0.5,0.5,0.0,0.0,-0.5,0.0,0.0,0.5,-0.5,0.0,0.0,30.5,54.0,-4.25,-8.5,66.0,97.25,-12.75,-18.25,2.25,3.75,-0.75,0.75,1.75,0.0,-0.25,0.5,0.0,0.0,0.0,394.5,-0.01666666666666672,-0.19540229885057472,0.0,-0.6
ba65a2f56dc6a5ed,aee8eecfc4bfb1e7,1996-07-12,21b8a0f5c231096f,baf942f4bcb09894,Open Weight,0,1,73.0,205.0,75.0,31.55920602327173,Orthodox,Mark Coleman,76.0,230.0,,32.303901437371664,Orthodox,Moti Horenstein,Orthodox_vs_Orthodox,2.0,2.0,0.0,1.0,0.5,0.5,0.0,0.0,1.0,0.5,0.5,0.0,0.0,0.0,0.0,1.0,0.0,0.0,0.0,33.5,54.0,2.0,6.5,61.0,87.5,12.5,17.5,2.5,3.5,0.0,1.0,1.0,0.0,0.0,0.5,0.0,0.0,1.0,557.0,0.6203703703703703,0.3076923076923077,0.7142857142857143,0.0,2.0,1.0,0.5,0.5,0.0,0.0,0.0,0.0,1.0,0.0,0.0,0.0,33.5,54.0,2.0,6.5,61.0,87.5,12.5,17.5,2.5,3.5,0.0,1.0,1.0,0.0,0.0,0.5,0.0,0.0,1.0,557.0,0.6203703703703703,0.3076923076923077,0.7142857142857143,0.0,2.0,1.0,0.5,0.5,0.0,0.0,0.0,0.0,1.0,0.0,0.0,0.0,33.5,54.0,2.0,6.5,61.0,87.5,12.5,17.5,2.5,3.5,0.0,1.0,1.0,0.0,0.0,0.5,0.0,0.0,1.0,557.0,0.6203703703703703,0.3076923076923077,0.7142857142857143,0.0,2.0,1.0,0.5,0.5,0.0,0.0,0.0,0.0,1.0,0.0,0.0,0.0,33.5,54.0,2.0,6.5,61.0,87.5,12.5,17.5,2.5,3.5,0.0,1.0,1.0,0.0,0.0,0.5,0.0,0.0,1.0,557.0,0.6203703703703703,0.3076923076923077,0.7142857142857143,0.0,0.0,0.0,0.0,,,,,,,,,,,,,,,,,,,,,,,,,,,,,,,,,,,,,,,,,0.0,,,,,,,,,,,,,,,,,,,,,,,,,,,,,,,,,,,,0.0,,,,,,,,,,,,,,,,,,,,,,,,,,,,,,,,,,,,0.0,,,,,,,,,,,,,,,,,,,,,,,,,,,,,,,,,,,,0.0,0.0,0.0,,0.0,-3.0,-25.0,,-0.7446954140999331,2.0,2.0,0.0,,,,,,,,,,,,,,,,,,,,,,,,,,,,,,,,,,,,,,,,,2.0,,,,,,,,,,,,,,,,,,,,,,,,,,,,,,,,,,,,2.0,,,,,,,,,,,,,,,,,,,,,,,,,,,,,,,,,,,,2.0,,,,,,,,,,,,,,,,,,,,,,,,,,,,,,,,,,,
bde5589889ded1c9,aee8eecfc4bfb1e7,1996-07-12,fbbde91f7bc2d3c5,31bbd46d57dfbcb7,Open Weight,0,1,75.0,249.0,,30.483230663928815,Orthodox,Gary Goodridge,69.0,235.0,,,Orthodox,John Campetella,Orthodox_vs_Orthodox,5.0,2.0,3.0,0.4,0.4,0.0,0.0,0.6,0.4,0.4,0.0,0.0,0.4,0.2,0.0,0.4,0.6,0.0,0.0,3.4,6.2,10.8,21.2,5.6,8.8,34.0,46.2,0.6,1.0,1.0,1.4,0.2,0.0,0.2,0.4,0.0,0.0,1.0,323.6,0.5483870967741935,0.5094339622641509,0.6,0.7142857142857143,3.0,0.3333333333333333,0.3333333333333333,0.0,0.0,0.3333333333333333,0.3333333333333333,0.0,0.3333333333333333,0.6666666666666666,0.0,0.0,2.3333333333333335,5.666666666666667,14.0,28.333333333333332,6.0,10.0,47.666666666666664,64.66666666666667,0.3333333333333333,0.3333333333333333,1.6666666666666667,2.0,0.3333333333333333,0.0,0.3333333333333333,0.3333333333333333,0.0,0.0,1.0,490.3333333333333,0.4117647058823529,0.49411764705882355,1.0,0.8333333333333334,5.0,0.4,0.4,0.0,0.0,0.4,0.2,0.0,0.4,0.6,0.0,0.0,3.4,6.2,10.8,21.2,5.6,8.8,34.0,46.2,0.6,1.0,1.0,1.4,0.2,0.0,0.2,0.4,0.0,0.0,1.0,323.6,0.5483870967741935,0.5094339622641509,0.6,0.7142857142857143,5.0,0.4,0.4,0.0,0.0,0.4,0.2,0.0,0.4,0.6,0.0,0.0,3.4,6.2,10.8,21.2,5.6,8.8,34.0,46.2,0.6,1.0,1.0,1.4,0.2,0.0,0.2,0.4,0.0,0.0,1.0,323.6,0.5483870967741935,0.5094339622641509,0.6,0.7142857142857143,0.0,0.0,0.0,,,,,,,,,,,,,,,,,,,,,,,,,,,,,,,,,,,,,,,,,0.0,,,,,,,,,,,,,,,,,,,,,,,,,,,,,,,,,,,,0.0,,,,,,,,,,,,,,,,,,,,,,,,,,,,,,,,,,,,0.0,,,,,,,,,,,,,,,,,,,,,,,,,,,,,,,,,,,,0.0,0.0,0.0,,0.0,6.0,14.0,,,5.0,2.0,3.0,,,,,,,,,,,,,,,,,,,,,,,,,,,,,,,,,,,,,,,,,3.0,,,,,,,,,,,,,,,,,,,,,,,,,,,,,,,,,,,,5.0,,,,,,,,,,,,,,,,,,,,,,,,,,,,,,,,,,,,5.0,,,,,,,,,,,,,,,,,,,,,,,,,,,,,,,,,,,
ced000124f98f276,aee8eecfc4bfb1e7,1996-07-12,271fe91f4ba9d2c5,1c3f5e85b59ec710,Open Weight,0,1,73.0,219.0,,30.633812457221083,Orthodox,Don Frye,75.0,230.0,,27.956194387405887,Orthodox,Brian Johnston,Orthodox_vs_Orthodox,5.0,4.0,1.0,0.8,0.8,0.0,0.0,0.2,0.8,0.8,0.0,0.0,0.2,0.0,0.0,0.8,0.2,0.2,0.0,13.4,19.8,7.8,15.2,29.6,37.0,19.8,29.4,0.4,0.8,0.8,2.8,0.0,0.4,0.4,0.0,0.0,0.0,1.0,290.8,0.6767676767676768,0.5131578947368421,0.5,0.2857142857142857,3.0,0.6666666666666666,0.6666666666666666,0.0,0.0,0.3333333333333333,0.0,0.0,0.6666666666666666,0.3333333333333333,0.0,0.0,17.333333333333332,24.666666666666668,12.0,22.666666666666668,39.333333333333336,48.0,32.0,46.333333333333336,0.6666666666666666,1.3333333333333333,1.0,3.6666666666666665,0.0,0.6666666666666666,0.3333333333333333,0.0,0.0,0.0,1.0,437.3333333333333,0.7027027027027027,0.5294117647058824,0.5,0.2727272727272727,5.0,0.8,0.8,0.0,0.0,0.2,0.0,0.0,0.8,0.2,0.2,0.0,13.4,19.8,7.8,15.2,29.6,37.0,19.8,29.4,0.4,0.8,0.8,2.8,0.0,0.4,0.4,0.0,0.0,0.0,1.0,290.8,0.6767676767676768,0.5131578947368421,0.5,0.2857142857142857,5.0,0.8,0.8,0.0,0.0,0.2,0.0,0.0,0.8,0.2,0.2,0.0,13.4,19.8,7.8,15.2,29.6,37.0,19.8,29.4,0.4,0.8,0.8,2.8,0.0,0.4,0.4,0.0,0.0,0.0,1.0,290.8,0.6767676767676768,0.5131578947368421,0.5,0.2857142857142857,0.0,0.0,0.0,,,,,,,,,,,,,,,,,,,,,,,,,,,,,,,,,,,,,,,,,0.0,,,,,,,,,,,,,,,,,,,,,,,,,,,,,,,,,,,,0.0,,,,,,,,,,,,,,,,,,,,,,,,,,,,,,,,,,,,0.0,,,,,,,,,,,,,,,,,,,,,,,,,,,,,,,,,,,,0.0,0.0,0.0,,0.0,-2.0,-11.0,,2.677618069815196,5.0,4.0,1.0,,,,,,,,,,,,,,,,,,,,,,,,,,,,,,,,,,,,,,,,,3.0,,,,,,,,,,,,,,,,,,,,,,,,,,,,,,,,,,,,5.0,,,,,,,,,,,,,,,,,,,,,,,,,,,,,,,,,,,,5.0,,,,,,,,,,,,,,,,,,,,,,,,,,,,,,,,,,,
dc6a8ec4d6c477de,aee8eecfc4bfb1e7,1996-07-12,304fcd812f12c589,0db70ca89e1c7374,Open Weight,0,1,73.0,200.0,,,Unknown,Geza Kalman,69.0,200.0,,,Unknown,Dieusel Berto,Unknown_vs_Unknown,1.0,0.0,1.0,0.0,0.0,0.0,0.0,1.0,0.0,0.0,0.0,0.0,1.0,0.0,0.0,0.0,1.0,0.0,0.0,0.0,0.0,0.0,0.0,0.0,0.0,0.0,0.0,0.0,0.0,0.0,0.0,0.0,0.0,0.0,0.0,0.0,0.0,0.0,48.0,,,,,1.0,0.0,0.0,0.0,0.0,1.0,0.0,0.0,0.0,1.0,0.0,0.0,0.0,0.0,0.0,0.0,0.0,0.0,0.0,0.0,0.0,0.0,0.0,0.0,0.0,0.0,0.0,0.0,0.0,0.0,0.0,48.0,,,,,1.0,0.0,0.0,0.0,0.0,1.0,0.0,0.0,0.0,1.0,0.0,0.0,0.0,0.0,0.0,0.0,0.0,0.0,0.0,0.0,0.0,0.0,0.0,0.0,0.0,0.0,0.0,0.0,0.0,0.0,0.0,48.0,,,,,1.0,0.0,0.0,0.0,0.0,1.0,0.0,0.0,0.0,1.0,0.0,0.0,0.0,0.0,0.0,0.0,0.0,0.0,0.0,0.0,0.0,0.0,0.0,0.0,0.0,0.0,0.0,0.0,0.0,0.0,0.0,48.0,,,,,0.0,0.0,0.0,,,,,,,,,,,,,,,,,,,,,,,,,,,,,,,,,,,,,,,,,0.0,,,,,,,,,,,,,,,,,,,,,,,,,,,,,,,,,,,,0.0,,,,,,,,,,,,,,,,,,,,,,,,,,,,,,,,,,,,0.0,,,,,,,,,,,,,,,,,,,,,,,,,,,,,,,,,,,,0.0,0.0,0.0,,0.0,4.0,0.0,,,1.0,0.0,1.0,,,,,,,,,,,,,,,,,,,,,,,,,,,,,,,,,,,,,,,,,1.0,,,,,,,,,,,,,,,,,,,,,,,,,,,,,,,,,,,,1.0,,,,,,,,,,,,,,,,,,,,,,,,,,,,,,,,,,,,1.0,,,,,,,,,,,,,,,,,,,,,,,,,,,,,,,,,,,
de2ced807ed3eb0b,aee8eecfc4bfb1e7,1996-07-12,271fe91f4ba9d2c5,18524b46c570730b,Open Weight,0,1,73.0,219.0,,30.633812457221083,Orthodox,Don Frye,72.0,190.0,,35.45790554414784,Orthodox,Mark Hall,Orthodox_vs_Orthodox,6.0,5.0,1.0,0.8333333333333334,0.8333333333333334,0.0,0.0,0.16666666666666666,0.8333333333333334,0.8333333333333334,0.0,0.0,0.16666666666666666,0.0,0.0,0.8333333333333334,0.16666666666666666,0.16666666666666666,0.0,13.0,19.166666666666668,8.333333333333334,16.333333333333332,31.666666666666668,38.833333333333336,21.166666666666668,31.0,0.5,0.8333333333333334,0.6666666666666666,2.3333333333333335,0.0,0.3333333333333333,0.3333333333333333,0.0,0.0,0.0,1.0,288.5,0.6782608695652174,0.5102040816326531,0.6,0.2857142857142857,3.0,0.6666666666666666,0.6666666666666666,0.0,0.0,0.3333333333333333,0.0,0.0,0.6666666666666666,0.3333333333333333,0.0,0.0,19.333333333333332,27.0,15.666666666666666,29.0,47.0,56.0,41.0,58.0,0.6666666666666666,1.3333333333333333,1.0,3.6666666666666665,0.0,0.6666666666666666,0.3333333333333333,0.0,0.0,0.0,1.0,513.6666666666666,0.7160493827160493,0.5402298850574713,0.5,0.2727272727272727,5.0,0.8,0.8,0.0,0.0,0.2,0.0,0.0,0.8,0.2,0.0,0.0,15.0,22.2,9.8,19.2,37.4,45.8,25.2,36.8,0.6,1.0,0.8,2.8,0.0,0.4,0.4,0.0,0.0,0.0,1.0,344.6,0.6756756756756757,0.5104166666666666,0.6,0.2857142857142857,6.0,0.8333333333333334,0.8333333333333334,0.0,0.0,0.16666666666666666,0.0,0.0,0.8333333333333334,0.16666666666666666,0.16666666666666666,0.0,13.0,19.166666666666668,8.333333333333334,16.333333333333332,31.666666666666668,38.833333333333336,21.166666666666668,31.0,0.5,0.8333333333333334,0.6666666666666666,2.3333333333333335,0.0,0.3333333333333333,0.3333333333333333,0.0,0.0,0.0,1.0,288.5,0.6782608695652174,0.5102040816326531,0.6,0.2857142857142857,4.0,3.0,1.0,0.75,0.5,0.25,0.0,0.25,0.75,0.5,0.25,0.0,0.0,0.25,0.0,0.75,0.25,0.0,0.0,1.5,2.5,1.75,2.5,5.25,8.0,2.5,4.0,0.0,0.0,0.75,1.0,0.0,0.5,0.25,0.0,0.0,0.0,0.75,134.5,0.6,0.7,,0.75,3.0,1.0,0.6666666666666666,0.3333333333333333,0.0,0.0,0.0,0.0,1.0,0.0,0.0,0.0,1.3333333333333333,2.3333333333333335,1.6666666666666667,2.3333333333333335,5.666666666666667,9.0,2.0,3.3333333333333335,0.0,0.0,0.6666666666666666,1.0,0.0,0.0,0.3333333333333333,0.0,0.0,0.0,0.6666666666666666,159.0,0.5714285714285714,0.7142857142857143,,0.6666666666666666,4.0,0.75,0.5,0.25,0.0,0.0,0.25,0.0,0.75,0.25,0.0,0.0,1.5,2.5,1.75,2.5,5.25,8.0,2.5,4.0,0.0,0.0,0.75,1.0,0.0,0.5,0.25,0.0,0.0,0.0,0.75,134.5,0.6,0.7,,0.75,4.0,0.75,0.5,0.25,0.0,0.0,0.25,0.0,0.75,0.25,0.0,0.0,1.5,2.5,1.75,2.5,5.25,8.0,2.5,4.0,0.0,0.0,0.75,1.0,0.0,0.5,0.25,0.0,0.0,0.0,0.75,134.5,0.6,0.7,,0.75,0.0,0.0,0.0,,0.0,1.0,29.0,,-4.824093086926759,2.0,2.0,0.0,0.08333333333333337,0.33333333333333337,-0.25,0.0,-0.08333333333333334,0.08333333333333337,0.33333333333333337,-0.25,0.0,0.16666666666666666,-0.25,0.0,0.08333333333333337,-0.08333333333333334,0.16666666666666666,0.0,11.5,16.666666666666668,6.583333333333334,13.833333333333332,26.416666666666668,30.833333333333336,18.666666666666668,27.0,0.5,0.8333333333333334,-0.08333333333333337,1.3333333333333335,0.0,-0.16666666666666669,0.08333333333333331,0.0,0.0,0.0,0.25,154.0,0.07826086956521738,-0.18979591836734688,,-0.4642857142857143,0.0,-0.33333333333333337,0.0,-0.3333333333333333,0.0,0.3333333333333333,0.0,0.0,-0.33333333333333337,0.3333333333333333,0.0,0.0,18.0,24.666666666666668,14.0,26.666666666666668,41.333333333333336,47.0,39.0,54.666666666666664,0.6666666666666666,1.3333333333333333,0.33333333333333337,2.6666666666666665,0.0,0.6666666666666666,0.0,0.0,0.0,0.0,0.33333333333333337,354.66666666666663,0.14462081128747795,-0.17405582922824303,,-0.3939393939393939,1.0,0.050000000000000044,0.30000000000000004,-0.25,0.0,0.2,-0.25,0.0,0.050000000000000044,-0.04999999999999999,0.0,0.0,13.5,19.7,8.05,16.7,32.15,37.8,22.7,32.8,0.6,1.0,0.050000000000000044,1.7999999999999998,0.0,-0.09999999999999998,0.15000000000000002,0.0,0.0,0.0,0.25,210.10000000000002,0.07567567567567568,-0.18958333333333333,,-0.4642857142857143,2.0,0.08333333333333337,0.33333333333333337,-0.25,0.0,0.16666666666666666,-0.25,0.0,0.08333333333333337,-0.08333333333333334,0.16666666666666666,0.0,11.5,16.666666666666668,6.583333333333334,13.833333333333332,26.416666666666668,30.833333333333336,18.666666666666668,27.0,0.5,0.8333333333333334,-0.08333333333333337,1.3333333333333335,0.0,-0.16666666666666669,0.08333333333333331,0.0,0.0,0.0,0.25,154.0,0.07826086956521738,-0.18979591836734688,,-0.4642857142857143
e4acc3bb3c3e27d1,aee8eecfc4bfb1e7,1996-07-12,1c3f5e85b59ec710,0ec821423baa26bd,Open Weight,0,1,75.0,230.0,,27.956194387405887,Orthodox,Brian Johnston,76.0,235.0,,,Orthodox,Scott Fiedler,Orthodox_vs_Orthodox,1.0,0.0,1.0,0.0,0.0,0.0,0.0,1.0,0.0,0.0,0.0,0.0,1.0,0.0,0.0,0.0,1.0,0.0,0.0,11.0,22.0,11.0,16.0,28.0,39.0,42.0,48.0,0.0,0.0,1.0,1.0,0.0,0.0,0.0,0.0,0.0,0.0,1.0,277.0,0.5,0.6875,,1.0,1.0,0.0,0.0,0.0,0.0,1.0,0.0,0.0,0.0,1.0,0.0,0.0,11.0,22.0,11.0,16.0,28.0,39.0,42.0,48.0,0.0,0.0,1.0,1.0,0.0,0.0,0.0,0.0,0.0,0.0,1.0,277.0,0.5,0.6875,,1.0,1.0,0.0,0.0,0.0,0.0,1.0,0.0,0.0,0.0,1.0,0.0,0.0,11.0,22.0,11.0,16.0,28.0,39.0,42.0,48.0,0.0,0.0,1.0,1.0,0.0,0.0,0.0,0.0,0.0,0.0,1.0,277.0,0.5,0.6875,,1.0,1.0,0.0,0.0,0.0,0.0,1.0,0.0,0.0,0.0,1.0,0.0,0.0,11.0,22.0,11.0,16.0,28.0,39.0,42.0,48.0,0.0,0.0,1.0,1.0,0.0,0.0,0.0,0.0,0.0,0.0,1.0,277.0,0.5,0.6875,,1.0,0.0,0.0,0.0,,,,,,,,,,,,,,,,,,,,,,,,,,,,,,,,,,,,,,,,,0.0,,,,,,,,,,,,,,,,,,,,,,,,,,,,,,,,,,,,0.0,,,,,,,,,,,,,,,,,,,,,,,,,,,,,,,,,,,,0.0,,,,,,,,,,,,,,,,,,,,,,,,,,,,,,,,,,,,0.0,0.0,0.0,,0.0,-1.0,-5.0,,,1.0,0.0,1.0,,,,,,,,,,,,,,,,,,,,,,,,,,,,,,,,,,,,,,,,,1.0,,,,,,,,,,,,,,,,,,,,,,,,,,,,,,,,,,,,1.0,,,,,,,,,,,,,,,,,,,,,,,,,,,,,,,,,,,,1.0,,,,,,,,,,,,,,,,,,,,,,,,,,,,,,,,,,,
f59b1215176636f6,aee8eecfc4bfb1e7,1996-07-12,0e9869d712e81f8f,6cbb7661c3258617,Open Weight,0,1,75.0,225.0,,31.211498973305954,Orthodox,Sam Adkins,,,,,Orthodox,Felix Lee Mitchell,Orthodox_vs_Orthodox,2.0,1.0,1.0,0.5,0.5,0.0,0.0,0.5,0.5,0.5,0.0,0.0,0.5,0.0,0.0,0.5,0.5,0.0,0.0,0.0,1.5,2.5,4.5,0.5,2.0,9.5,12.0,0.0,0.0,0.5,0.5,0.0,0.0,0.0,0.0,0.0,0.0,0.5,49.0,0.0,0.5555555555555556,,1.0,2.0,0.5,0.5,0.0,0.0,0.5,0.0,0.0,0.5,0.5,0.0,0.0,0.0,1.5,2.5,4.5,0.5,2.0,9.5,12.0,0.0,0.0,0.5,0.5,0.0,0.0,0.0,0.0,0.0,0.0,0.5,49.0,0.0,0.5555555555555556,,1.0,2.0,0.5,0.5,0.0,0.0,0.5,0.0,0.0,0.5,0.5,0.0,0.0,0.0,1.5,2.5,4.5,0.5,2.0,9.5,12.0,0.0,0.0,0.5,0.5,0.0,0.0,0.0,0.0,0.0,0.0,0.5,49.0,0.0,0.5555555555555556,,1.0,2.0,0.5,0.5,0.0,0.0,0.5,0.0,0.0,0.5,0.5,0.0,0.0,0.0,1.5,2.5,4.5,0.5,2.0,9.5,12.0,0.0,0.0,0.5,0.5,0.0,0.0,0.0,0.0,0.0,0.0,0.5,49.0,0.0,0.5555555555555556,,1.0,1.0,0.0,1.0,0.0,0.0,0.0,0.0,1.0,0.0,0.0,0.0,0.0,0.0,1.0,0.0,0.0,1.0,0.0,0.0,3.0,3.0,4.0,4.0,21.0,22.0,7.0,7.0,0.0,0.0,1.0,2.0,0.0,1.0,0.0,0.0,0.0,0.0,1.0,274.0,1.0,1.0,,0.5,1.0,0.0,0.0,0.0,0.0,0.0,1.0,0.0,0.0,1.0,0.0,0.0,3.0,3.0,4.0,4.0,21.0,22.0,7.0,7.0,0.0,0.0,1.0,2.0,0.0,1.0,0.0,0.0,0.0,0.0,1.0,274.0,1.0,1.0,,0.5,1.0,0.0,0.0,0.0,0.0,0.0,1.0,0.0,0.0,1.0,0.0,0.0,3.0,3.0,4.0,4.0,21.0,22.0,7.0,7.0,0.0,0.0,1.0,2.0,0.0,1.0,0.0,0.0,0.0,0.0,1.0,274.0,1.0,1.0,,0.5,1.0,0.0,0.0,0.0,0.0,0.0,1.0,0.0,0.0,1.0,0.0,0.0,3.0,3.0,4.0,4.0,21.0,22.0,7.0,7.0,0.0,0.0,1.0,2.0,0.0,1.0,0.0,0.0,0.0,0.0,1.0,274.0,1.0,1.0,,0.5,0.0,0.0,0.0,,0.0,,,,,1.0,1.0,0.0,0.5,0.5,0.0,0.0,-0.5,0.5,0.5,0.0,0.0,0.5,-1.0,0.0,0.5,-0.5,0.0,0.0,-3.0,-1.5,-1.5,0.5,-20.5,-20.0,2.5,5.0,0.0,0.0,-0.5,-1.5,0.0,-1.0,0.0,0.0,0.0,0.0,-0.5,-225.0,-1.0,-0.4444444444444444,,0.5,1.0,0.5,0.5,0.0,0.0,0.5,-1.0,0.0,0.5,-0.5,0.0,0.0,-3.0,-1.5,-1.5,0.5,-20.5,-20.0,2.5,5.0,0.0,0.0,-0.5,-1.5,0.0,-1.0,0.0,0.0,0.0,0.0,-0.5,-225.0,-1.0,-0.4444444444444444,,0.5,1.0,0.5,0.5,0.0,0.0,0.5,-1.0,0.0,0.5,-0.5,0.0,0.0,-3.0,-1.5,-1.5,0.5,-20.5,-20.0,2.5,5.0,0.0,0.0,-0.5,-1.5,0.0,-1.0,0.0,0.0,0.0,0.0,-0.5,-225.0,-1.0,-0.4444444444444444,,0.5,1.0,0.5,0.5,0.0,0.0,0.5,-1.0,0.0,0.5,-0.5,0.0,0.0,-3.0,-1.5,-1.5,0.5,-20.5,-20.0,2.5,5.0,0.0,0.0,-0.5,-1.5,0.0,-1.0,0.0,0.0,0.0,0.0,-0.5,-225.0,-1.0,-0.4444444444444444,,0.5
398ff6015a5ba3b5,6ceff86fae4f6b3b,1996-09-20,b361180739bed4b0,0e9869d712e81f8f,Open Weight,0,1,72.0,265.0,,31.4031485284052,Switch,David Abbott,75.0,225.0,,31.4031485284052,Orthodox,Sam Adkins,Switch_vs_Orthodox,5.0,3.0,2.0,0.6,0.4,0.2,0.0,0.2,0.6,0.4,0.2,0.0,0.0,0.2,0.2,0.6,0.2,0.4,0.0,8.4,17.0,12.4,15.6,15.6,25.8,58.8,65.6,0.8,1.0,0.2,1.0,0.4,0.8,0.0,0.0,0.0,0.0,1.0,470.4,0.49411764705882355,0.7948717948717948,0.8,0.2,3.0,0.6666666666666666,0.3333333333333333,0.3333333333333333,0.0,0.0,0.0,0.3333333333333333,0.6666666666666666,0.0,0.6666666666666666,0.0,3.6666666666666665,6.333333333333333,19.0,22.0,7.0,11.0,78.0,85.0,0.3333333333333333,0.3333333333333333,0.3333333333333333,0.6666666666666666,0.3333333333333333,0.0,0.0,0.0,0.0,0.0,1.0,391.3333333333333,0.5789473684210527,0.8636363636363636,1.0,0.5,5.0,0.6,0.4,0.2,0.0,0.0,0.2,0.2,0.6,0.2,0.4,0.0,8.4,17.0,12.4,15.6,15.6,25.8,58.8,65.6,0.8,1.0,0.2,1.0,0.4,0.8,0.0,0.0,0.0,0.0,1.0,470.4,0.49411764705882355,0.7948717948717948,0.8,0.2,5.0,0.6,0.4,0.2,0.0,0.0,0.2,0.2,0.6,0.2,0.4,0.0,8.4,17.0,12.4,15.6,15.6,25.8,58.8,65.6,0.8,1.0,0.2,1.0,0.4,0.8,0.0,0.0,0.0,0.0,1.0,470.4,0.49411764705882355,0.7948717948717948,0.8,0.2,3.0,2.0,1.0,0.6666666666666666,0.3333333333333333,0.0,0.3333333333333333,0.3333333333333333,0.6666666666666666,0.3333333333333333,0.0,0.3333333333333333,0.3333333333333333,0.0,0.0,0.3333333333333333,0.3333333333333333,0.0,0.0,0.0,1.0,1.6666666666666667,3.0,0.3333333333333333,1.3333333333333333,6.333333333333333,8.0,0.0,0.0,0.3333333333333333,0.3333333333333333,0.0,0.0,0.0,0.0,0.0,0.0,0.3333333333333333,192.66666666666666,0.0,0.5555555555555556,,1.0,3.0,0.6666666666666666,0.3333333333333333,0.0,0.3333333333333333,0.3333333333333333,0.0,0.0,0.3333333333333333,0.3333333333333333,0.0,0.0,0.0,1.0,1.6666666666666667,3.0,0.3333333333333333,1.3333333333333333,6.333333333333333,8.0,0.0,0.0,0.3333333333333333,0.3333333333333333,0.0,0.0,0.0,0.0,0.0,0.0,0.3333333333333333,192.66666666666666,0.0,0.5555555555555556,,1.0,3.0,0.6666666666666666,0.3333333333333333,0.0,0.3333333333333333,0.3333333333333333,0.0,0.0,0.3333333333333333,0.3333333333333333,0.0,0.0,0.0,1.0,1.6666666666666667,3.0,0.3333333333333333,1.3333333333333333,6.333333333333333,8.0,0.0,0.0,0.3333333333333333,0.3333333333333333,0.0,0.0,0.0,0.0,0.0,0.0,0.3333333333333333,192.66666666666666,0.0,0.5555555555555556,,1.0,3.0,0.6666666666666666,0.3333333333333333,0.0,0.3333333333333333,0.3333333333333333,0.0,0.0,0.3333333333333333,0.3333333333333333,0.0,0.0,0.0,1.0,1.6666666666666667,3.0,0.3333333333333333,1.3333333333333333,6.333333333333333,8.0,0.0,0.0,0.3333333333333333,0.3333333333333333,0.0,0.0,0.0,0.0,0.0,0.0,0.3333333333333333,192.66666666666666,0.0,0.5555555555555556,,1.0,0.0,0.0,0.0,,0.0,-3.0,40.0,,0.0,2.0,1.0,1.0,-0.06666666666666665,0.06666666666666671,0.2,-0.3333333333333333,-0.1333333333333333,-0.06666666666666665,0.06666666666666671,0.2,-0.3333333333333333,-0.3333333333333333,0.2,0.2,0.26666666666666666,-0.1333333333333333,0.4,0.0,8.4,16.0,10.733333333333334,12.6,15.266666666666666,24.46666666666667,52.46666666666666,57.599999999999994,0.8,1.0,-0.1333333333333333,0.6666666666666667,0.4,0.8,0.0,0.0,0.0,0.0,0.6666666666666667,277.73333333333335,0.49411764705882355,0.23931623931623924,,-0.8,0.0,0.0,0.0,0.3333333333333333,-0.3333333333333333,-0.3333333333333333,0.0,0.3333333333333333,0.3333333333333333,-0.3333333333333333,0.6666666666666666,0.0,3.6666666666666665,5.333333333333333,17.333333333333332,19.0,6.666666666666667,9.666666666666666,71.66666666666667,77.0,0.3333333333333333,0.3333333333333333,0.0,0.3333333333333333,0.3333333333333333,0.0,0.0,0.0,0.0,0.0,0.6666666666666667,198.66666666666666,0.5789473684210527,0.30808080808080807,,-0.5,2.0,-0.06666666666666665,0.06666666666666671,0.2,-0.3333333333333333,-0.3333333333333333,0.2,0.2,0.26666666666666666,-0.1333333333333333,0.4,0.0,8.4,16.0,10.733333333333334,12.6,15.266666666666666,24.46666666666667,52.46666666666666,57.599999999999994,0.8,1.0,-0.1333333333333333,0.6666666666666667,0.4,0.8,0.0,0.0,0.0,0.0,0.6666666666666667,277.73333333333335,0.49411764705882355,0.23931623931623924,,-0.8,2.0,-0.06666666666666665,0.06666666666666671,0.2,-0.3333333333333333,-0.3333333333333333,0.2,0.2,0.26666666666666666,-0.1333333333333333,0.4,0.0,8.4,16.0,10.733333333333334,12.6,15.266666666666666,24.46666666666667,52.46666666666666,57.599999999999994,0.8,1.0,-0.1333333333333333,0.6666666666666667,0.4,0.8,0.0,0.0,0.0,0.0,0.6666666666666667,277.73333333333335,0.49411764705882355,0.23931623931623924,,-0.8
3badedeb2c5533f4,6ceff86fae4f6b3b,1996-09-20,20ec0061400178ca,b3bbe88fecd6a0d2,Open Weight,0,1,75.0,227.0,,28.01095140314853,Orthodox,Roberto Traven,,,,,Unknown,Dave Berry,Orthodox_vs_Unknown,0.0,0.0,0.0,,,,,,,,,,,,,,,,,,,,,,,,,,,,,,,,,,,,,,,,,0.0,,,,,,,,,,,,,,,,,,,,,,,,,,,,,,,,,,,,0.0,,,,,,,,,,,,,,,,,,,,,,,,,,,,,,,,,,,,0.0,,,,,,,,,,,,,,,,,,,,,,,,,,,,,,,,,,,,0.0,0.0,0.0,,,,,,,,,,,,,,,,,,,,,,,,,,,,,,,,,,,,,,,,,0.0,,,,,,,,,,,,,,,,,,,,,,,,,,,,,,,,,,,,0.0,,,,,,,,,,,,,,,,,,,,,,,,,,,,,,,,,,,,0.0,,,,,,,,,,,,,,,,,,,,,,,,,,,,,,,,,,,,0.0,0.0,0.0,,0.0,,,,,0.0,0.0,0.0,,,,,,,,,,,,,,,,,,,,,,,,,,,,,,,,,,,,,,,,,0.0,,,,,,,,,,,,,,,,,,,,,,,,,,,,,,,,,,,,0.0,,,,,,,,,,,,,,,,,,,,,,,,,,,,,,,,,,,,0.0,,,,,,,,,,,,,,,,,,,,,,,,,,,,,,,,,,,
7149494344c04258,6ceff86fae4f6b3b,1996-09-20,1c3f5e85b59ec710,d41937647eae9a34,Open Weight,0,1,75.0,230.0,,28.147843942505133,Orthodox,Brian Johnston,71.0,205.0,,,Orthodox,Reza Nasri,Orthodox_vs_Orthodox,2.0,1.0,1.0,0.5,0.5,0.0,0.0,0.5,0.5,0.5,0.0,0.0,0.5,0.0,0.0,0.5,0.5,0.0,0.0,6.5,13.5,7.0,10.0,20.5,28.0,23.5,27.5,0.5,1.0,0.5,0.5,0.5,0.0,0.5,0.0,0.0,0.0,1.0,211.0,0.48148148148148145,0.7,0.5,1.0,2.0,0.5,0.5,0.0,0.0,0.5,0.0,0.0,0.5,0.5,0.0,0.0,6.5,13.5,7.0,10.0,20.5,28.0,23.5,27.5,0.5,1.0,0.5,0.5,0.5,0.0,0.5,0.0,0.0,0.0,1.0,211.0,0.48148148148148145,0.7,0.5,1.0,2.0,0.5,0.5,0.0,0.0,0.5,0.0,0.0,0.5,0.5,0.0,0.0,6.5,13.5,7.0,10.0,20.5,28.0,23.5,27.5,0.5,1.0,0.5,0.5,0.5,0.0,0.5,0.0,0.0,0.0,1.0,211.0,0.48148148148148145,0.7,0.5,1.0,2.0,0.5,0.5,0.0,0.0,0.5,0.0,0.0,0.5,0.5,0.0,0.0,6.5,13.5,7.0,10.0,20.5,28.0,23.5,27.5,0.5,1.0,0.5,0.5,0.5,0.0,0.5,0.0,0.0,0.0,1.0,211.0,0.48148148148148145,0.7,0.5,1.0,0.0,0.0,0.0,,,,,,,,,,,,,,,,,,,,,,,,,,,,,,,,,,,,,,,,,0.0,,,,,,,,,,,,,,,,,,,,,,,,,,,,,,,,,,,,0.0,,,,,,,,,,,,,,,,,,,,,,,,,,,,,,,,,,,,0.0,,,,,,,,,,,,,,,,,,,,,,,,,,,,,,,,,,,,0.0,0.0,0.0,,0.0,4.0,25.0,,,2.0,1.0,1.0,,,,,,,,,,,,,,,,,,,,,,,,,,,,,,,,,,,,,,,,,2.0,,,,,,,,,,,,,,,,,,,,,,,,,,,,,,,,,,,,2.0,,,,,,,,,,,,,,,,,,,,,,,,,,,,,,,,,,,,2.0,,,,,,,,,,,,,,,,,,,,,,,,,,,,,,,,,,,
9f6a7aee1fce539a,6ceff86fae4f6b3b,1996-09-20,977081bc01197656,b361180739bed4b0,Open Weight,0,1,71.0,323.0,,31.4031485284052,Orthodox,Scott Ferrozzo,72.0,265.0,,31.4031485284052,Switch,David Abbott,Orthodox_vs_Switch,1.0,0.0,1.0,0.0,0.0,0.0,0.0,1.0,0.0,0.0,0.0,0.0,0.0,1.0,0.0,0.0,1.0,0.0,0.0,9.0,12.0,7.0,9.0,17.0,20.0,27.0,33.0,2.0,4.0,0.0,0.0,1.0,1.0,0.0,0.0,0.0,0.0,1.0,543.0,0.75,0.7777777777777778,0.5,,1.0,0.0,0.0,0.0,0.0,0.0,1.0,0.0,0.0,1.0,0.0,0.0,9.0,12.0,7.0,9.0,17.0,20.0,27.0,33.0,2.0,4.0,0.0,0.0,1.0,1.0,0.0,0.0,0.0,0.0,1.0,543.0,0.75,0.7777777777777778,0.5,,1.0,0.0,0.0,0.0,0.0,0.0,1.0,0.0,0.0,1.0,0.0,0.0,9.0,12.0,7.0,9.0,17.0,20.0,27.0,33.0,2.0,4.0,0.0,0.0,1.0,1.0,0.0,0.0,0.0,0.0,1.0,543.0,0.75,0.7777777777777778,0.5,,1.0,0.0,0.0,0.0,0.0,0.0,1.0,0.0,0.0,1.0,0.0,0.0,9.0,12.0,7.0,9.0,17.0,20.0,27.0,33.0,2.0,4.0,0.0,0.0,1.0,1.0,0.0,0.0,0.0,0.0,1.0,543.0,0.75,0.7777777777777778,0.5,,6.0,4.0,2.0,0.6666666666666666,0.3333333333333333,0.3333333333333333,0.0,0.16666666666666666,0.6666666666666666,0.3333333333333333,0.3333333333333333,0.0,0.0,0.16666666666666666,0.16666666666666666,0.6666666666666666,0.16666666666666666,0.3333333333333333,0.0,8.333333333333334,15.666666666666666,10.333333333333334,13.333333333333334,15.666666666666666,24.333333333333332,49.5,55.5,0.8333333333333334,1.0,0.16666666666666666,0.8333333333333334,0.5,0.6666666666666666,0.0,0.0,0.0,0.0,1.0,413.0,0.5319148936170213,0.775,0.8333333333333334,0.2,3.0,0.6666666666666666,0.0,0.6666666666666666,0.0,0.0,0.0,0.3333333333333333,0.6666666666666666,0.0,0.0,0.0,4.0,5.333333333333333,19.0,22.666666666666668,10.0,12.666666666666666,79.0,86.66666666666667,0.6666666666666666,0.6666666666666666,0.3333333333333333,0.6666666666666666,0.6666666666666666,0.0,0.0,0.0,0.0,0.0,1.0,426.6666666666667,0.75,0.8382352941176471,1.0,0.5,5.0,0.6,0.2,0.4,0.0,0.0,0.2,0.2,0.6,0.2,0.4,0.0,7.2,14.6,12.2,15.6,15.2,24.2,57.0,63.8,0.8,1.0,0.2,1.0,0.6,0.8,0.0,0.0,0.0,0.0,1.0,473.0,0.4931506849315068,0.782051282051282,0.8,0.2,6.0,0.6666666666666666,0.3333333333333333,0.3333333333333333,0.0,0.0,0.16666666666666666,0.16666666666666666,0.6666666666666666,0.16666666666666666,0.3333333333333333,0.0,8.333333333333334,15.666666666666666,10.333333333333334,13.333333333333334,15.666666666666666,24.333333333333332,49.5,55.5,0.8333333333333334,1.0,0.16666666666666666,0.8333333333333334,0.5,0.6666666666666666,0.0,0.0,0.0,0.0,1.0,413.0,0.5319148936170213,0.775,0.8333333333333334,0.2,0.0,0.0,0.0,,0.0,-1.0,58.0,,0.0,-5.0,-4.0,-1.0,-0.6666666666666666,-0.3333333333333333,-0.3333333333333333,0.0,0.8333333333333334,-0.6666666666666666,-0.3333333333333333,-0.3333333333333333,0.0,0.0,0.8333333333333334,-0.16666666666666666,-0.6666666666666666,0.8333333333333334,-0.3333333333333333,0.0,0.6666666666666661,-3.666666666666666,-3.333333333333334,-4.333333333333334,1.333333333333334,-4.333333333333332,-22.5,-22.5,1.1666666666666665,3.0,-0.16666666666666666,-0.8333333333333334,0.5,0.33333333333333337,0.0,0.0,0.0,0.0,0.0,130.0,0.21808510638297873,0.002777777777777768,-0.33333333333333337,,-2.0,-0.6666666666666666,0.0,-0.6666666666666666,0.0,0.0,1.0,-0.3333333333333333,-0.6666666666666666,1.0,0.0,0.0,5.0,6.666666666666667,-12.0,-13.666666666666668,7.0,7.333333333333334,-52.0,-53.66666666666667,1.3333333333333335,3.3333333333333335,-0.3333333333333333,-0.6666666666666666,0.33333333333333337,1.0,0.0,0.0,0.0,0.0,0.0,116.33333333333331,0.0,-0.06045751633986929,-0.5,,-4.0,-0.6,-0.2,-0.4,0.0,0.0,0.8,-0.2,-0.6,0.8,-0.4,0.0,1.7999999999999998,-2.5999999999999996,-5.199999999999999,-6.6,1.8000000000000007,-4.199999999999999,-30.0,-30.799999999999997,1.2,3.0,-0.2,-1.0,0.4,0.19999999999999996,0.0,0.0,0.0,0.0,0.0,70.0,0.2568493150684932,-0.004273504273504258,-0.30000000000000004,,-5.0,-0.6666666666666666,-0.3333333333333333,-0.3333333333333333,0.0,0.0,0.8333333333333334,-0.16666666666666666,-0.6666666666666666,0.8333333333333334,-0.3333333333333333,0.0,0.6666666666666661,-3.666666666666666,-3.333333333333334,-4.333333333333334,1.333333333333334,-4.333333333333332,-22.5,-22.5,1.1666666666666665,3.0,-0.16666666666666666,-0.8333333333333334,0.5,0.33333333333333337,0.0,0.0,0.0,0.0,0.0,130.0,0.21808510638297873,0.002777777777777768,-0.33333333333333337,
a5200c9bac3c420b,6ceff86fae4f6b3b,1996-09-20,93892752c5fc23ca,8377c5572cb356f3,Open Weight,0,1,71.0,199.0,,22.60369609856263,Orthodox,Jerry Bohlander,72.0,205.0,,26.67214236824093,Orthodox,Fabio Gurgel,Orthodox_vs_Orthodox,2.0,1.0,1.0,0.5,0.0,0.5,0.0,0.5,0.5,0.0,0.5,0.0,0.5,0.0,0.0,0.5,0.5,0.0,0.0,4.0,8.5,6.0,9.0,22.5,30.5,12.0,15.0,0.0,0.5,1.5,2.5,0.5,1.0,0.5,0.5,0.0,0.0,1.0,437.0,0.47058823529411764,0.6666666666666666,0.0,0.6,2.0,0.5,0.0,0.5,0.0,0.5,0.0,0.0,0.5,0.5,0.0,0.0,4.0,8.5,6.0,9.0,22.5,30.5,12.0,15.0,0.0,0.5,1.5,2.5,0.5,1.0,0.5,0.5,0.0,0.0,1.0,437.0,0.47058823529411764,0.6666666666666666,0.0,0.6,2.0,0.5,0.0,0.5,0.0,0.5,0.0,0.0,0.5,0.5,0.0,0.0,4.0,8.5,6.0,9.0,22.5,30.5,12.0,15.0,0.0,0.5,1.5,2.5,0.5,1.0,0.5,0.5,0.0,0.0,1.0,437.0,0.47058823529411764,0.6666666666666666,0.0,0.6,2.0,0.5,0.0,0.5,0.0,0.5,0.0,0.0,0.5,0.5,0.0,0.0,4.0,8.5,6.0,9.0,22.5,30.5,12.0,15.0,0.0,0.5,1.5,2.5,0.5,1.0,0.5,0.5,0.0,0.0,1.0,437.0,0.47058823529411764,0.6666666666666666,0.0,0.6,0.0,0.0,0.0,,,,,,,,,,,,,,,,,,,,,,,,,,,,,,,,,,,,,,,,,0.0,,,,,,,,,,,,,,,,,,,,,,,,,,,,,,,,,,,,0.0,,,,,,,,,,,,,,,,,,,,,,,,,,,,,,,,,,,,0.0,,,,,,,,,,,,,,,,,,,,,,,,,,,,,,,,,,,,0.0,0.0,0.0,,0.0,-1.0,-6.0,,-4.068446269678301,2.0,1.0,1.0,,,,,,,,,,,,,,,,,,,,,,,,,,,,,,,,,,,,,,,,,2.0,,,,,,,,,,,,,,,,,,,,,,,,,,,,,,,,,,,,2.0,,,,,,,,,,,,,,,,,,,,,,,,,,,,,,,,,,,,2.0,,,,,,,,,,,,,,,,,,,,,,,,,,,,,,,,,,,
b03b58b04dafa93a,6ceff86fae4f6b3b,1996-09-20,21b8a0f5c231096f,c6da1c24fe473418,Open Weight,0,1,73.0,205.0,75.0,31.750855578370977,Orthodox,Mark Coleman,75.0,300.0,,,Orthodox,Julian Sanchez,Orthodox_vs_Orthodox,3.0,3.0,0.0,1.0,0.6666666666666666,0.3333333333333333,0.0,0.0,1.0,0.6666666666666666,0.3333333333333333,0.0,0.0,0.0,0.0,1.0,0.0,0.0,0.0,30.666666666666668,46.0,1.3333333333333333,4.666666666666667,51.666666666666664,71.0,14.666666666666666,18.666666666666668,2.0,3.0,0.0,0.6666666666666666,0.6666666666666666,0.0,0.0,0.3333333333333333,0.0,0.0,1.0,425.6666666666667,0.6666666666666666,0.2857142857142857,0.6666666666666666,0.0,3.0,1.0,0.6666666666666666,0.3333333333333333,0.0,0.0,0.0,0.0,1.0,0.0,0.0,0.0,30.666666666666668,46.0,1.3333333333333333,4.666666666666667,51.666666666666664,71.0,14.666666666666666,18.666666666666668,2.0,3.0,0.0,0.6666666666666666,0.6666666666666666,0.0,0.0,0.3333333333333333,0.0,0.0,1.0,425.6666666666667,0.6666666666666666,0.2857142857142857,0.6666666666666666,0.0,3.0,1.0,0.6666666666666666,0.3333333333333333,0.0,0.0,0.0,0.0,1.0,0.0,0.0,0.0,30.666666666666668,46.0,1.3333333333333333,4.666666666666667,51.666666666666664,71.0,14.666666666666666,18.666666666666668,2.0,3.0,0.0,0.6666666666666666,0.6666666666666666,0.0,0.0,0.3333333333333333,0.0,0.0,1.0,425.6666666666667,0.6666666666666666,0.2857142857142857,0.6666666666666666,0.0,3.0,1.0,0.6666666666666666,0.3333333333333333,0.0,0.0,0.0,0.0,1.0,0.0,0.0,0.0,30.666666666666668,46.0,1.3333333333333333,4.666666666666667,51.666666666666664,71.0,14.666666666666666,18.666666666666668,2.0,3.0,0.0,0.6666666666666666,0.6666666666666666,0.0,0.0,0.3333333333333333,0.0,0.0,1.0,425.6666666666667,0.6666666666666666,0.2857142857142857,0.6666666666666666,0.0,0.0,0.0,0.0,,,,,,,,,,,,,,,,,,,,,,,,,,,,,,,,,,,,,,,,,0.0,,,,,,,,,,,,,,,,,,,,,,,,,,,,,,,,,,,,0.0,,,,,,,,,,,,,,,,,,,,,,,,,,,,,,,,,,,,0.0,,,,,,,,,,,,,,,,,,,,,,,,,,,,,,,,,,,,0.0,0.0,0.0,,0.0,-2.0,-95.0,,,3.0,3.0,0.0,,,,,,,,,,,,,,,,,,,,,,,,,,,,,,,,,,,,,,,,,3.0,,,,,,,,,,,,,,,,,,,,,,,,,,,,,,,,,,,,3.0,,,,,,,,,,,,,,,,,,,,,,,,,,,,,,,,,,,,3.0,,,,,,,,,,,,,,,,,,,,,,,,,,,,,,,,,,,
b633d9d9626239ec,6ceff86fae4f6b3b,1996-09-20,21b8a0f5c231096f,1c3f5e85b59ec710,Open Weight,0,1,73.0,205.0,75.0,31.750855578370977,Orthodox,Mark Coleman,75.0,230.0,,28.147843942505133,Orthodox,Brian Johnston,Orthodox_vs_Orthodox,4.0,4.0,0.0,1.0,0.5,0.5,0.0,0.0,1.0,0.5,0.5,0.0,0.0,0.0,0.0,1.0,0.0,0.0,0.0,24.75,36.25,1.0,3.5,40.75,55.25,11.0,14.0,1.75,2.5,0.0,0.5,1.0,0.0,0.0,0.25,0.0,0.0,1.0,330.5,0.6827586206896552,0.2857142857142857,0.7,0.0,3.0,1.0,0.3333333333333333,0.6666666666666666,0.0,0.0,0.0,0.0,1.0,0.0,0.0,0.0,21.666666666666668,28.333333333333332,1.0,2.6666666666666665,30.666666666666668,38.666666666666664,9.0,11.333333333333334,1.3333333333333333,1.6666666666666667,0.0,0.0,0.6666666666666666,0.0,0.0,0.0,0.0,0.0,1.0,209.33333333333334,0.7647058823529411,0.375,0.8,,4.0,1.0,0.5,0.5,0.0,0.0,0.0,0.0,1.0,0.0,0.0,0.0,24.75,36.25,1.0,3.5,40.75,55.25,11.0,14.0,1.75,2.5,0.0,0.5,1.0,0.0,0.0,0.25,0.0,0.0,1.0,330.5,0.6827586206896552,0.2857142857142857,0.7,0.0,4.0,1.0,0.5,0.5,0.0,0.0,0.0,0.0,1.0,0.0,0.0,0.0,24.75,36.25,1.0,3.5,40.75,55.25,11.0,14.0,1.75,2.5,0.0,0.5,1.0,0.0,0.0,0.25,0.0,0.0,1.0,330.5,0.6827586206896552,0.2857142857142857,0.7,0.0,3.0,2.0,1.0,0.6666666666666666,0.6666666666666666,0.0,0.0,0.3333333333333333,0.6666666666666666,0.6666666666666666,0.0,0.0,0.3333333333333333,0.0,0.0,0.6666666666666666,0.3333333333333333,0.0,0.0,6.333333333333333,11.666666666666666,4.666666666666667,6.666666666666667,16.333333333333332,22.0,15.666666666666666,18.333333333333332,0.6666666666666666,1.0,0.3333333333333333,0.6666666666666666,0.3333333333333333,0.0,0.3333333333333333,0.0,0.0,0.0,1.0,150.0,0.5428571428571428,0.7,0.6666666666666666,0.5,3.0,0.6666666666666666,0.6666666666666666,0.0,0.0,0.3333333333333333,0.0,0.0,0.6666666666666666,0.3333333333333333,0.0,0.0,6.333333333333333,11.666666666666666,4.666666666666667,6.666666666666667,16.333333333333332,22.0,15.666666666666666,18.333333333333332,0.6666666666666666,1.0,0.3333333333333333,0.6666666666666666,0.3333333333333333,0.0,0.3333333333333333,0.0,0.0,0.0,1.0,150.0,0.5428571428571428,0.7,0.6666666666666666,0.5,3.0,0.6666666666666666,0.6666666666666666,0.0,0.0,0.3333333333333333,0.0,0.0,0.6666666666666666,0.3333333333333333,0.0,0.0,6.333333333333333,11.666666666666666,4.666666666666667,6.666666666666667,16.333333333333332,22.0,15.666666666666666,18.333333333333332,0.6666666666666666,1.0,0.3333333333333333,0.6666666666666666,0.3333333333333333,0.0,0.3333333333333333,0.0,0.0,0.0,1.0,150.0,0.5428571428571428,0.7,0.6666666666666666,0.5,3.0,0.6666666666666666,0.6666666666666666,0.0,0.0,0.3333333333333333,0.0,0.0,0.6666666666666666,0.3333333333333333,0.0,0.0,6.333333333333333,11.666666666666666,4.666666666666667,6.666666666666667,16.333333333333332,22.0,15.666666666666666,18.333333333333332,0.6666666666666666,1.0,0.3333333333333333,0.6666666666666666,0.3333333333333333,0.0,0.3333333333333333,0.0,0.0,0.0,1.0,150.0,0.5428571428571428,0.7,0.6666666666666666,0.5,0.0,0.0,0.0,,0.0,-2.0,-25.0,,3.603011635865844,1.0,2.0,-1.0,0.33333333333333337,-0.16666666666666663,0.5,0.0,-0.3333333333333333,0.33333333333333337,-0.16666666666666663,0.5,0.0,-0.3333333333333333,0.0,0.0,0.33333333333333337,-0.3333333333333333,0.0,0.0,18.416666666666668,24.583333333333336,-3.666666666666667,-3.166666666666667,24.416666666666668,33.25,-4.666666666666666,-4.333333333333332,1.0833333333333335,1.5,-0.3333333333333333,-0.16666666666666663,0.6666666666666667,0.0,-0.3333333333333333,0.25,0.0,0.0,0.0,180.5,0.1399014778325124,-0.41428571428571426,0.033333333333333326,-0.5,0.0,0.33333333333333337,-0.3333333333333333,0.6666666666666666,0.0,-0.3333333333333333,0.0,0.0,0.33333333333333337,-0.3333333333333333,0.0,0.0,15.333333333333336,16.666666666666664,-3.666666666666667,-4.0,14.333333333333336,16.666666666666664,-6.666666666666666,-6.999999999999998,0.6666666666666666,0.6666666666666667,-0.3333333333333333,-0.6666666666666666,0.3333333333333333,0.0,-0.3333333333333333,0.0,0.0,0.0,0.0,59.33333333333334,0.2218487394957983,-0.32499999999999996,0.13333333333333341,,1.0,0.33333333333333337,-0.16666666666666663,0.5,0.0,-0.3333333333333333,0.0,0.0,0.33333333333333337,-0.3333333333333333,0.0,0.0,18.416666666666668,24.583333333333336,-3.666666666666667,-3.166666666666667,24.416666666666668,33.25,-4.666666666666666,-4.333333333333332,1.0833333333333335,1.5,-0.3333333333333333,-0.16666666666666663,0.6666666666666667,0.0,-0.3333333333333333,0.25,0.0,0.0,0.0,180.5,0.1399014778325124,-0.41428571428571426,0.033333333333333326,-0.5,1.0,0.33333333333333337,-0.16666666666666663,0.5,0.0,-0.3333333333333333,0.0,0.0,0.33333333333333337,-0.3333333333333333,0.0,0.0,18.416666666666668,24.583333333333336,-3.666666666666667,-3.166666666666667,24.416666666666668,33.25,-4.666666666666666,-4.333333333333332,1.0833333333333335,1.5,-0.3333333333333333,-0.16666666666666663,0.6666666666666667,0.0,-0.3333333333333333,0.25,0.0,0.0,0.0,180.5,0.1399014778325124,-0.41428571428571426,0.033333333333333326,-0.5
c413b0abc04358c3,6ceff86fae4f6b3b,1996-09-20,977081bc01197656,1f5f75658551f2d3,Open Weight,0,1,71.0,323.0,,31.4031485284052,Orthodox,Scott Ferrozzo,,,,,Unknown,Sam Fulton,Orthodox_vs_Unknown,2.0,1.0,1.0,0.5,0.0,0.0,0.5,0.5,0.5,0.0,0.0,0.5,0.0,0.5,0.0,0.0,0.5,0.0,0.0,34.5,53.0,14.0,29.5,98.5,118.0,27.0,44.5,1.0,2.5,0.0,0.5,0.5,0.5,0.0,0.0,0.0,0.0,1.5,511.5,0.6509433962264151,0.4745762711864407,0.4,0.0,2.0,0.5,0.0,0.0,0.5,0.0,0.5,0.0,0.0,0.5,0.0,0.0,34.5,53.0,14.0,29.5,98.5,118.0,27.0,44.5,1.0,2.5,0.0,0.5,0.5,0.5,0.0,0.0,0.0,0.0,1.5,511.5,0.6509433962264151,0.4745762711864407,0.4,0.0,2.0,0.5,0.0,0.0,0.5,0.0,0.5,0.0,0.0,0.5,0.0,0.0,34.5,53.0,14.0,29.5,98.5,118.0,27.0,44.5,1.0,2.5,0.0,0.5,0.5,0.5,0.0,0.0,0.0,0.0,1.5,511.5,0.6509433962264151,0.4745762711864407,0.4,0.0,2.0,0.5,0.0,0.0,0.5,0.0,0.5,0.0,0.0,0.5,0.0,0.0,34.5,53.0,14.0,29.5,98.5,118.0,27.0,44.5,1.0,2.5,0.0,0.5,0.5,0.5,0.0,0.0,0.0,0.0,1.5,511.5,0.6509433962264151,0.4745762711864407,0.4,0.0,0.0,0.0,0.0,,,,,,,,,,,,,,,,,,,,,,,,,,,,,,,,,,,,,,,,,0.0,,,,,,,,,,,,,,,,,,,,,,,,,,,,,,,,,,,,0.0,,,,,,,,,,,,,,,,,,,,,,,,,,,,,,,,,,,,0.0,,,,,,,,,,,,,,,,,,,,,,,,,,,,,,,,,,,,0.0,0.0,0.0,,0.0,,,,,2.0,1.0,1.0,,,,,,,,,,,,,,,,,,,,,,,,,,,,,,,,,,,,,,,,,2.0,,,,,,,,,,,,,,,,,,,,,,,,,,,,,,,,,,,,2.0,,,,,,,,,,,,,,,,,,,,,,,,,,,,,,,,,,,,2.0,,,,,,,,,,,,,,,,,,,,,,,,,,,,,,,,,,,
14e48e29fefe1b3d,9b5b5a75523728f3,1996-12-07,08ae5cd9aef7ddd3,07a18ae55dfc3cd9,Open Weight,0,1,75.0,235.0,,28.922655715263517,Orthodox,Kimo Leopoldo,80.0,300.0,,27.222450376454482,Orthodox,Paul Varelans,Orthodox_vs_Orthodox,2.0,0.0,2.0,0.0,0.0,0.0,0.0,1.0,0.0,0.0,0.0,0.0,0.0,1.0,0.0,0.0,1.0,0.0,0.0,5.0,7.0,1.0,3.5,5.5,8.0,15.0,17.5,0.5,0.5,0.5,1.5,0.0,1.5,1.0,0.5,0.0,0.0,1.0,272.0,0.7142857142857143,0.2857142857142857,1.0,0.3333333333333333,2.0,0.0,0.0,0.0,0.0,0.0,1.0,0.0,0.0,1.0,0.0,0.0,5.0,7.0,1.0,3.5,5.5,8.0,15.0,17.5,0.5,0.5,0.5,1.5,0.0,1.5,1.0,0.5,0.0,0.0,1.0,272.0,0.7142857142857143,0.2857142857142857,1.0,0.3333333333333333,2.0,0.0,0.0,0.0,0.0,0.0,1.0,0.0,0.0,1.0,0.0,0.0,5.0,7.0,1.0,3.5,5.5,8.0,15.0,17.5,0.5,0.5,0.5,1.5,0.0,1.5,1.0,0.5,0.0,0.0,1.0,272.0,0.7142857142857143,0.2857142857142857,1.0,0.3333333333333333,2.0,0.0,0.0,0.0,0.0,0.0,1.0,0.0,0.0,1.0,0.0,0.0,5.0,7.0,1.0,3.5,5.5,8.0,15.0,17.5,0.5,0.5,0.5,1.5,0.0,1.5,1.0,0.5,0.0,0.0,1.0,272.0,0.7142857142857143,0.2857142857142857,1.0,0.3333333333333333,7.0,4.0,3.0,0.5714285714285714,0.2857142857142857,0.14285714285714285,0.14285714285714285,0.42857142857142855,0.5714285714285714,0.2857142857142857,0.14285714285714285,0.14285714285714285,0.2857142857142857,0.14285714285714285,0.0,0.42857142857142855,0.42857142857142855,0.14285714285714285,0.14285714285714285,5.0,14.285714285714286,10.0,20.857142857142858,17.142857142857142,28.571428571428573,14.142857142857142,25.571428571428573,0.2857142857142857,0.2857142857142857,0.2857142857142857,0.8571428571428571,0.42857142857142855,0.2857142857142857,0.0,0.0,0.0,0.0,1.0,251.28571428571428,0.35,0.4794520547945205,1.0,0.3333333333333333,3.0,0.3333333333333333,0.0,0.0,0.3333333333333333,0.3333333333333333,0.3333333333333333,0.0,0.0,0.6666666666666666,0.0,0.3333333333333333,6.666666666666667,23.0,15.0,29.0,19.0,38.333333333333336,22.0,37.333333333333336,0.0,0.0,0.3333333333333333,1.3333333333333333,0.3333333333333333,0.6666666666666666,0.0,0.0,0.0,0.0,1.0,486.0,0.2898550724637681,0.5172413793103449,,0.25,5.0,0.6,0.2,0.2,0.2,0.2,0.2,0.0,0.4,0.4,0.0,0.2,5.2,15.2,9.4,18.4,19.2,31.8,14.0,23.8,0.4,0.4,0.2,0.8,0.6,0.4,0.0,0.0,0.0,0.0,1.0,316.8,0.34210526315789475,0.5108695652173914,1.0,0.25,7.0,0.5714285714285714,0.2857142857142857,0.14285714285714285,0.14285714285714285,0.2857142857142857,0.14285714285714285,0.0,0.42857142857142855,0.42857142857142855,0.14285714285714285,0.14285714285714285,5.0,14.285714285714286,10.0,20.857142857142858,17.142857142857142,28.571428571428573,14.142857142857142,25.571428571428573,0.2857142857142857,0.2857142857142857,0.2857142857142857,0.8571428571428571,0.42857142857142855,0.2857142857142857,0.0,0.0,0.0,0.0,1.0,251.28571428571428,0.35,0.4794520547945205,1.0,0.3333333333333333,0.0,0.0,0.0,,0.0,-5.0,-65.0,,1.7002053388090346,-5.0,-4.0,-1.0,-0.5714285714285714,-0.2857142857142857,-0.14285714285714285,-0.14285714285714285,0.5714285714285714,-0.5714285714285714,-0.2857142857142857,-0.14285714285714285,-0.14285714285714285,-0.2857142857142857,0.8571428571428572,0.0,-0.42857142857142855,0.5714285714285714,-0.14285714285714285,-0.14285714285714285,0.0,-7.2857142857142865,-9.0,-17.357142857142858,-11.642857142857142,-20.571428571428573,0.8571428571428577,-8.071428571428573,0.2142857142857143,0.2142857142857143,0.2142857142857143,0.6428571428571429,-0.42857142857142855,1.2142857142857144,1.0,0.5,0.0,0.0,0.0,20.714285714285722,0.3642857142857143,-0.19373776908023482,0.0,0.0,-1.0,-0.3333333333333333,0.0,0.0,-0.3333333333333333,-0.3333333333333333,0.6666666666666667,0.0,0.0,0.33333333333333337,0.0,-0.3333333333333333,-1.666666666666667,-16.0,-14.0,-25.5,-13.5,-30.333333333333336,-7.0,-19.833333333333336,0.5,0.5,0.16666666666666669,0.16666666666666674,-0.3333333333333333,0.8333333333333334,1.0,0.5,0.0,0.0,0.0,-214.0,0.4244306418219462,-0.23152709359605916,,0.08333333333333331,-3.0,-0.6,-0.2,-0.2,-0.2,-0.2,0.8,0.0,-0.4,0.6,0.0,-0.2,-0.20000000000000018,-8.2,-8.4,-14.899999999999999,-13.7,-23.8,1.0,-6.300000000000001,0.09999999999999998,0.09999999999999998,0.3,0.7,-0.6,1.1,1.0,0.5,0.0,0.0,0.0,-44.80000000000001,0.37218045112781956,-0.22515527950310565,0.0,0.08333333333333331,-5.0,-0.5714285714285714,-0.2857142857142857,-0.14285714285714285,-0.14285714285714285,-0.2857142857142857,0.8571428571428572,0.0,-0.42857142857142855,0.5714285714285714,-0.14285714285714285,-0.14285714285714285,0.0,-7.2857142857142865,-9.0,-17.357142857142858,-11.642857142857142,-20.571428571428573,0.8571428571428577,-8.071428571428573,0.2142857142857143,0.2142857142857143,0.2142857142857143,0.6428571428571429,-0.42857142857142855,1.2142857142857144,1.0,0.5,0.0,0.0,0.0,20.714285714285722,0.3642857142857143,-0.19373776908023482,0.0,0.0
2f449bd58b3d9a99,9b5b5a75523728f3,1996-12-07,2efbc83a6b9b7f86,53e533db1b8e9712,Open Weight,0,1,71.0,230.0,,,Unknown,Tai Bowden,,,,,Unknown,Jack Nilson,Unknown_vs_Unknown,1.0,0.0,1.0,0.0,0.0,0.0,0.0,1.0,0.0,0.0,0.0,0.0,1.0,0.0,0.0,0.0,1.0,0.0,0.0,4.0,4.0,13.0,16.0,20.0,20.0,39.0,43.0,0.0,0.0,2.0,2.0,0.0,1.0,0.0,0.0,0.0,0.0,1.0,445.0,1.0,0.8125,,1.0,1.0,0.0,0.0,0.0,0.0,1.0,0.0,0.0,0.0,1.0,0.0,0.0,4.0,4.0,13.0,16.0,20.0,20.0,39.0,43.0,0.0,0.0,2.0,2.0,0.0,1.0,0.0,0.0,0.0,0.0,1.0,445.0,1.0,0.8125,,1.0,1.0,0.0,0.0,0.0,0.0,1.0,0.0,0.0,0.0,1.0,0.0,0.0,4.0,4.0,13.0,16.0,20.0,20.0,39.0,43.0,0.0,0.0,2.0,2.0,0.0,1.0,0.0,0.0,0.0,0.0,1.0,445.0,1.0,0.8125,,1.0,1.0,0.0,0.0,0.0,0.0,1.0,0.0,0.0,0.0,1.0,0.0,0.0,4.0,4.0,13.0,16.0,20.0,20.0,39.0,43.0,0.0,0.0,2.0,2.0,0.0,1.0,0.0,0.0,0.0,0.0,1.0,445.0,1.0,0.8125,,1.0,0.0,0.0,0.0,,,,,,,,,,,,,,,,,,,,,,,,,,,,,,,,,,,,,,,,,0.0,,,,,,,,,,,,,,,,,,,,,,,,,,,,,,,,,,,,0.0,,,,,,,,,,,,,,,,,,,,,,,,,,,,,,,,,,,,0.0,,,,,,,,,,,,,,,,,,,,,,,,,,,,,,,,,,,,0.0,0.0,0.0,,0.0,,,,,1.0,0.0,1.0,,,,,,,,,,,,,,,,,,,,,,,,,,,,,,,,,,,,,,,,,1.0,,,,,,,,,,,,,,,,,,,,,,,,,,,,,,,,,,,,1.0,,,,,,,,,,,,,,,,,,,,,,,,,,,,,,,,,,,,1.0,,,,,,,,,,,,,,,,,,,,,,,,,,,,,,,,,,,
9713ba5e92ee4f5d,9b5b5a75523728f3,1996-12-07,271fe91f4ba9d2c5,fbbde91f7bc2d3c5,Open Weight,0,1,73.0,219.0,,31.039014373716633,Orthodox,Don Frye,75.0,249.0,,30.888432580424368,Orthodox,Gary Goodridge,Orthodox_vs_Orthodox,7.0,6.0,1.0,0.8571428571428571,0.8571428571428571,0.0,0.0,0.14285714285714285,0.8571428571428571,0.8571428571428571,0.0,0.0,0.14285714285714285,0.0,0.0,0.8571428571428571,0.14285714285714285,0.14285714285714285,0.0,15.0,20.428571428571427,7.428571428571429,14.285714285714286,53.142857142857146,60.57142857142857,21.285714285714285,30.285714285714285,0.5714285714285714,0.8571428571428571,0.5714285714285714,2.0,0.0,0.2857142857142857,0.2857142857142857,0.0,0.0,0.0,1.0,336.0,0.7342657342657343,0.52,0.6666666666666666,0.2857142857142857,3.0,0.6666666666666666,0.6666666666666666,0.0,0.0,0.3333333333333333,0.0,0.0,0.6666666666666666,0.3333333333333333,0.0,0.0,13.0,16.666666666666668,15.666666666666666,28.0,80.33333333333333,87.0,40.333333333333336,56.666666666666664,0.6666666666666666,1.3333333333333333,1.0,1.6666666666666667,0.0,0.6666666666666666,0.3333333333333333,0.0,0.0,0.0,1.0,530.6666666666666,0.78,0.5595238095238095,0.5,0.6,5.0,0.8,0.8,0.0,0.0,0.2,0.0,0.0,0.8,0.2,0.0,0.0,18.0,23.6,9.8,18.4,68.4,76.6,29.2,40.8,0.8,1.2,0.6,2.2,0.0,0.4,0.2,0.0,0.0,0.0,1.0,442.0,0.7627118644067796,0.532608695652174,0.6666666666666666,0.2727272727272727,7.0,0.8571428571428571,0.8571428571428571,0.0,0.0,0.14285714285714285,0.0,0.0,0.8571428571428571,0.14285714285714285,0.14285714285714285,0.0,15.0,20.428571428571427,7.428571428571429,14.285714285714286,53.142857142857146,60.57142857142857,21.285714285714285,30.285714285714285,0.5714285714285714,0.8571428571428571,0.5714285714285714,2.0,0.0,0.2857142857142857,0.2857142857142857,0.0,0.0,0.0,1.0,336.0,0.7342657342657343,0.52,0.6666666666666666,0.2857142857142857,6.0,3.0,3.0,0.5,0.5,0.0,0.0,0.5,0.5,0.5,0.0,0.0,0.3333333333333333,0.16666666666666666,0.0,0.5,0.5,0.0,0.0,3.6666666666666665,6.166666666666667,9.833333333333334,18.833333333333332,5.666666666666667,8.5,29.666666666666668,40.166666666666664,0.5,0.8333333333333334,0.8333333333333334,1.3333333333333333,0.16666666666666666,0.0,0.3333333333333333,0.3333333333333333,0.0,0.0,1.0,284.3333333333333,0.5945945945945946,0.5221238938053098,0.6,0.625,3.0,0.3333333333333333,0.3333333333333333,0.0,0.0,0.3333333333333333,0.3333333333333333,0.0,0.3333333333333333,0.6666666666666666,0.0,0.0,3.0,5.666666666666667,15.333333333333334,28.0,5.666666666666667,9.0,44.333333333333336,58.666666666666664,0.0,0.0,1.6666666666666667,2.0,0.0,0.0,0.3333333333333333,0.0,0.0,0.0,1.0,409.3333333333333,0.5294117647058824,0.5476190476190477,,0.8333333333333334,5.0,0.4,0.4,0.0,0.0,0.4,0.2,0.0,0.4,0.6,0.0,0.0,2.8,5.8,11.8,22.6,5.2,8.6,35.6,48.2,0.4,0.8,1.0,1.4,0.2,0.0,0.4,0.4,0.0,0.0,1.0,338.6,0.4827586206896552,0.5221238938053098,0.5,0.7142857142857143,6.0,0.5,0.5,0.0,0.0,0.3333333333333333,0.16666666666666666,0.0,0.5,0.5,0.0,0.0,3.6666666666666665,6.166666666666667,9.833333333333334,18.833333333333332,5.666666666666667,8.5,29.666666666666668,40.166666666666664,0.5,0.8333333333333334,0.8333333333333334,1.3333333333333333,0.16666666666666666,0.0,0.3333333333333333,0.3333333333333333,0.0,0.0,1.0,284.3333333333333,0.5945945945945946,0.5221238938053098,0.6,0.625,1.0,1.0,0.0,1.0,1.0,-2.0,-30.0,,0.15058179329226462,1.0,3.0,-2.0,0.3571428571428571,0.3571428571428571,0.0,0.0,-0.35714285714285715,0.3571428571428571,0.3571428571428571,0.0,0.0,-0.19047619047619047,-0.16666666666666666,0.0,0.3571428571428571,-0.35714285714285715,0.14285714285714285,0.0,11.333333333333334,14.26190476190476,-2.404761904761905,-4.547619047619046,47.47619047619048,52.07142857142857,-8.380952380952383,-9.88095238095238,0.0714285714285714,0.023809523809523725,-0.261904761904762,0.6666666666666667,-0.16666666666666666,0.2857142857142857,-0.047619047619047616,-0.3333333333333333,0.0,0.0,0.0,51.666666666666686,0.13967113967113964,-0.002123893805309751,0.06666666666666665,-0.3392857142857143,0.0,0.3333333333333333,0.3333333333333333,0.0,0.0,0.0,-0.3333333333333333,0.0,0.3333333333333333,-0.3333333333333333,0.0,0.0,10.0,11.0,0.33333333333333215,0.0,74.66666666666666,78.0,-4.0,-2.0,0.6666666666666666,1.3333333333333333,-0.6666666666666667,-0.33333333333333326,0.0,0.6666666666666666,0.0,0.0,0.0,0.0,0.0,121.33333333333331,0.25058823529411767,0.011904761904761862,,-0.2333333333333334,0.0,0.4,0.4,0.0,0.0,-0.2,-0.2,0.0,0.4,-0.39999999999999997,0.0,0.0,15.2,17.8,-2.0,-4.200000000000003,63.2,68.0,-6.400000000000002,-7.400000000000006,0.4,0.3999999999999999,-0.4,0.8000000000000003,-0.2,0.4,-0.2,-0.4,0.0,0.0,0.0,103.39999999999998,0.27995324371712443,0.010484801846864178,0.16666666666666663,-0.4415584415584416,1.0,0.3571428571428571,0.3571428571428571,0.0,0.0,-0.19047619047619047,-0.16666666666666666,0.0,0.3571428571428571,-0.35714285714285715,0.14285714285714285,0.0,11.333333333333334,14.26190476190476,-2.404761904761905,-4.547619047619046,47.47619047619048,52.07142857142857,-8.380952380952383,-9.88095238095238,0.0714285714285714,0.023809523809523725,-0.261904761904762,0.6666666666666667,-0.16666666666666666,0.2857142857142857,-0.047619047619047616,-0.3333333333333333,0.0,0.0,0.0,51.666666666666686,0.13967113967113964,-0.002123893805309751,0.06666666666666665,-0.3392857142857143
a5c90086fb65f58e,9b5b5a75523728f3,1996-12-07,18524b46c570730b,6cbb7661c3258617,Open Weight,0,1,72.0,190.0,,35.8631074606434,Orthodox,Mark Hall,,,,,Orthodox,Felix Lee Mitchell,Orthodox_vs_Orthodox,5.0,3.0,2.0,0.6,0.4,0.2,0.0,0.4,0.6,0.4,0.2,0.0,0.2,0.2,0.0,0.6,0.4,0.0,0.0,1.6,2.4,6.8,7.6,8.6,11.6,38.4,41.4,0.0,0.0,0.8,1.0,0.0,0.4,0.2,0.0,0.0,0.0,0.8,231.8,0.6666666666666666,0.8947368421052632,,0.8,3.0,0.6666666666666666,0.3333333333333333,0.3333333333333333,0.0,0.3333333333333333,0.0,0.0,0.6666666666666666,0.3333333333333333,0.0,0.0,1.6666666666666667,1.6666666666666667,9.333333333333334,10.0,8.666666666666666,10.0,61.0,64.33333333333333,0.0,0.0,0.6666666666666666,0.6666666666666666,0.0,0.0,0.0,0.0,0.0,0.0,0.6666666666666666,332.3333333333333,1.0,0.9333333333333333,,1.0,5.0,0.6,0.4,0.2,0.0,0.2,0.2,0.0,0.6,0.4,0.0,0.0,1.6,2.4,6.8,7.6,8.6,11.6,38.4,41.4,0.0,0.0,0.8,1.0,0.0,0.4,0.2,0.0,0.0,0.0,0.8,231.8,0.6666666666666666,0.8947368421052632,,0.8,5.0,0.6,0.4,0.2,0.0,0.2,0.2,0.0,0.6,0.4,0.0,0.0,1.6,2.4,6.8,7.6,8.6,11.6,38.4,41.4,0.0,0.0,0.8,1.0,0.0,0.4,0.2,0.0,0.0,0.0,0.8,231.8,0.6666666666666666,0.8947368421052632,,0.8,2.0,0.0,2.0,0.0,0.0,0.0,0.0,0.5,0.0,0.0,0.0,0.0,0.0,0.5,0.5,0.0,0.5,0.0,0.0,1.5,1.5,2.0,2.0,10.5,11.0,3.5,3.5,0.0,0.0,0.5,1.0,0.0,0.5,0.0,0.0,0.0,0.0,0.5,377.0,1.0,1.0,,0.5,2.0,0.0,0.0,0.0,0.0,0.0,0.5,0.5,0.0,0.5,0.0,0.0,1.5,1.5,2.0,2.0,10.5,11.0,3.5,3.5,0.0,0.0,0.5,1.0,0.0,0.5,0.0,0.0,0.0,0.0,0.5,377.0,1.0,1.0,,0.5,2.0,0.0,0.0,0.0,0.0,0.0,0.5,0.5,0.0,0.5,0.0,0.0,1.5,1.5,2.0,2.0,10.5,11.0,3.5,3.5,0.0,0.0,0.5,1.0,0.0,0.5,0.0,0.0,0.0,0.0,0.5,377.0,1.0,1.0,,0.5,2.0,0.0,0.0,0.0,0.0,0.0,0.5,0.5,0.0,0.5,0.0,0.0,1.5,1.5,2.0,2.0,10.5,11.0,3.5,3.5,0.0,0.0,0.5,1.0,0.0,0.5,0.0,0.0,0.0,0.0,0.5,377.0,1.0,1.0,,0.5,0.0,0.0,0.0,,0.0,,,,,3.0,3.0,0.0,0.6,0.4,0.2,0.0,-0.09999999999999998,0.6,0.4,0.2,0.0,0.2,-0.3,-0.5,0.6,-0.09999999999999998,0.0,0.0,0.10000000000000009,0.8999999999999999,4.8,5.6,-1.9000000000000004,0.5999999999999996,34.9,37.9,0.0,0.0,0.30000000000000004,0.0,0.0,-0.09999999999999998,0.2,0.0,0.0,0.0,0.30000000000000004,-145.2,-0.33333333333333337,-0.10526315789473684,,0.30000000000000004,1.0,0.6666666666666666,0.3333333333333333,0.3333333333333333,0.0,0.3333333333333333,-0.5,-0.5,0.6666666666666666,-0.16666666666666669,0.0,0.0,0.16666666666666674,0.16666666666666674,7.333333333333334,8.0,-1.833333333333334,-1.0,57.5,60.83333333333333,0.0,0.0,0.16666666666666663,-0.33333333333333337,0.0,-0.5,0.0,0.0,0.0,0.0,0.16666666666666663,-44.666666666666686,0.0,-0.06666666666666665,,0.5,3.0,0.6,0.4,0.2,0.0,0.2,-0.3,-0.5,0.6,-0.09999999999999998,0.0,0.0,0.10000000000000009,0.8999999999999999,4.8,5.6,-1.9000000000000004,0.5999999999999996,34.9,37.9,0.0,0.0,0.30000000000000004,0.0,0.0,-0.09999999999999998,0.2,0.0,0.0,0.0,0.30000000000000004,-145.2,-0.33333333333333337,-0.10526315789473684,,0.30000000000000004,3.0,0.6,0.4,0.2,0.0,0.2,-0.3,-0.5,0.6,-0.09999999999999998,0.0,0.0,0.10000000000000009,0.8999999999999999,4.8,5.6,-1.9000000000000004,0.5999999999999996,34.9,37.9,0.0,0.0,0.30000000000000004,0.0,0.0,-0.09999999999999998,0.2,0.0,0.0,0.0,0.30000000000000004,-145.2,-0.33333333333333337,-0.10526315789473684,,0.30000000000000004
c8ff8a72f3c5a825,9b5b5a75523728f3,1996-12-07,b361180739bed4b0,13e62d766b709aa6,Open Weight,0,1,72.0,265.0,,31.616700889801507,Switch,David Abbott,72.0,240.0,,,Orthodox,Steve Nelmark,Switch_vs_Orthodox,7.0,4.0,3.0,0.5714285714285714,0.2857142857142857,0.2857142857142857,0.0,0.14285714285714285,0.5714285714285714,0.2857142857142857,0.2857142857142857,0.0,0.0,0.14285714285714285,0.2857142857142857,0.5714285714285714,0.14285714285714285,0.2857142857142857,0.0,10.142857142857142,20.571428571428573,17.428571428571427,24.857142857142858,17.285714285714285,28.857142857142858,68.14285714285714,78.42857142857143,0.7142857142857143,1.0,0.14285714285714285,0.8571428571428571,0.42857142857142855,0.5714285714285714,0.0,0.0,0.0,0.0,1.1428571428571428,422.57142857142856,0.4930555555555556,0.7011494252873564,0.7142857142857143,0.16666666666666666,3.0,0.6666666666666666,0.0,0.6666666666666666,0.0,0.0,0.0,0.3333333333333333,0.6666666666666666,0.0,0.0,0.0,10.0,20.0,20.0,32.333333333333336,15.333333333333334,26.0,61.333333333333336,74.33333333333333,0.6666666666666666,1.0,0.0,0.3333333333333333,0.6666666666666666,0.0,0.0,0.0,0.0,0.0,1.3333333333333333,226.66666666666666,0.5,0.6185567010309279,0.6666666666666666,0.0,5.0,0.6,0.2,0.4,0.0,0.0,0.0,0.4,0.6,0.0,0.4,0.0,8.0,15.6,23.4,32.4,12.8,21.2,83.4,95.2,0.4,0.6,0.2,0.6,0.4,0.0,0.0,0.0,0.0,0.0,1.2,356.0,0.5128205128205128,0.7222222222222222,0.6666666666666666,0.3333333333333333,7.0,0.5714285714285714,0.2857142857142857,0.2857142857142857,0.0,0.0,0.14285714285714285,0.2857142857142857,0.5714285714285714,0.14285714285714285,0.2857142857142857,0.0,10.142857142857142,20.571428571428573,17.428571428571427,24.857142857142858,17.285714285714285,28.857142857142858,68.14285714285714,78.42857142857143,0.7142857142857143,1.0,0.14285714285714285,0.8571428571428571,0.42857142857142855,0.5714285714285714,0.0,0.0,0.0,0.0,1.1428571428571428,422.57142857142856,0.4930555555555556,0.7011494252873564,0.7142857142857143,0.16666666666666666,1.0,1.0,0.0,1.0,1.0,0.0,0.0,0.0,1.0,1.0,0.0,0.0,0.0,0.0,0.0,1.0,0.0,0.0,0.0,13.0,16.0,4.0,4.0,39.0,43.0,20.0,20.0,2.0,2.0,0.0,0.0,1.0,0.0,0.0,0.0,0.0,0.0,1.0,445.0,0.8125,1.0,1.0,,1.0,1.0,1.0,0.0,0.0,0.0,0.0,0.0,1.0,0.0,0.0,0.0,13.0,16.0,4.0,4.0,39.0,43.0,20.0,20.0,2.0,2.0,0.0,0.0,1.0,0.0,0.0,0.0,0.0,0.0,1.0,445.0,0.8125,1.0,1.0,,1.0,1.0,1.0,0.0,0.0,0.0,0.0,0.0,1.0,0.0,0.0,0.0,13.0,16.0,4.0,4.0,39.0,43.0,20.0,20.0,2.0,2.0,0.0,0.0,1.0,0.0,0.0,0.0,0.0,0.0,1.0,445.0,0.8125,1.0,1.0,,1.0,1.0,1.0,0.0,0.0,0.0,0.0,0.0,1.0,0.0,0.0,0.0,13.0,16.0,4.0,4.0,39.0,43.0,20.0,20.0,2.0,2.0,0.0,0.0,1.0,0.0,0.0,0.0,0.0,0.0,1.0,445.0,0.8125,1.0,1.0,,0.0,0.0,0.0,,0.0,0.0,25.0,,,6.0,3.0,3.0,-0.4285714285714286,-0.7142857142857143,0.2857142857142857,0.0,0.14285714285714285,-0.4285714285714286,-0.7142857142857143,0.2857142857142857,0.0,0.0,0.14285714285714285,0.2857142857142857,-0.4285714285714286,0.14285714285714285,0.2857142857142857,0.0,-2.8571428571428577,4.571428571428573,13.428571428571427,20.857142857142858,-21.714285714285715,-14.142857142857142,48.14285714285714,58.42857142857143,-1.2857142857142856,-1.0,0.14285714285714285,0.8571428571428571,-0.5714285714285714,0.5714285714285714,0.0,0.0,0.0,0.0,0.1428571428571428,-22.428571428571445,-0.3194444444444444,-0.29885057471264365,-0.2857142857142857,,2.0,-0.33333333333333337,-1.0,0.6666666666666666,0.0,0.0,0.0,0.3333333333333333,-0.33333333333333337,0.0,0.0,0.0,-3.0,4.0,16.0,28.333333333333336,-23.666666666666664,-17.0,41.333333333333336,54.33333333333333,-1.3333333333333335,-1.0,0.0,0.3333333333333333,-0.33333333333333337,0.0,0.0,0.0,0.0,0.0,0.33333333333333326,-218.33333333333334,-0.3125,-0.38144329896907214,-0.33333333333333337,,4.0,-0.4,-0.8,0.4,0.0,0.0,0.0,0.4,-0.4,0.0,0.4,0.0,-5.0,-0.40000000000000036,19.4,28.4,-26.2,-21.8,63.400000000000006,75.2,-1.6,-1.4,0.2,0.6,-0.6,0.0,0.0,0.0,0.0,0.0,0.19999999999999996,-89.0,-0.2996794871794872,-0.2777777777777778,-0.33333333333333337,,6.0,-0.4285714285714286,-0.7142857142857143,0.2857142857142857,0.0,0.0,0.14285714285714285,0.2857142857142857,-0.4285714285714286,0.14285714285714285,0.2857142857142857,0.0,-2.8571428571428577,4.571428571428573,13.428571428571427,20.857142857142858,-21.714285714285715,-14.142857142857142,48.14285714285714,58.42857142857143,-1.2857142857142856,-1.0,0.14285714285714285,0.8571428571428571,-0.5714285714285714,0.5714285714285714,0.0,0.0,0.0,0.0,0.1428571428571428,-22.428571428571445,-0.3194444444444444,-0.29885057471264365,-0.2857142857142857,
d595d2c36ddba8ee,9b5b5a75523728f3,1996-12-07,271fe91f4ba9d2c5,b361180739bed4b0,Ultimate Ultimate '96 Tournament,1,1,73.0,219.0,,31.039014373716633,Orthodox,Don Frye,72.0,265.0,,31.616700889801507,Switch,David Abbott,Orthodox_vs_Switch,8.0,7.0,1.0,0.875,0.75,0.125,0.0,0.125,0.875,0.75,0.125,0.0,0.125,0.0,0.0,0.875,0.125,0.125,0.0,15.125,21.625,8.25,15.75,50.5,59.125,24.25,34.0,0.5,0.75,0.625,1.875,0.0,0.25,0.25,0.0,0.0,0.0,1.0,378.875,0.6994219653179191,0.5238095238095238,0.6666666666666666,0.3333333333333333,3.0,1.0,0.6666666666666666,0.3333333333333333,0.0,0.0,0.0,0.0,1.0,0.0,0.0,0.0,18.0,24.666666666666668,9.0,16.666666666666668,85.33333333333333,96.0,31.666666666666668,41.666666666666664,0.6666666666666666,0.6666666666666666,0.3333333333333333,0.3333333333333333,0.0,0.0,0.0,0.0,0.0,0.0,1.0,525.6666666666666,0.7297297297297297,0.54,1.0,1.0,5.0,0.8,0.6,0.2,0.0,0.2,0.0,0.0,0.8,0.2,0.0,0.0,20.2,27.8,12.6,23.0,71.0,81.6,38.0,52.0,0.6,1.0,0.8,2.4,0.0,0.4,0.2,0.0,0.0,0.0,1.0,568.2,0.7266187050359713,0.5478260869565217,0.6,0.3333333333333333,8.0,0.875,0.75,0.125,0.0,0.125,0.0,0.0,0.875,0.125,0.125,0.0,15.125,21.625,8.25,15.75,50.5,59.125,24.25,34.0,0.5,0.75,0.625,1.875,0.0,0.25,0.25,0.0,0.0,0.0,1.0,378.875,0.6994219653179191,0.5238095238095238,0.6666666666666666,0.3333333333333333,8.0,5.0,3.0,0.625,0.375,0.25,0.0,0.125,0.625,0.375,0.25,0.0,0.0,0.125,0.25,0.625,0.125,0.375,0.0,10.0,20.125,15.5,22.0,16.75,27.875,59.875,68.875,0.75,1.0,0.125,0.75,0.375,0.5,0.0,0.0,0.0,0.0,1.125,377.625,0.4968944099378882,0.7045454545454546,0.75,0.16666666666666666,3.0,0.6666666666666666,0.3333333333333333,0.3333333333333333,0.0,0.0,0.0,0.3333333333333333,0.6666666666666666,0.0,0.3333333333333333,0.0,12.666666666666666,25.333333333333332,20.666666666666668,32.666666666666664,18.666666666666668,31.333333333333332,61.666666666666664,74.33333333333333,0.6666666666666666,1.0,0.0,0.3333333333333333,0.3333333333333333,0.0,0.0,0.0,0.0,0.0,1.3333333333333333,223.0,0.5,0.6326530612244898,0.6666666666666666,0.0,5.0,0.6,0.2,0.4,0.0,0.0,0.0,0.4,0.6,0.0,0.2,0.0,8.4,16.6,23.8,32.8,14.0,23.0,83.8,95.6,0.6,0.8,0.2,0.6,0.4,0.0,0.0,0.0,0.0,0.0,1.2,364.6,0.5060240963855421,0.725609756097561,0.75,0.3333333333333333,8.0,0.625,0.375,0.25,0.0,0.0,0.125,0.25,0.625,0.125,0.375,0.0,10.0,20.125,15.5,22.0,16.75,27.875,59.875,68.875,0.75,1.0,0.125,0.75,0.375,0.5,0.0,0.0,0.0,0.0,1.125,377.625,0.4968944099378882,0.7045454545454546,0.75,0.16666666666666666,0.0,0.0,0.0,,0.0,1.0,-46.0,,-0.5776865160848743,0.0,2.0,-2.0,0.25,0.375,-0.125,0.0,0.0,0.25,0.375,-0.125,0.0,0.125,-0.125,-0.25,0.25,0.0,-0.25,0.0,5.125,1.5,-7.25,-6.25,33.75,31.25,-35.625,-34.875,-0.25,-0.25,0.5,1.125,-0.375,-0.25,0.25,0.0,0.0,0.0,-0.125,1.25,0.20252755538003092,-0.18073593073593075,-0.08333333333333337,0.16666666666666666,0.0,0.33333333333333337,0.3333333333333333,0.0,0.0,0.0,0.0,-0.3333333333333333,0.33333333333333337,0.0,-0.3333333333333333,0.0,5.333333333333334,-0.6666666666666643,-11.666666666666668,-15.999999999999996,66.66666666666666,64.66666666666667,-29.999999999999996,-32.666666666666664,0.0,-0.33333333333333337,0.3333333333333333,0.0,-0.3333333333333333,0.0,0.0,0.0,0.0,0.0,-0.33333333333333326,302.66666666666663,0.22972972972972971,-0.0926530612244898,0.33333333333333337,1.0,0.0,0.20000000000000007,0.39999999999999997,-0.2,0.0,0.2,0.0,-0.4,0.20000000000000007,0.2,-0.2,0.0,11.799999999999999,11.2,-11.200000000000001,-9.799999999999997,57.0,58.599999999999994,-45.8,-43.599999999999994,0.0,0.19999999999999996,0.6000000000000001,1.7999999999999998,-0.4,0.4,0.2,0.0,0.0,0.0,-0.19999999999999996,203.60000000000002,0.22059460865042912,-0.17778366914103927,-0.15000000000000002,0.0,0.0,0.25,0.375,-0.125,0.0,0.125,-0.125,-0.25,0.25,0.0,-0.25,0.0,5.125,1.5,-7.25,-6.25,33.75,31.25,-35.625,-34.875,-0.25,-0.25,0.5,1.125,-0.375,-0.25,0.25,0.0,0.0,0.0,-0.125,1.25,0.20252755538003092,-0.18073593073593075,-0.08333333333333337,0.16666666666666666
d93c8c77e1091a16,9b5b5a75523728f3,1996-12-07,13e62d766b709aa6,e8fb8e53bc2e29d6,Open Weight,0,1,72.0,240.0,,,Orthodox,Steve Nelmark,73.0,215.0,,,Orthodox,Marcus Bossett,Orthodox_vs_Orthodox,2.0,1.0,1.0,0.5,0.5,0.0,0.0,0.5,0.5,0.5,0.0,0.0,0.5,0.0,0.0,0.5,0.5,0.0,0.5,7.5,9.0,6.5,10.5,20.5,22.5,16.5,20.5,1.0,1.0,0.5,0.5,0.5,0.0,0.0,0.0,0.0,0.0,1.0,254.0,0.8333333333333334,0.6190476190476191,1.0,1.0,2.0,0.5,0.5,0.0,0.0,0.5,0.0,0.0,0.5,0.5,0.0,0.5,7.5,9.0,6.5,10.5,20.5,22.5,16.5,20.5,1.0,1.0,0.5,0.5,0.5,0.0,0.0,0.0,0.0,0.0,1.0,254.0,0.8333333333333334,0.6190476190476191,1.0,1.0,2.0,0.5,0.5,0.0,0.0,0.5,0.0,0.0,0.5,0.5,0.0,0.5,7.5,9.0,6.5,10.5,20.5,22.5,16.5,20.5,1.0,1.0,0.5,0.5,0.5,0.0,0.0,0.0,0.0,0.0,1.0,254.0,0.8333333333333334,0.6190476190476191,1.0,1.0,2.0,0.5,0.5,0.0,0.0,0.5,0.0,0.0,0.5,0.5,0.0,0.5,7.5,9.0,6.5,10.5,20.5,22.5,16.5,20.5,1.0,1.0,0.5,0.5,0.5,0.0,0.0,0.0,0.0,0.0,1.0,254.0,0.8333333333333334,0.6190476190476191,1.0,1.0,2.0,1.0,1.0,0.5,0.5,0.0,0.0,0.5,0.5,0.5,0.0,0.0,0.0,0.5,0.0,0.5,0.5,0.0,0.0,0.5,1.0,0.0,0.0,1.0,1.5,0.0,0.0,0.0,0.0,0.5,0.5,0.0,0.5,0.0,0.0,0.0,0.0,0.5,173.5,0.5,,,1.0,2.0,0.5,0.5,0.0,0.0,0.0,0.5,0.0,0.5,0.5,0.0,0.0,0.5,1.0,0.0,0.0,1.0,1.5,0.0,0.0,0.0,0.0,0.5,0.5,0.0,0.5,0.0,0.0,0.0,0.0,0.5,173.5,0.5,,,1.0,2.0,0.5,0.5,0.0,0.0,0.0,0.5,0.0,0.5,0.5,0.0,0.0,0.5,1.0,0.0,0.0,1.0,1.5,0.0,0.0,0.0,0.0,0.5,0.5,0.0,0.5,0.0,0.0,0.0,0.0,0.5,173.5,0.5,,,1.0,2.0,0.5,0.5,0.0,0.0,0.0,0.5,0.0,0.5,0.5,0.0,0.0,0.5,1.0,0.0,0.0,1.0,1.5,0.0,0.0,0.0,0.0,0.5,0.5,0.0,0.5,0.0,0.0,0.0,0.0,0.5,173.5,0.5,,,1.0,0.0,0.0,0.0,,0.0,-1.0,25.0,,,0.0,0.0,0.0,0.0,0.0,0.0,0.0,0.0,0.0,0.0,0.0,0.0,0.5,-0.5,0.0,0.0,0.0,0.0,0.5,7.0,8.0,6.5,10.5,19.5,21.0,16.5,20.5,1.0,1.0,0.0,0.0,0.5,-0.5,0.0,0.0,0.0,0.0,0.5,80.5,0.33333333333333337,,,0.0,0.0,0.0,0.0,0.0,0.0,0.5,-0.5,0.0,0.0,0.0,0.0,0.5,7.0,8.0,6.5,10.5,19.5,21.0,16.5,20.5,1.0,1.0,0.0,0.0,0.5,-0.5,0.0,0.0,0.0,0.0,0.5,80.5,0.33333333333333337,,,0.0,0.0,0.0,0.0,0.0,0.0,0.5,-0.5,0.0,0.0,0.0,0.0,0.5,7.0,8.0,6.5,10.5,19.5,21.0,16.5,20.5,1.0,1.0,0.0,0.0,0.5,-0.5,0.0,0.0,0.0,0.0,0.5,80.5,0.33333333333333337,,,0.0,0.0,0.0,0.0,0.0,0.0,0.5,-0.5,0.0,0.0,0.0,0.0,0.5,7.0,8.0,6.5,10.5,19.5,21.0,16.5,20.5,1.0,1.0,0.0,0.0,0.5,-0.5,0.0,0.0,0.0,0.0,0.5,80.5,0.33333333333333337,,,0.0
f716e27b04a6fbb5,9b5b5a75523728f3,1996-12-07,271fe91f4ba9d2c5,18524b46c570730b,Open Weight,0,1,73.0,219.0,,31.039014373716633,Orthodox,Don Frye,72.0,190.0,,35.8631074606434,Orthodox,Mark Hall,Orthodox_vs_Orthodox,9.0,8.0,1.0,0.8888888888888888,0.6666666666666666,0.2222222222222222,0.0,0.1111111111111111,0.8888888888888888,0.6666666666666666,0.2222222222222222,0.0,0.1111111111111111,0.0,0.0,0.8888888888888888,0.1111111111111111,0.1111111111111111,0.0,14.11111111111111,21.22222222222222,8.777777777777779,17.11111111111111,45.55555555555556,54.55555555555556,23.333333333333332,33.77777777777778,0.4444444444444444,0.6666666666666666,0.5555555555555556,1.6666666666666667,0.2222222222222222,0.2222222222222222,0.2222222222222222,0.0,0.0,0.0,1.0,345.8888888888889,0.6649214659685864,0.512987012987013,0.6666666666666666,0.3333333333333333,3.0,1.0,0.3333333333333333,0.6666666666666666,0.0,0.0,0.0,0.0,1.0,0.0,0.0,0.0,16.333333333333332,25.333333333333332,9.666666666666666,18.666666666666668,73.33333333333333,86.0,27.666666666666668,39.333333333333336,0.3333333333333333,0.3333333333333333,0.3333333333333333,0.3333333333333333,0.6666666666666666,0.0,0.0,0.0,0.0,0.0,1.0,460.6666666666667,0.6447368421052632,0.5178571428571429,1.0,1.0,5.0,0.8,0.4,0.4,0.0,0.2,0.0,0.0,0.8,0.2,0.0,0.0,12.2,19.6,14.8,27.6,55.8,65.6,36.4,52.4,0.4,0.8,0.8,1.2,0.4,0.4,0.2,0.0,0.0,0.0,1.0,470.6,0.6224489795918368,0.5362318840579711,0.5,0.6666666666666666,9.0,0.8888888888888888,0.6666666666666666,0.2222222222222222,0.0,0.1111111111111111,0.0,0.0,0.8888888888888888,0.1111111111111111,0.1111111111111111,0.0,14.11111111111111,21.22222222222222,8.777777777777779,17.11111111111111,45.55555555555556,54.55555555555556,23.333333333333332,33.77777777777778,0.4444444444444444,0.6666666666666666,0.5555555555555556,1.6666666666666667,0.2222222222222222,0.2222222222222222,0.2222222222222222,0.0,0.0,0.0,1.0,345.8888888888889,0.6649214659685864,0.512987012987013,0.6666666666666666,0.3333333333333333,6.0,4.0,2.0,0.6666666666666666,0.5,0.16666666666666666,0.0,0.3333333333333333,0.6666666666666666,0.5,0.16666666666666666,0.0,0.16666666666666666,0.16666666666666666,0.0,0.6666666666666666,0.3333333333333333,0.0,0.0,1.3333333333333333,2.0,5.666666666666667,6.333333333333333,7.166666666666667,9.666666666666666,32.0,34.5,0.0,0.0,0.6666666666666666,0.8333333333333334,0.0,0.3333333333333333,0.16666666666666666,0.0,0.0,0.0,0.6666666666666666,210.66666666666666,0.6666666666666666,0.8947368421052632,,0.8,3.0,0.6666666666666666,0.6666666666666666,0.0,0.0,0.3333333333333333,0.0,0.0,0.6666666666666666,0.3333333333333333,0.0,0.0,1.6666666666666667,1.6666666666666667,9.333333333333334,10.0,8.666666666666666,10.0,61.0,64.33333333333333,0.0,0.0,0.6666666666666666,0.6666666666666666,0.0,0.0,0.0,0.0,0.0,0.0,0.6666666666666666,257.6666666666667,1.0,0.9333333333333333,,1.0,5.0,0.8,0.6,0.2,0.0,0.2,0.0,0.0,0.8,0.2,0.0,0.0,1.2,1.8,6.4,7.0,7.8,10.6,37.6,40.2,0.0,0.0,0.6,0.8,0.0,0.0,0.2,0.0,0.0,0.0,0.6,240.6,0.6666666666666666,0.9142857142857143,,0.75,6.0,0.6666666666666666,0.5,0.16666666666666666,0.0,0.16666666666666666,0.16666666666666666,0.0,0.6666666666666666,0.3333333333333333,0.0,0.0,1.3333333333333333,2.0,5.666666666666667,6.333333333333333,7.166666666666667,9.666666666666666,32.0,34.5,0.0,0.0,0.6666666666666666,0.8333333333333334,0.0,0.3333333333333333,0.16666666666666666,0.0,0.0,0.0,0.6666666666666666,210.66666666666666,0.6666666666666666,0.8947368421052632,,0.8,1.0,1.0,0.0,1.0,1.0,1.0,29.0,,-4.824093086926766,3.0,4.0,-1.0,0.2222222222222222,0.16666666666666663,0.05555555555555555,0.0,-0.2222222222222222,0.2222222222222222,0.16666666666666663,0.05555555555555555,0.0,-0.05555555555555555,-0.16666666666666666,0.0,0.2222222222222222,-0.2222222222222222,0.1111111111111111,0.0,12.777777777777777,19.22222222222222,3.1111111111111116,10.777777777777779,38.38888888888889,44.88888888888889,-8.666666666666668,-0.7222222222222214,0.4444444444444444,0.6666666666666666,-0.11111111111111105,0.8333333333333334,0.2222222222222222,-0.1111111111111111,0.05555555555555555,0.0,0.0,0.0,0.33333333333333337,135.22222222222226,-0.0017452006980802626,-0.3817498291182502,,-0.46666666666666673,0.0,0.33333333333333337,-0.3333333333333333,0.6666666666666666,0.0,-0.3333333333333333,0.0,0.0,0.33333333333333337,-0.3333333333333333,0.0,0.0,14.666666666666666,23.666666666666664,0.33333333333333215,8.666666666666668,64.66666666666666,76.0,-33.33333333333333,-24.999999999999993,0.3333333333333333,0.3333333333333333,-0.3333333333333333,-0.3333333333333333,0.6666666666666666,0.0,0.0,0.0,0.0,0.0,0.33333333333333337,203.0,-0.35526315789473684,-0.41547619047619044,,0.0,0.0,0.0,-0.19999999999999996,0.2,0.0,0.0,0.0,0.0,0.0,0.0,0.0,0.0,11.0,17.8,8.4,20.6,48.0,54.99999999999999,-1.2000000000000028,12.199999999999996,0.4,0.8,0.20000000000000007,0.3999999999999999,0.4,0.4,0.0,0.0,0.0,0.0,0.4,230.00000000000003,-0.04421768707482987,-0.3780538302277432,,-0.08333333333333337,3.0,0.2222222222222222,0.16666666666666663,0.05555555555555555,0.0,-0.05555555555555555,-0.16666666666666666,0.0,0.2222222222222222,-0.2222222222222222,0.1111111111111111,0.0,12.777777777777777,19.22222222222222,3.1111111111111116,10.777777777777779,38.38888888888889,44.88888888888889,-8.666666666666668,-0.7222222222222214,0.4444444444444444,0.6666666666666666,-0.11111111111111105,0.8333333333333334,0.2222222222222222,-0.1111111111111111,0.05555555555555555,0.0,0.0,0.0,0.33333333333333337,135.22222222222226,-0.0017452006980802626,-0.3817498291182502,,-0.46666666666666673
f84070b049bc14e6,9b5b5a75523728f3,1996-12-07,b361180739bed4b0,de3ed2e152520c8d,Open Weight,0,1,72.0,265.0,,31.616700889801507,Switch,David Abbott,71.0,230.0,,33.492128678986994,Orthodox,Cal Worsham,Switch_vs_Orthodox,9.0,5.0,4.0,0.5555555555555556,0.3333333333333333,0.2222222222222222,0.0,0.2222222222222222,0.5555555555555556,0.3333333333333333,0.2222222222222222,0.0,0.0,0.2222222222222222,0.2222222222222222,0.5555555555555556,0.2222222222222222,0.3333333333333333,0.0,10.333333333333334,21.0,14.444444444444445,21.555555555555557,16.666666666666668,28.333333333333332,53.888888888888886,63.22222222222222,0.6666666666666666,0.8888888888888888,0.1111111111111111,0.6666666666666666,0.3333333333333333,0.6666666666666666,0.0,0.0,0.0,0.0,1.1111111111111112,344.77777777777777,0.49206349206349204,0.6701030927835051,0.75,0.16666666666666666,3.0,0.3333333333333333,0.3333333333333333,0.0,0.0,0.0,0.3333333333333333,0.3333333333333333,0.3333333333333333,0.3333333333333333,0.3333333333333333,0.0,14.333333333333334,31.666666666666668,22.666666666666668,38.0,18.666666666666668,36.333333333333336,62.666666666666664,78.66666666666667,0.3333333333333333,0.6666666666666666,0.0,0.3333333333333333,0.0,0.6666666666666666,0.0,0.0,0.0,0.0,1.3333333333333333,208.33333333333334,0.45263157894736844,0.5964912280701754,0.5,0.0,5.0,0.6,0.2,0.4,0.0,0.0,0.2,0.2,0.6,0.2,0.2,0.0,10.4,21.0,13.6,23.4,15.0,26.2,38.4,48.6,0.6,0.8,0.0,0.2,0.4,0.4,0.0,0.0,0.0,0.0,1.2,165.0,0.49523809523809526,0.5811965811965812,0.75,0.0,9.0,0.5555555555555556,0.3333333333333333,0.2222222222222222,0.0,0.0,0.2222222222222222,0.2222222222222222,0.5555555555555556,0.2222222222222222,0.3333333333333333,0.0,10.333333333333334,21.0,14.444444444444445,21.555555555555557,16.666666666666668,28.333333333333332,53.888888888888886,63.22222222222222,0.6666666666666666,0.8888888888888888,0.1111111111111111,0.6666666666666666,0.3333333333333333,0.6666666666666666,0.0,0.0,0.0,0.0,1.1111111111111112,344.77777777777777,0.49206349206349204,0.6701030927835051,0.75,0.16666666666666666,2.0,1.0,1.0,0.5,0.5,0.0,0.0,0.5,0.5,0.5,0.0,0.0,0.5,0.0,0.0,0.5,0.5,0.0,0.5,9.0,22.0,4.5,12.0,20.0,34.0,6.5,14.5,0.5,1.0,0.0,0.0,0.0,0.0,0.0,0.0,0.0,0.0,1.0,128.0,0.4090909090909091,0.375,0.5,,2.0,0.5,0.5,0.0,0.0,0.5,0.0,0.0,0.5,0.5,0.0,0.5,9.0,22.0,4.5,12.0,20.0,34.0,6.5,14.5,0.5,1.0,0.0,0.0,0.0,0.0,0.0,0.0,0.0,0.0,1.0,128.0,0.4090909090909091,0.375,0.5,,2.0,0.5,0.5,0.0,0.0,0.5,0.0,0.0,0.5,0.5,0.0,0.5,9.0,22.0,4.5,12.0,20.0,34.0,6.5,14.5,0.5,1.0,0.0,0.0,0.0,0.0,0.0,0.0,0.0,0.0,1.0,128.0,0.4090909090909091,0.375,0.5,,2.0,0.5,0.5,0.0,0.0,0.5,0.0,0.0,0.5,0.5,0.0,0.5,9.0,22.0,4.5,12.0,20.0,34.0,6.5,14.5,0.5,1.0,0.0,0.0,0.0,0.0,0.0,0.0,0.0,0.0,1.0,128.0,0.4090909090909091,0.375,0.5,,0.0,0.0,0.0,,0.0,1.0,35.0,,-1.875427789185487,7.0,4.0,3.0,0.05555555555555558,-0.16666666666666669,0.2222222222222222,0.0,-0.2777777777777778,0.05555555555555558,-0.16666666666666669,0.2222222222222222,0.0,-0.5,0.2222222222222222,0.2222222222222222,0.05555555555555558,-0.2777777777777778,0.3333333333333333,-0.5,1.333333333333334,-1.0,9.944444444444445,9.555555555555557,-3.333333333333332,-5.666666666666668,47.388888888888886,48.72222222222222,0.16666666666666663,-0.11111111111111116,0.1111111111111111,0.6666666666666666,0.3333333333333333,0.6666666666666666,0.0,0.0,0.0,0.0,0.11111111111111116,216.77777777777777,0.08297258297258292,0.2951030927835051,0.25,,1.0,-0.16666666666666669,-0.16666666666666669,0.0,0.0,-0.5,0.3333333333333333,0.3333333333333333,-0.16666666666666669,-0.16666666666666669,0.3333333333333333,-0.5,5.333333333333334,9.666666666666668,18.166666666666668,26.0,-1.3333333333333321,2.3333333333333357,56.166666666666664,64.16666666666667,-0.16666666666666669,-0.33333333333333337,0.0,0.3333333333333333,0.0,0.6666666666666666,0.0,0.0,0.0,0.0,0.33333333333333326,80.33333333333334,0.043540669856459324,0.2214912280701754,0.0,,3.0,0.09999999999999998,-0.3,0.4,0.0,-0.5,0.2,0.2,0.09999999999999998,-0.3,0.2,-0.5,1.4000000000000004,-1.0,9.1,11.399999999999999,-5.0,-7.800000000000001,31.9,34.1,0.09999999999999998,-0.19999999999999996,0.0,0.2,0.4,0.4,0.0,0.0,0.0,0.0,0.19999999999999996,37.0,0.08614718614718614,0.20619658119658124,0.25,,7.0,0.05555555555555558,-0.16666666666666669,0.2222222222222222,0.0,-0.5,0.2222222222222222,0.2222222222222222,0.05555555555555558,-0.2777777777777778,0.3333333333333333,-0.5,1.333333333333334,-1.0,9.944444444444445,9.555555555555557,-3.333333333333332,-5.666666666666668,47.388888888888886,48.72222222222222,0.16666666666666663,-0.11111111111111116,0.1111111111111111,0.6666666666666666,0.3333333333333333,0.6666666666666666,0.0,0.0,0.0,0.0,0.11111111111111116,216.77777777777777,0.08297258297258292,0.2951030927835051,0.25,
fa48320affd3b2b4,9b5b5a75523728f3,1996-12-07,63b65af1c5cb02cb,1c3f5e85b59ec710,Open Weight,0,1,73.0,205.0,72.0,32.82135523613963,Orthodox,Ken Shamrock,75.0,230.0,,28.361396303901437,Orthodox,Brian Johnston,Orthodox_vs_Orthodox,7.0,5.0,2.0,0.7142857142857143,0.14285714285714285,0.5714285714285714,0.0,0.14285714285714285,0.7142857142857143,0.14285714285714285,0.5714285714285714,0.0,0.0,0.14285714285714285,0.14285714285714285,0.7142857142857143,0.14285714285714285,0.0,0.0,4.714285714285714,14.428571428571429,4.285714285714286,13.571428571428571,14.428571428571429,24.571428571428573,15.571428571428571,25.571428571428573,0.5714285714285714,1.2857142857142858,0.0,0.5714285714285714,1.0,0.14285714285714285,0.0,0.42857142857142855,0.0,0.0,1.2857142857142858,272.42857142857144,0.32673267326732675,0.3157894736842105,0.4444444444444444,0.0,3.0,0.6666666666666666,0.0,0.6666666666666666,0.0,0.0,0.0,0.3333333333333333,0.6666666666666666,0.0,0.0,0.0,6.666666666666667,29.0,7.333333333333333,27.333333333333332,24.666666666666668,47.0,13.0,34.0,0.3333333333333333,1.0,0.0,1.0,1.3333333333333333,0.0,0.0,0.6666666666666666,0.0,0.0,1.6666666666666667,392.6666666666667,0.22988505747126436,0.2682926829268293,0.3333333333333333,0.0,5.0,0.8,0.2,0.6,0.0,0.0,0.0,0.2,0.8,0.0,0.0,0.0,6.4,20.0,5.2,17.4,19.4,33.6,16.2,29.4,0.6,1.2,0.0,0.6,1.0,0.0,0.0,0.4,0.0,0.0,1.4,348.2,0.32,0.2988505747126437,0.5,0.0,7.0,0.7142857142857143,0.14285714285714285,0.5714285714285714,0.0,0.0,0.14285714285714285,0.14285714285714285,0.7142857142857143,0.14285714285714285,0.0,0.0,4.714285714285714,14.428571428571429,4.285714285714286,13.571428571428571,14.428571428571429,24.571428571428573,15.571428571428571,25.571428571428573,0.5714285714285714,1.2857142857142858,0.0,0.5714285714285714,1.0,0.14285714285714285,0.0,0.42857142857142855,0.0,0.0,1.2857142857142858,272.42857142857144,0.32673267326732675,0.3157894736842105,0.4444444444444444,0.0,4.0,2.0,2.0,0.5,0.5,0.0,0.0,0.5,0.5,0.5,0.0,0.0,0.5,0.0,0.0,0.5,0.5,0.0,0.0,5.5,10.0,5.75,7.5,13.0,18.0,17.0,19.25,0.5,0.75,0.5,0.75,0.25,0.0,0.25,0.0,0.0,0.0,1.0,147.5,0.55,0.7666666666666667,0.6666666666666666,0.6666666666666666,3.0,0.6666666666666666,0.6666666666666666,0.0,0.0,0.3333333333333333,0.0,0.0,0.6666666666666666,0.3333333333333333,0.0,0.0,3.6666666666666665,6.0,4.0,4.666666666666667,8.0,11.0,8.666666666666666,9.666666666666666,0.6666666666666666,1.0,0.3333333333333333,0.6666666666666666,0.3333333333333333,0.0,0.3333333333333333,0.0,0.0,0.0,1.0,104.33333333333333,0.6111111111111112,0.8571428571428571,0.6666666666666666,0.5,4.0,0.5,0.5,0.0,0.0,0.5,0.0,0.0,0.5,0.5,0.0,0.0,5.5,10.0,5.75,7.5,13.0,18.0,17.0,19.25,0.5,0.75,0.5,0.75,0.25,0.0,0.25,0.0,0.0,0.0,1.0,147.5,0.55,0.7666666666666667,0.6666666666666666,0.6666666666666666,4.0,0.5,0.5,0.0,0.0,0.5,0.0,0.0,0.5,0.5,0.0,0.0,5.5,10.0,5.75,7.5,13.0,18.0,17.0,19.25,0.5,0.75,0.5,0.75,0.25,0.0,0.25,0.0,0.0,0.0,1.0,147.5,0.55,0.7666666666666667,0.6666666666666666,0.6666666666666666,0.0,0.0,0.0,,0.0,-2.0,-25.0,,4.4599589322381945,3.0,3.0,0.0,0.2142857142857143,-0.35714285714285715,0.5714285714285714,0.0,-0.35714285714285715,0.2142857142857143,-0.35714285714285715,0.5714285714285714,0.0,-0.5,0.14285714285714285,0.14285714285714285,0.2142857142857143,-0.35714285714285715,0.0,0.0,-0.7857142857142856,4.428571428571429,-1.4642857142857144,6.071428571428571,1.4285714285714288,6.571428571428573,-1.4285714285714288,6.321428571428573,0.0714285714285714,0.5357142857142858,-0.5,-0.1785714285714286,0.75,0.14285714285714285,-0.25,0.42857142857142855,0.0,0.0,0.2857142857142858,124.92857142857144,-0.2232673267326733,-0.4508771929824562,-0.2222222222222222,-0.6666666666666666,0.0,0.0,-0.6666666666666666,0.6666666666666666,0.0,-0.3333333333333333,0.0,0.3333333333333333,0.0,-0.3333333333333333,0.0,0.0,3.0000000000000004,23.0,3.333333333333333,22.666666666666664,16.666666666666668,36.0,4.333333333333334,24.333333333333336,-0.3333333333333333,0.0,-0.3333333333333333,0.33333333333333337,1.0,0.0,-0.3333333333333333,0.6666666666666666,0.0,0.0,0.6666666666666667,288.33333333333337,-0.3812260536398468,-0.5888501742160278,-0.3333333333333333,-0.5,1.0,0.30000000000000004,-0.3,0.6,0.0,-0.5,0.0,0.2,0.30000000000000004,-0.5,0.0,0.0,0.9000000000000004,10.0,-0.5499999999999998,9.899999999999999,6.399999999999999,15.600000000000001,-0.8000000000000007,10.149999999999999,0.09999999999999998,0.44999999999999996,-0.5,-0.15000000000000002,0.75,0.0,-0.25,0.4,0.0,0.0,0.3999999999999999,200.7,-0.23000000000000004,-0.467816091954023,-0.16666666666666663,-0.6666666666666666,3.0,0.2142857142857143,-0.35714285714285715,0.5714285714285714,0.0,-0.5,0.14285714285714285,0.14285714285714285,0.2142857142857143,-0.35714285714285715,0.0,0.0,-0.7857142857142856,4.428571428571429,-1.4642857142857144,6.071428571428571,1.4285714285714288,6.571428571428573,-1.4285714285714288,6.321428571428573,0.0714285714285714,0.5357142857142858,-0.5,-0.1785714285714286,0.75,0.14285714285714285,-0.25,0.42857142857142855,0.0,0.0,0.2857142857142858,124.92857142857144,-0.2232673267326733,-0.4508771929824562,-0.2222222222222222,-0.6666666666666666
18af785da73b5996,96eff1a628adcc7f,1997-02-07,93892752c5fc23ca,577ec7e108b94be3,Lightweight,0,1,71.0,199.0,,22.986995208761122,Orthodox,Jerry Bohlander,72.0,199.0,,,Orthodox,Rainy Martinez,Orthodox_vs_Orthodox,3.0,2.0,1.0,0.6666666666666666,0.0,0.3333333333333333,0.3333333333333333,0.3333333333333333,0.6666666666666666,0.0,0.3333333333333333,0.3333333333333333,0.3333333333333333,0.0,0.0,0.3333333333333333,0.3333333333333333,0.0,0.0,8.666666666666666,12.666666666666666,4.666666666666667,7.0,74.66666666666667,83.33333333333333,13.0,15.333333333333334,0.3333333333333333,0.6666666666666666,1.3333333333333333,2.6666666666666665,0.3333333333333333,1.0,0.6666666666666666,0.3333333333333333,0.0,0.0,1.0,591.3333333333334,0.6842105263157895,0.6666666666666666,0.5,0.5,3.0,0.6666666666666666,0.0,0.3333333333333333,0.3333333333333333,0.3333333333333333,0.0,0.0,0.3333333333333333,0.3333333333333333,0.0,0.0,8.666666666666666,12.666666666666666,4.666666666666667,7.0,74.66666666666667,83.33333333333333,13.0,15.333333333333334,0.3333333333333333,0.6666666666666666,1.3333333333333333,2.6666666666666665,0.3333333333333333,1.0,0.6666666666666666,0.3333333333333333,0.0,0.0,1.0,591.3333333333334,0.6842105263157895,0.6666666666666666,0.5,0.5,3.0,0.6666666666666666,0.0,0.3333333333333333,0.3333333333333333,0.3333333333333333,0.0,0.0,0.3333333333333333,0.3333333333333333,0.0,0.0,8.666666666666666,12.666666666666666,4.666666666666667,7.0,74.66666666666667,83.33333333333333,13.0,15.333333333333334,0.3333333333333333,0.6666666666666666,1.3333333333333333,2.6666666666666665,0.3333333333333333,1.0,0.6666666666666666,0.3333333333333333,0.0,0.0,1.0,591.3333333333334,0.6842105263157895,0.6666666666666666,0.5,0.5,3.0,0.6666666666666666,0.0,0.3333333333333333,0.3333333333333333,0.3333333333333333,0.0,0.0,0.3333333333333333,0.3333333333333333,0.0,0.0,8.666666666666666,12.666666666666666,4.666666666666667,7.0,74.66666666666667,83.33333333333333,13.0,15.333333333333334,0.3333333333333333,0.6666666666666666,1.3333333333333333,2.6666666666666665,0.3333333333333333,1.0,0.6666666666666666,0.3333333333333333,0.0,0.0,1.0,591.3333333333334,0.6842105263157895,0.6666666666666666,0.5,0.5,0.0,0.0,0.0,,,,,,,,,,,,,,,,,,,,,,,,,,,,,,,,,,,,,,,,,0.0,,,,,,,,,,,,,,,,,,,,,,,,,,,,,,,,,,,,0.0,,,,,,,,,,,,,,,,,,,,,,,,,,,,,,,,,,,,0.0,,,,,,,,,,,,,,,,,,,,,,,,,,,,,,,,,,,,0.0,0.0,0.0,,0.0,-1.0,0.0,,,3.0,2.0,1.0,,,,,,,,,,,,,,,,,,,,,,,,,,,,,,,,,,,,,,,,,3.0,,,,,,,,,,,,,,,,,,,,,,,,,,,,,,,,,,,,3.0,,,,,,,,,,,,,,,,,,,,,,,,,,,,,,,,,,,,3.0,,,,,,,,,,,,,,,,,,,,,,,,,,,,,,,,,,,
2963e9a4b8c10bc9,96eff1a628adcc7f,1997-02-07,93892752c5fc23ca,1d147d4163a6989b,Lightweight,0,1,71.0,199.0,,22.986995208761122,Orthodox,Jerry Bohlander,69.0,190.0,,34.06160164271047,Unknown,Nick Sanzo,Orthodox_vs_Unknown,4.0,3.0,1.0,0.75,0.0,0.5,0.25,0.25,0.75,0.0,0.5,0.25,0.25,0.0,0.0,0.5,0.25,0.0,0.0,6.5,10.25,3.5,5.25,57.0,64.25,9.75,11.5,0.5,0.75,1.0,2.0,0.5,0.75,0.5,0.25,0.0,0.0,1.0,464.5,0.6341463414634146,0.6666666666666666,0.6666666666666666,0.5,3.0,0.6666666666666666,0.0,0.3333333333333333,0.3333333333333333,0.3333333333333333,0.0,0.0,0.3333333333333333,0.3333333333333333,0.0,0.0,6.333333333333333,10.666666666666666,1.6666666666666667,3.0,67.0,74.66666666666667,7.333333333333333,8.666666666666666,0.6666666666666666,1.0,0.6666666666666666,1.3333333333333333,0.3333333333333333,0.6666666666666666,0.6666666666666666,0.3333333333333333,0.0,0.0,1.0,438.3333333333333,0.59375,0.5555555555555556,0.6666666666666666,0.5,4.0,0.75,0.0,0.5,0.25,0.25,0.0,0.0,0.5,0.25,0.0,0.0,6.5,10.25,3.5,5.25,57.0,64.25,9.75,11.5,0.5,0.75,1.0,2.0,0.5,0.75,0.5,0.25,0.0,0.0,1.0,464.5,0.6341463414634146,0.6666666666666666,0.6666666666666666,0.5,4.0,0.75,0.0,0.5,0.25,0.25,0.0,0.0,0.5,0.25,0.0,0.0,6.5,10.25,3.5,5.25,57.0,64.25,9.75,11.5,0.5,0.75,1.0,2.0,0.5,0.75,0.5,0.25,0.0,0.0,1.0,464.5,0.6341463414634146,0.6666666666666666,0.6666666666666666,0.5,0.0,0.0,0.0,,,,,,,,,,,,,,,,,,,,,,,,,,,,,,,,,,,,,,,,,0.0,,,,,,,,,,,,,,,,,,,,,,,,,,,,,,,,,,,,0.0,,,,,,,,,,,,,,,,,,,,,,,,,,,,,,,,,,,,0.0,,,,,,,,,,,,,,,,,,,,,,,,,,,,,,,,,,,,0.0,0.0,0.0,,0.0,2.0,9.0,,-11.074606433949349,4.0,3.0,1.0,,,,,,,,,,,,,,,,,,,,,,,,,,,,,,,,,,,,,,,,,3.0,,,,,,,,,,,,,,,,,,,,,,,,,,,,,,,,,,,,4.0,,,,,,,,,,,,,,,,,,,,,,,,,,,,,,,,,,,,4.0,,,,,,,,,,,,,,,,,,,,,,,,,,,,,,,,,,,
3e813ba25895913d,96eff1a628adcc7f,1997-02-07,21b8a0f5c231096f,c670aa48827d6be6,Heavyweight,1,1,73.0,205.0,75.0,32.134154688569474,Orthodox,Mark Coleman,74.0,250.0,,38.6694045174538,Southpaw,Dan Severn,Orthodox_vs_Southpaw,5.0,5.0,0.0,1.0,0.6,0.4,0.0,0.0,1.0,0.6,0.4,0.0,0.0,0.0,0.0,1.0,0.0,0.0,0.0,21.6,31.0,1.4,3.8,36.8,48.6,9.4,12.4,1.6,2.2,0.0,0.4,0.8,0.0,0.0,0.2,0.0,0.0,1.0,292.4,0.6967741935483871,0.3684210526315789,0.7272727272727273,0.0,3.0,1.0,0.6666666666666666,0.3333333333333333,0.0,0.0,0.0,0.0,1.0,0.0,0.0,0.0,13.666666666666666,15.666666666666666,1.0,2.0,20.666666666666668,22.666666666666668,7.333333333333333,9.0,1.0,1.3333333333333333,0.0,0.0,0.6666666666666666,0.0,0.0,0.0,0.0,0.0,1.0,116.0,0.8723404255319149,0.5,0.75,,5.0,1.0,0.6,0.4,0.0,0.0,0.0,0.0,1.0,0.0,0.0,0.0,21.6,31.0,1.4,3.8,36.8,48.6,9.4,12.4,1.6,2.2,0.0,0.4,0.8,0.0,0.0,0.2,0.0,0.0,1.0,292.4,0.6967741935483871,0.3684210526315789,0.7272727272727273,0.0,5.0,1.0,0.6,0.4,0.0,0.0,0.0,0.0,1.0,0.0,0.0,0.0,21.6,31.0,1.4,3.8,36.8,48.6,9.4,12.4,1.6,2.2,0.0,0.4,0.8,0.0,0.0,0.2,0.0,0.0,1.0,292.4,0.6967741935483871,0.3684210526315789,0.7272727272727273,0.0,11.0,9.0,2.0,0.8181818181818182,0.09090909090909091,0.45454545454545453,0.2727272727272727,0.18181818181818182,0.8181818181818182,0.09090909090909091,0.45454545454545453,0.2727272727272727,0.0,0.18181818181818182,0.0,0.5454545454545454,0.18181818181818182,0.0,0.0,10.545454545454545,22.90909090909091,4.0,13.090909090909092,50.27272727272727,69.54545454545455,18.09090909090909,27.636363636363637,0.8181818181818182,1.4545454545454546,0.0,0.2727272727272727,0.5454545454545454,0.5454545454545454,0.09090909090909091,0.0,0.0,0.0,1.2727272727272727,380.09090909090907,0.4603174603174603,0.3055555555555556,0.5625,0.0,3.0,1.0,0.0,0.3333333333333333,0.6666666666666666,0.0,0.0,0.0,0.3333333333333333,0.0,0.0,0.0,13.333333333333334,51.333333333333336,9.0,37.0,76.66666666666667,123.66666666666667,28.666666666666668,56.666666666666664,0.3333333333333333,1.0,0.0,0.6666666666666666,0.6666666666666666,0.3333333333333333,0.3333333333333333,0.0,0.0,0.0,2.0,440.3333333333333,0.2597402597402597,0.24324324324324326,0.3333333333333333,0.0,5.0,0.8,0.0,0.2,0.6,0.0,0.2,0.0,0.2,0.2,0.0,0.0,19.8,44.2,6.4,24.4,93.0,125.2,19.8,38.2,0.4,1.2,0.0,0.6,0.4,0.6,0.2,0.0,0.0,0.0,1.6,507.0,0.4479638009049774,0.26229508196721313,0.3333333333333333,0.0,10.0,0.8,0.1,0.4,0.3,0.0,0.2,0.0,0.5,0.2,0.0,0.0,11.6,25.2,3.6,13.5,55.3,76.5,18.7,29.0,0.7,1.1,0.0,0.3,0.5,0.6,0.1,0.0,0.0,0.0,1.3,407.6,0.4603174603174603,0.26666666666666666,0.6363636363636364,0.0,0.0,0.0,0.0,,0.0,-1.0,-45.0,,-6.535249828884325,-6.0,-4.0,-2.0,0.18181818181818177,0.509090909090909,-0.05454545454545451,-0.2727272727272727,-0.18181818181818182,0.18181818181818177,0.509090909090909,-0.05454545454545451,-0.2727272727272727,0.0,-0.18181818181818182,0.0,0.4545454545454546,-0.18181818181818182,0.0,0.0,11.054545454545456,8.09090909090909,-2.6,-9.290909090909093,-13.472727272727276,-20.945454545454545,-8.69090909090909,-15.236363636363636,0.7818181818181819,0.7454545454545456,0.0,0.12727272727272732,0.25454545454545463,-0.5454545454545454,-0.09090909090909091,0.2,0.0,0.0,-0.2727272727272727,-87.69090909090909,0.2364567332309268,0.06286549707602335,0.1647727272727273,0.0,0.0,0.0,0.6666666666666666,0.0,-0.6666666666666666,0.0,0.0,0.0,0.6666666666666667,0.0,0.0,0.0,0.33333333333333215,-35.66666666666667,-8.0,-35.0,-56.0,-101.0,-21.333333333333336,-47.666666666666664,0.6666666666666667,0.33333333333333326,0.0,-0.6666666666666666,0.0,-0.3333333333333333,-0.3333333333333333,0.0,0.0,0.0,-1.0,-324.3333333333333,0.6126001657916552,0.25675675675675674,0.4166666666666667,,0.0,0.19999999999999996,0.6,0.2,-0.6,0.0,-0.2,0.0,0.8,-0.2,0.0,0.0,1.8000000000000007,-13.200000000000003,-5.0,-20.599999999999998,-56.2,-76.6,-10.4,-25.800000000000004,1.2000000000000002,1.0000000000000002,0.0,-0.19999999999999996,0.4,-0.6,-0.2,0.2,0.0,0.0,-0.6000000000000001,-214.60000000000002,0.2488103926434097,0.1061259706643658,0.393939393939394,0.0,-5.0,0.19999999999999996,0.5,0.0,-0.3,0.0,-0.2,0.0,0.5,-0.2,0.0,0.0,10.000000000000002,5.800000000000001,-2.2,-9.7,-18.5,-27.9,-9.299999999999999,-16.6,0.9000000000000001,1.1,0.0,0.10000000000000003,0.30000000000000004,-0.6,-0.1,0.2,0.0,0.0,-0.30000000000000004,-115.20000000000005,0.2364567332309268,0.10175438596491226,0.09090909090909094,0.0
565ecefd8a37ad7e,96eff1a628adcc7f,1997-02-07,1d147d4163a6989b,4985113c0928aa62,Lightweight,0,1,69.0,190.0,,34.06160164271047,Unknown,Nick Sanzo,,,,,Unknown,Jackie Lee,Unknown_vs_Unknown,1.0,0.0,1.0,0.0,0.0,0.0,0.0,1.0,0.0,0.0,0.0,0.0,0.0,1.0,0.0,0.0,1.0,0.0,0.0,0.0,0.0,2.0,4.0,0.0,0.0,3.0,5.0,0.0,1.0,1.0,1.0,0.0,1.0,0.0,0.0,0.0,0.0,1.0,39.0,,0.5,0.0,1.0,1.0,0.0,0.0,0.0,0.0,0.0,1.0,0.0,0.0,1.0,0.0,0.0,0.0,0.0,2.0,4.0,0.0,0.0,3.0,5.0,0.0,1.0,1.0,1.0,0.0,1.0,0.0,0.0,0.0,0.0,1.0,39.0,,0.5,0.0,1.0,1.0,0.0,0.0,0.0,0.0,0.0,1.0,0.0,0.0,1.0,0.0,0.0,0.0,0.0,2.0,4.0,0.0,0.0,3.0,5.0,0.0,1.0,1.0,1.0,0.0,1.0,0.0,0.0,0.0,0.0,1.0,39.0,,0.5,0.0,1.0,1.0,0.0,0.0,0.0,0.0,0.0,1.0,0.0,0.0,1.0,0.0,0.0,0.0,0.0,2.0,4.0,0.0,0.0,3.0,5.0,0.0,1.0,1.0,1.0,0.0,1.0,0.0,0.0,0.0,0.0,1.0,39.0,,0.5,0.0,1.0,0.0,0.0,0.0,,,,,,,,,,,,,,,,,,,,,,,,,,,,,,,,,,,,,,,,,0.0,,,,,,,,,,,,,,,,,,,,,,,,,,,,,,,,,,,,0.0,,,,,,,,,,,,,,,,,,,,,,,,,,,,,,,,,,,,0.0,,,,,,,,,,,,,,,,,,,,,,,,,,,,,,,,,,,,0.0,0.0,0.0,,0.0,,,,,1.0,0.0,1.0,,,,,,,,,,,,,,,,,,,,,,,,,,,,,,,,,,,,,,,,,1.0,,,,,,,,,,,,,,,,,,,,,,,,,,,,,,,,,,,,1.0,,,,,,,,,,,,,,,,,,,,,,,,,,,,,,,,,,,,1.0,,,,,,,,,,,,,,,,,,,,,,,,,,,,,,,,,,,
72e7d6d5328bc3d6,96eff1a628adcc7f,1997-02-07,977081bc01197656,1a49e0670dfaca31,Heavyweight,0,1,71.0,323.0,,31.786447638603697,Orthodox,Scott Ferrozzo,73.0,215.0,,,Southpaw,Jim Mullen,Orthodox_vs_Southpaw,3.0,2.0,1.0,0.6666666666666666,0.0,0.3333333333333333,0.3333333333333333,0.3333333333333333,0.6666666666666666,0.0,0.3333333333333333,0.3333333333333333,0.0,0.3333333333333333,0.0,0.3333333333333333,0.3333333333333333,0.0,0.0,23.0,35.333333333333336,9.333333333333334,19.666666666666668,65.66666666666667,78.66666666666667,18.0,29.666666666666668,0.6666666666666666,1.6666666666666667,0.0,0.3333333333333333,0.3333333333333333,0.3333333333333333,0.0,0.0,0.0,0.0,1.0,376.0,0.6509433962264151,0.4745762711864407,0.4,0.0,3.0,0.6666666666666666,0.0,0.3333333333333333,0.3333333333333333,0.0,0.3333333333333333,0.0,0.3333333333333333,0.3333333333333333,0.0,0.0,23.0,35.333333333333336,9.333333333333334,19.666666666666668,65.66666666666667,78.66666666666667,18.0,29.666666666666668,0.6666666666666666,1.6666666666666667,0.0,0.3333333333333333,0.3333333333333333,0.3333333333333333,0.0,0.0,0.0,0.0,1.0,376.0,0.6509433962264151,0.4745762711864407,0.4,0.0,3.0,0.6666666666666666,0.0,0.3333333333333333,0.3333333333333333,0.0,0.3333333333333333,0.0,0.3333333333333333,0.3333333333333333,0.0,0.0,23.0,35.333333333333336,9.333333333333334,19.666666666666668,65.66666666666667,78.66666666666667,18.0,29.666666666666668,0.6666666666666666,1.6666666666666667,0.0,0.3333333333333333,0.3333333333333333,0.3333333333333333,0.0,0.0,0.0,0.0,1.0,376.0,0.6509433962264151,0.4745762711864407,0.4,0.0,3.0,0.6666666666666666,0.0,0.3333333333333333,0.3333333333333333,0.0,0.3333333333333333,0.0,0.3333333333333333,0.3333333333333333,0.0,0.0,23.0,35.333333333333336,9.333333333333334,19.666666666666668,65.66666666666667,78.66666666666667,18.0,29.666666666666668,0.6666666666666666,1.6666666666666667,0.0,0.3333333333333333,0.3333333333333333,0.3333333333333333,0.0,0.0,0.0,0.0,1.0,376.0,0.6509433962264151,0.4745762711864407,0.4,0.0,0.0,0.0,0.0,,,,,,,,,,,,,,,,,,,,,,,,,,,,,,,,,,,,,,,,,0.0,,,,,,,,,,,,,,,,,,,,,,,,,,,,,,,,,,,,0.0,,,,,,,,,,,,,,,,,,,,,,,,,,,,,,,,,,,,0.0,,,,,,,,,,,,,,,,,,,,,,,,,,,,,,,,,,,,0.0,0.0,0.0,,0.0,-2.0,108.0,,,3.0,2.0,1.0,,,,,,,,,,,,,,,,,,,,,,,,,,,,,,,,,,,,,,,,,3.0,,,,,,,,,,,,,,,,,,,,,,,,,,,,,,,,,,,,3.0,,,,,,,,,,,,,,,,,,,,,,,,,,,,,,,,,,,,3.0,,,,,,,,,,,,,,,,,,,,,,,,,,,,,,,,,,,
77bf1e37929b0d59,96eff1a628adcc7f,1997-02-07,3da19339ee7051d5,abbc4fc02e0d84b3,Heavyweight,0,1,72.0,185.0,,,Unknown,Justin Martin,,,,,Unknown,Eric Martin,Unknown_vs_Unknown,0.0,0.0,0.0,,,,,,,,,,,,,,,,,,,,,,,,,,,,,,,,,,,,,,,,,0.0,,,,,,,,,,,,,,,,,,,,,,,,,,,,,,,,,,,,0.0,,,,,,,,,,,,,,,,,,,,,,,,,,,,,,,,,,,,0.0,,,,,,,,,,,,,,,,,,,,,,,,,,,,,,,,,,,,0.0,0.0,0.0,,,,,,,,,,,,,,,,,,,,,,,,,,,,,,,,,,,,,,,,,0.0,,,,,,,,,,,,,,,,,,,,,,,,,,,,,,,,,,,,0.0,,,,,,,,,,,,,,,,,,,,,,,,,,,,,,,,,,,,0.0,,,,,,,,,,,,,,,,,,,,,,,,,,,,,,,,,,,,0.0,0.0,0.0,,0.0,,,,,0.0,0.0,0.0,,,,,,,,,,,,,,,,,,,,,,,,,,,,,,,,,,,,,,,,,0.0,,,,,,,,,,,,,,,,,,,,,,,,,,,,,,,,,,,,0.0,,,,,,,,,,,,,,,,,,,,,,,,,,,,,,,,,,,,0.0,,,,,,,,,,,,,,,,,,,,,,,,,,,,,,,,,,,
b28809d58f8c18fd,96eff1a628adcc7f,1997-02-07,0ee783aa00e468f0,1dab0d1d81dd06db,Heavyweight,0,1,72.0,185.0,74.0,19.854893908281998,Southpaw,Vitor Belfort,74.0,233.0,,32.0,Orthodox,Tra Telligman,Southpaw_vs_Orthodox,0.0,0.0,0.0,,,,,,,,,,,,,,,,,,,,,,,,,,,,,,,,,,,,,,,,,0.0,,,,,,,,,,,,,,,,,,,,,,,,,,,,,,,,,,,,0.0,,,,,,,,,,,,,,,,,,,,,,,,,,,,,,,,,,,,0.0,,,,,,,,,,,,,,,,,,,,,,,,,,,,,,,,,,,,0.0,0.0,0.0,,,,,,,,,,,,,,,,,,,,,,,,,,,,,,,,,,,,,,,,,0.0,,,,,,,,,,,,,,,,,,,,,,,,,,,,,,,,,,,,0.0,,,,,,,,,,,,,,,,,,,,,,,,,,,,,,,,,,,,0.0,,,,,,,,,,,,,,,,,,,,,,,,,,,,,,,,,,,,0.0,0.0,0.0,,0.0,-2.0,-48.0,,-12.145106091718002,0.0,0.0,0.0,,,,,,,,,,,,,,,,,,,,,,,,,,,,,,,,,,,,,,,,,0.0,,,,,,,,,,,,,,,,,,,,,,,,,,,,,,,,,,,,0.0,,,,,,,,,,,,,,,,,,,,,,,,,,,,,,,,,,,,0.0,,,,,,,,,,,,,,,,,,,,,,,,,,,,,,,,,,,
e45feb9866eb2da7,96eff1a628adcc7f,1997-02-07,6420efac0578988b,da6dfd09cca1d705,Lightweight,0,1,71.0,199.0,,27.906913073237508,Southpaw,Yoshiki Takahashi,67.0,205.0,,28.958247775496236,Orthodox,Wallid Ismail,Southpaw_vs_Orthodox,0.0,0.0,0.0,,,,,,,,,,,,,,,,,,,,,,,,,,,,,,,,,,,,,,,,,0.0,,,,,,,,,,,,,,,,,,,,,,,,,,,,,,,,,,,,0.0,,,,,,,,,,,,,,,,,,,,,,,,,,,,,,,,,,,,0.0,,,,,,,,,,,,,,,,,,,,,,,,,,,,,,,,,,,,0.0,0.0,0.0,,,,,,,,,,,,,,,,,,,,,,,,,,,,,,,,,,,,,,,,,0.0,,,,,,,,,,,,,,,,,,,,,,,,,,,,,,,,,,,,0.0,,,,,,,,,,,,,,,,,,,,,,,,,,,,,,,,,,,,0.0,,,,,,,,,,,,,,,,,,,,,,,,,,,,,,,,,,,,0.0,0.0,0.0,,0.0,4.0,-6.0,,-1.0513347022587283,0.0,0.0,0.0,,,,,,,,,,,,,,,,,,,,,,,,,,,,,,,,,,,,,,,,,0.0,,,,,,,,,,,,,,,,,,,,,,,,,,,,,,,,,,,,0.0,,,,,,,,,,,,,,,,,,,,,,,,,,,,,,,,,,,,0.0,,,,,,,,,,,,,,,,,,,,,,,,,,,,,,,,,,,
fa347a9ac9d0558c,96eff1a628adcc7f,1997-02-07,0ee783aa00e468f0,977081bc01197656,Heavyweight,0,1,72.0,185.0,74.0,19.854893908281998,Southpaw,Vitor Belfort,71.0,323.0,,31.786447638603697,Orthodox,Scott Ferrozzo,Southpaw_vs_Orthodox,1.0,1.0,0.0,1.0,1.0,0.0,0.0,0.0,1.0,1.0,0.0,0.0,0.0,0.0,0.0,1.0,0.0,1.0,0.0,17.0,29.0,1.0,7.0,23.0,35.0,1.0,7.0,0.0,0.0,0.0,0.0,0.0,0.0,0.0,0.0,0.0,0.0,1.0,77.0,0.5862068965517241,0.14285714285714285,,,1.0,1.0,1.0,0.0,0.0,0.0,0.0,0.0,1.0,0.0,1.0,0.0,17.0,29.0,1.0,7.0,23.0,35.0,1.0,7.0,0.0,0.0,0.0,0.0,0.0,0.0,0.0,0.0,0.0,0.0,1.0,77.0,0.5862068965517241,0.14285714285714285,,,1.0,1.0,1.0,0.0,0.0,0.0,0.0,0.0,1.0,0.0,1.0,0.0,17.0,29.0,1.0,7.0,23.0,35.0,1.0,7.0,0.0,0.0,0.0,0.0,0.0,0.0,0.0,0.0,0.0,0.0,1.0,77.0,0.5862068965517241,0.14285714285714285,,,1.0,1.0,1.0,0.0,0.0,0.0,0.0,0.0,1.0,0.0,1.0,0.0,17.0,29.0,1.0,7.0,23.0,35.0,1.0,7.0,0.0,0.0,0.0,0.0,0.0,0.0,0.0,0.0,0.0,0.0,1.0,77.0,0.5862068965517241,0.14285714285714285,,,4.0,3.0,1.0,0.75,0.25,0.25,0.25,0.25,0.75,0.25,0.25,0.25,0.0,0.25,0.0,0.5,0.25,0.0,0.0,24.75,37.0,7.75,16.0,65.0,78.5,14.5,24.0,1.0,1.75,0.0,0.25,0.5,0.25,0.0,0.0,0.0,0.0,1.0,402.5,0.668918918918919,0.484375,0.5714285714285714,0.0,3.0,1.0,0.3333333333333333,0.3333333333333333,0.3333333333333333,0.0,0.0,0.0,0.6666666666666666,0.0,0.0,0.0,30.0,45.333333333333336,8.0,18.333333333333332,81.0,98.0,10.333333333333334,21.0,0.6666666666666666,1.0,0.0,0.3333333333333333,0.3333333333333333,0.0,0.0,0.0,0.0,0.0,1.0,355.6666666666667,0.6617647058823529,0.43636363636363634,0.6666666666666666,0.0,4.0,0.75,0.25,0.25,0.25,0.0,0.25,0.0,0.5,0.25,0.0,0.0,24.75,37.0,7.75,16.0,65.0,78.5,14.5,24.0,1.0,1.75,0.0,0.25,0.5,0.25,0.0,0.0,0.0,0.0,1.0,402.5,0.668918918918919,0.484375,0.5714285714285714,0.0,4.0,0.75,0.25,0.25,0.25,0.0,0.25,0.0,0.5,0.25,0.0,0.0,24.75,37.0,7.75,16.0,65.0,78.5,14.5,24.0,1.0,1.75,0.0,0.25,0.5,0.25,0.0,0.0,0.0,0.0,1.0,402.5,0.668918918918919,0.484375,0.5714285714285714,0.0,0.0,0.0,0.0,,0.0,1.0,-138.0,,-11.9315537303217,-3.0,-2.0,-1.0,0.25,0.75,-0.25,-0.25,-0.25,0.25,0.75,-0.25,-0.25,0.0,-0.25,0.0,0.5,-0.25,1.0,0.0,-7.75,-8.0,-6.75,-9.0,-42.0,-43.5,-13.5,-17.0,-1.0,-1.75,0.0,-0.25,-0.5,-0.25,0.0,0.0,0.0,0.0,0.0,-325.5,-0.08271202236719488,-0.34151785714285715,,,-2.0,0.0,0.6666666666666667,-0.3333333333333333,-0.3333333333333333,0.0,0.0,0.0,0.33333333333333337,0.0,1.0,0.0,-13.0,-16.333333333333336,-7.0,-11.333333333333332,-58.0,-63.0,-9.333333333333334,-14.0,-0.6666666666666666,-1.0,0.0,-0.3333333333333333,-0.3333333333333333,0.0,0.0,0.0,0.0,0.0,0.0,-278.6666666666667,-0.07555780933062883,-0.2935064935064935,,,-3.0,0.25,0.75,-0.25,-0.25,0.0,-0.25,0.0,0.5,-0.25,1.0,0.0,-7.75,-8.0,-6.75,-9.0,-42.0,-43.5,-13.5,-17.0,-1.0,-1.75,0.0,-0.25,-0.5,-0.25,0.0,0.0,0.0,0.0,0.0,-325.5,-0.08271202236719488,-0.34151785714285715,,,-3.0,0.25,0.75,-0.25,-0.25,0.0,-0.25,0.0,0.5,-0.25,1.0,0.0,-7.75,-8.0,-6.75,-9.0,-42.0,-43.5,-13.5,-17.0,-1.0,-1.75,0.0,-0.25,-0.5,-0.25,0.0,0.0,0.0,0.0,0.0,-325.5,-0.08271202236719488,-0.34151785714285715,,
0473ef44197be419,5bd533d50c8e7b8a,1997-05-30,53e533db1b8e9712,21f2974fd08085e3,Lightweight,0,1,,,,,Unknown,Jack Nilson,,,,,Unknown,Saeed Hosseini,Unknown_vs_Unknown,1.0,0.0,1.0,0.0,0.0,0.0,0.0,1.0,0.0,0.0,0.0,0.0,1.0,0.0,0.0,0.0,1.0,0.0,0.0,0.0,0.0,0.0,0.0,0.0,0.0,0.0,0.0,0.0,0.0,0.0,0.0,0.0,0.0,0.0,0.0,0.0,0.0,0.0,286.0,,,,,1.0,0.0,0.0,0.0,0.0,1.0,0.0,0.0,0.0,1.0,0.0,0.0,0.0,0.0,0.0,0.0,0.0,0.0,0.0,0.0,0.0,0.0,0.0,0.0,0.0,0.0,0.0,0.0,0.0,0.0,0.0,286.0,,,,,1.0,0.0,0.0,0.0,0.0,1.0,0.0,0.0,0.0,1.0,0.0,0.0,0.0,0.0,0.0,0.0,0.0,0.0,0.0,0.0,0.0,0.0,0.0,0.0,0.0,0.0,0.0,0.0,0.0,0.0,0.0,286.0,,,,,1.0,0.0,0.0,0.0,0.0,1.0,0.0,0.0,0.0,1.0,0.0,0.0,0.0,0.0,0.0,0.0,0.0,0.0,0.0,0.0,0.0,0.0,0.0,0.0,0.0,0.0,0.0,0.0,0.0,0.0,0.0,286.0,,,,,0.0,0.0,0.0,,,,,,,,,,,,,,,,,,,,,,,,,,,,,,,,,,,,,,,,,0.0,,,,,,,,,,,,,,,,,,,,,,,,,,,,,,,,,,,,0.0,,,,,,,,,,,,,,,,,,,,,,,,,,,,,,,,,,,,0.0,,,,,,,,,,,,,,,,,,,,,,,,,,,,,,,,,,,,0.0,0.0,0.0,,0.0,,,,,1.0,0.0,1.0,,,,,,,,,,,,,,,,,,,,,,,,,,,,,,,,,,,,,,,,,1.0,,,,,,,,,,,,,,,,,,,,,,,,,,,,,,,,,,,,1.0,,,,,,,,,,,,,,,,,,,,,,,,,,,,,,,,,,,,1.0,,,,,,,,,,,,,,,,,,,,,,,,,,,,,,,,,,,
0e16795e385e76a7,5bd533d50c8e7b8a,1997-05-30,0ee783aa00e468f0,b361180739bed4b0,Heavyweight,0,1,72.0,185.0,74.0,20.161533196440793,Southpaw,Vitor Belfort,72.0,265.0,,32.09308692676249,Switch,David Abbott,Southpaw_vs_Switch,2.0,2.0,0.0,1.0,1.0,0.0,0.0,0.0,1.0,1.0,0.0,0.0,0.0,0.0,0.0,1.0,0.0,1.0,0.0,13.0,20.5,0.5,4.5,16.0,23.5,0.5,4.5,0.0,0.0,0.0,0.0,0.0,0.0,0.0,0.0,0.0,0.0,1.0,60.0,0.6341463414634146,0.1111111111111111,,,2.0,1.0,1.0,0.0,0.0,0.0,0.0,0.0,1.0,0.0,1.0,0.0,13.0,20.5,0.5,4.5,16.0,23.5,0.5,4.5,0.0,0.0,0.0,0.0,0.0,0.0,0.0,0.0,0.0,0.0,1.0,60.0,0.6341463414634146,0.1111111111111111,,,2.0,1.0,1.0,0.0,0.0,0.0,0.0,0.0,1.0,0.0,1.0,0.0,13.0,20.5,0.5,4.5,16.0,23.5,0.5,4.5,0.0,0.0,0.0,0.0,0.0,0.0,0.0,0.0,0.0,0.0,1.0,60.0,0.6341463414634146,0.1111111111111111,,,2.0,1.0,1.0,0.0,0.0,0.0,0.0,0.0,1.0,0.0,1.0,0.0,13.0,20.5,0.5,4.5,16.0,23.5,0.5,4.5,0.0,0.0,0.0,0.0,0.0,0.0,0.0,0.0,0.0,0.0,1.0,60.0,0.6341463414634146,0.1111111111111111,,,10.0,6.0,4.0,0.6,0.4,0.2,0.0,0.2,0.6,0.4,0.2,0.0,0.0,0.2,0.2,0.6,0.2,0.3,0.0,9.7,19.8,13.5,20.1,15.9,27.2,50.1,59.1,0.6,0.9,0.1,0.6,0.4,0.6,0.0,0.0,0.0,0.0,1.1,327.4,0.4898989898989899,0.6716417910447762,0.6666666666666666,0.16666666666666666,3.0,0.6666666666666666,0.6666666666666666,0.0,0.0,0.0,0.3333333333333333,0.0,0.6666666666666666,0.3333333333333333,0.3333333333333333,0.0,8.666666666666666,18.0,4.333333333333333,9.0,12.666666666666666,23.333333333333332,8.0,14.0,0.3333333333333333,0.6666666666666666,0.0,0.0,0.3333333333333333,0.6666666666666666,0.0,0.0,0.0,0.0,1.0,105.33333333333333,0.48148148148148145,0.48148148148148145,0.5,,5.0,0.6,0.4,0.2,0.0,0.0,0.2,0.2,0.6,0.2,0.2,0.0,11.0,22.6,14.6,24.6,16.2,28.6,41.4,52.6,0.4,0.8,0.0,0.2,0.4,0.4,0.0,0.0,0.0,0.0,1.2,184.4,0.48672566371681414,0.5934959349593496,0.5,0.0,10.0,0.6,0.4,0.2,0.0,0.0,0.2,0.2,0.6,0.2,0.3,0.0,9.7,19.8,13.5,20.1,15.9,27.2,50.1,59.1,0.6,0.9,0.1,0.6,0.4,0.6,0.0,0.0,0.0,0.0,1.1,327.4,0.4898989898989899,0.6716417910447762,0.6666666666666666,0.16666666666666666,0.0,0.0,0.0,,0.0,0.0,-80.0,,-11.931553730321696,-8.0,-4.0,-4.0,0.4,0.6,-0.2,0.0,-0.2,0.4,0.6,-0.2,0.0,0.0,-0.2,-0.2,0.4,-0.2,0.7,0.0,3.3000000000000007,0.6999999999999993,-13.0,-15.600000000000001,0.09999999999999964,-3.6999999999999993,-49.6,-54.6,-0.6,-0.9,-0.1,-0.6,-0.4,-0.6,0.0,0.0,0.0,0.0,-0.10000000000000009,-267.4,0.14424735156442475,-0.5605306799336651,,,-1.0,0.33333333333333337,0.33333333333333337,0.0,0.0,0.0,-0.3333333333333333,0.0,0.33333333333333337,-0.3333333333333333,0.6666666666666667,0.0,4.333333333333334,2.5,-3.833333333333333,-4.5,3.333333333333334,0.16666666666666785,-7.5,-9.5,-0.3333333333333333,-0.6666666666666666,0.0,0.0,-0.3333333333333333,-0.6666666666666666,0.0,0.0,0.0,0.0,0.0,-45.33333333333333,0.1526648599819332,-0.37037037037037035,,,-3.0,0.4,0.6,-0.2,0.0,0.0,-0.2,-0.2,0.4,-0.2,0.8,0.0,2.0,-2.1000000000000014,-14.1,-20.1,-0.1999999999999993,-5.100000000000001,-40.9,-48.1,-0.4,-0.8,0.0,-0.2,-0.4,-0.4,0.0,0.0,0.0,0.0,-0.19999999999999996,-124.4,0.1474206777466005,-0.4823848238482385,,,-8.0,0.4,0.6,-0.2,0.0,0.0,-0.2,-0.2,0.4,-0.2,0.7,0.0,3.3000000000000007,0.6999999999999993,-13.0,-15.600000000000001,0.09999999999999964,-3.6999999999999993,-49.6,-54.6,-0.6,-0.9,-0.1,-0.6,-0.4,-0.6,0.0,0.0,0.0,0.0,-0.10000000000000009,-267.4,0.14424735156442475,-0.5605306799336651,,
4165dd0c39926e2f,5bd533d50c8e7b8a,1997-05-30,0aa92558424ced9e,3e514f437c51ce0a,13 Heavyweight Tournament,1,1,73.0,205.0,75.0,33.93839835728953,Orthodox,Randy Couture,73.0,290.0,,,Orthodox,Steven Graham,Orthodox_vs_Orthodox,0.0,0.0,0.0,,,,,,,,,,,,,,,,,,,,,,,,,,,,,,,,,,,,,,,,,0.0,,,,,,,,,,,,,,,,,,,,,,,,,,,,,,,,,,,,0.0,,,,,,,,,,,,,,,,,,,,,,,,,,,,,,,,,,,,0.0,,,,,,,,,,,,,,,,,,,,,,,,,,,,,,,,,,,,0.0,0.0,0.0,,,,,,,,,,,,,,,,,,,,,,,,,,,,,,,,,,,,,,,,,0.0,,,,,,,,,,,,,,,,,,,,,,,,,,,,,,,,,,,,0.0,,,,,,,,,,,,,,,,,,,,,,,,,,,,,,,,,,,,0.0,,,,,,,,,,,,,,,,,,,,,,,,,,,,,,,,,,,,0.0,0.0,0.0,,0.0,0.0,-85.0,,,0.0,0.0,0.0,,,,,,,,,,,,,,,,,,,,,,,,,,,,,,,,,,,,,,,,,0.0,,,,,,,,,,,,,,,,,,,,,,,,,,,,,,,,,,,,0.0,,,,,,,,,,,,,,,,,,,,,,,,,,,,,,,,,,,,0.0,,,,,,,,,,,,,,,,,,,,,,,,,,,,,,,,,,,
45e49fe8d3d1bfb5,5bd533d50c8e7b8a,1997-05-30,946f341df6472ee0,7269329bd87eb479,Lightweight,0,1,73.0,200.0,,29.409993155373034,Orthodox,Guy Mezger,72.0,200.0,,,Southpaw,Christophe Leninger,Orthodox_vs_Southpaw,2.0,2.0,0.0,1.0,1.0,0.0,0.0,0.0,1.0,1.0,0.0,0.0,0.0,0.0,0.0,1.0,0.0,0.5,0.5,15.5,23.5,4.5,8.0,19.0,27.0,7.0,11.0,0.5,0.5,0.0,0.0,0.0,0.0,0.0,0.0,0.0,0.0,1.0,127.5,0.6595744680851063,0.5625,1.0,,2.0,1.0,1.0,0.0,0.0,0.0,0.0,0.0,1.0,0.0,0.5,0.5,15.5,23.5,4.5,8.0,19.0,27.0,7.0,11.0,0.5,0.5,0.0,0.0,0.0,0.0,0.0,0.0,0.0,0.0,1.0,127.5,0.6595744680851063,0.5625,1.0,,2.0,1.0,1.0,0.0,0.0,0.0,0.0,0.0,1.0,0.0,0.5,0.5,15.5,23.5,4.5,8.0,19.0,27.0,7.0,11.0,0.5,0.5,0.0,0.0,0.0,0.0,0.0,0.0,0.0,0.0,1.0,127.5,0.6595744680851063,0.5625,1.0,,2.0,1.0,1.0,0.0,0.0,0.0,0.0,0.0,1.0,0.0,0.5,0.5,15.5,23.5,4.5,8.0,19.0,27.0,7.0,11.0,0.5,0.5,0.0,0.0,0.0,0.0,0.0,0.0,0.0,0.0,1.0,127.5,0.6595744680851063,0.5625,1.0,,1.0,0.0,1.0,0.0,0.0,0.0,0.0,1.0,0.0,0.0,0.0,0.0,1.0,0.0,0.0,0.0,1.0,0.0,0.0,1.0,2.0,8.0,9.0,21.0,23.0,16.0,20.0,0.0,0.0,1.0,1.0,0.0,0.0,0.0,0.0,0.0,0.0,1.0,289.0,0.5,0.8888888888888888,,1.0,1.0,0.0,0.0,0.0,0.0,1.0,0.0,0.0,0.0,1.0,0.0,0.0,1.0,2.0,8.0,9.0,21.0,23.0,16.0,20.0,0.0,0.0,1.0,1.0,0.0,0.0,0.0,0.0,0.0,0.0,1.0,289.0,0.5,0.8888888888888888,,1.0,1.0,0.0,0.0,0.0,0.0,1.0,0.0,0.0,0.0,1.0,0.0,0.0,1.0,2.0,8.0,9.0,21.0,23.0,16.0,20.0,0.0,0.0,1.0,1.0,0.0,0.0,0.0,0.0,0.0,0.0,1.0,289.0,0.5,0.8888888888888888,,1.0,1.0,0.0,0.0,0.0,0.0,1.0,0.0,0.0,0.0,1.0,0.0,0.0,1.0,2.0,8.0,9.0,21.0,23.0,16.0,20.0,0.0,0.0,1.0,1.0,0.0,0.0,0.0,0.0,0.0,0.0,1.0,289.0,0.5,0.8888888888888888,,1.0,0.0,0.0,0.0,,0.0,1.0,0.0,,,1.0,2.0,-1.0,1.0,1.0,0.0,0.0,-1.0,1.0,1.0,0.0,0.0,-1.0,0.0,0.0,1.0,-1.0,0.5,0.5,14.5,21.5,-3.5,-1.0,-2.0,4.0,-9.0,-9.0,0.5,0.5,-1.0,-1.0,0.0,0.0,0.0,0.0,0.0,0.0,0.0,-161.5,0.15957446808510634,-0.32638888888888884,,,1.0,1.0,1.0,0.0,0.0,-1.0,0.0,0.0,1.0,-1.0,0.5,0.5,14.5,21.5,-3.5,-1.0,-2.0,4.0,-9.0,-9.0,0.5,0.5,-1.0,-1.0,0.0,0.0,0.0,0.0,0.0,0.0,0.0,-161.5,0.15957446808510634,-0.32638888888888884,,,1.0,1.0,1.0,0.0,0.0,-1.0,0.0,0.0,1.0,-1.0,0.5,0.5,14.5,21.5,-3.5,-1.0,-2.0,4.0,-9.0,-9.0,0.5,0.5,-1.0,-1.0,0.0,0.0,0.0,0.0,0.0,0.0,0.0,-161.5,0.15957446808510634,-0.32638888888888884,,,1.0,1.0,1.0,0.0,0.0,-1.0,0.0,0.0,1.0,-1.0,0.5,0.5,14.5,21.5,-3.5,-1.0,-2.0,4.0,-9.0,-9.0,0.5,0.5,-1.0,-1.0,0.0,0.0,0.0,0.0,0.0,0.0,0.0,-161.5,0.15957446808510634,-0.32638888888888884,,
75d16f9eae9c6ea6,5bd533d50c8e7b8a,1997-05-30,0aa92558424ced9e,bad28b7b34f334de,Heavyweight,0,1,73.0,205.0,75.0,33.93839835728953,Orthodox,Randy Couture,75.0,300.0,,34.39561943874059,Orthodox,Tony Halme,Orthodox_vs_Orthodox,1.0,1.0,0.0,1.0,1.0,0.0,0.0,0.0,1.0,1.0,0.0,0.0,0.0,0.0,0.0,1.0,0.0,0.0,0.0,16.0,19.0,0.0,0.0,25.0,28.0,1.0,1.0,1.0,1.0,0.0,0.0,0.0,0.0,0.0,0.0,0.0,0.0,1.0,193.0,0.8421052631578947,,1.0,,1.0,1.0,1.0,0.0,0.0,0.0,0.0,0.0,1.0,0.0,0.0,0.0,16.0,19.0,0.0,0.0,25.0,28.0,1.0,1.0,1.0,1.0,0.0,0.0,0.0,0.0,0.0,0.0,0.0,0.0,1.0,193.0,0.8421052631578947,,1.0,,1.0,1.0,1.0,0.0,0.0,0.0,0.0,0.0,1.0,0.0,0.0,0.0,16.0,19.0,0.0,0.0,25.0,28.0,1.0,1.0,1.0,1.0,0.0,0.0,0.0,0.0,0.0,0.0,0.0,0.0,1.0,193.0,0.8421052631578947,,1.0,,1.0,1.0,1.0,0.0,0.0,0.0,0.0,0.0,1.0,0.0,0.0,0.0,16.0,19.0,0.0,0.0,25.0,28.0,1.0,1.0,1.0,1.0,0.0,0.0,0.0,0.0,0.0,0.0,0.0,0.0,1.0,193.0,0.8421052631578947,,1.0,,0.0,0.0,0.0,,,,,,,,,,,,,,,,,,,,,,,,,,,,,,,,,,,,,,,,,0.0,,,,,,,,,,,,,,,,,,,,,,,,,,,,,,,,,,,,0.0,,,,,,,,,,,,,,,,,,,,,,,,,,,,,,,,,,,,0.0,,,,,,,,,,,,,,,,,,,,,,,,,,,,,,,,,,,,0.0,0.0,0.0,,0.0,-2.0,-95.0,,-0.4572210814510598,1.0,1.0,0.0,,,,,,,,,,,,,,,,,,,,,,,,,,,,,,,,,,,,,,,,,1.0,,,,,,,,,,,,,,,,,,,,,,,,,,,,,,,,,,,,1.0,,,,,,,,,,,,,,,,,,,,,,,,,,,,,,,,,,,,1.0,,,,,,,,,,,,,,,,,,,,,,,,,,,,,,,,,,,
86f566f142593667,5bd533d50c8e7b8a,1997-05-30,946f341df6472ee0,2f732dd9210d301f,13 Lightweight Tournament,1,1,73.0,200.0,,29.409993155373034,Orthodox,Guy Mezger,75.0,205.0,74.0,22.349075975359344,Orthodox,Tito Ortiz,Orthodox_vs_Orthodox,3.0,3.0,0.0,1.0,0.6666666666666666,0.0,0.3333333333333333,0.0,1.0,0.6666666666666666,0.0,0.3333333333333333,0.0,0.0,0.0,0.6666666666666666,0.0,0.3333333333333333,0.3333333333333333,22.0,33.666666666666664,4.0,10.666666666666666,41.333333333333336,54.666666666666664,10.666666666666666,18.0,0.3333333333333333,0.3333333333333333,0.0,0.6666666666666666,0.0,0.3333333333333333,0.0,0.0,0.0,0.0,1.3333333333333333,245.0,0.6534653465346535,0.375,1.0,0.0,3.0,1.0,0.6666666666666666,0.0,0.3333333333333333,0.0,0.0,0.0,0.6666666666666666,0.0,0.3333333333333333,0.3333333333333333,22.0,33.666666666666664,4.0,10.666666666666666,41.333333333333336,54.666666666666664,10.666666666666666,18.0,0.3333333333333333,0.3333333333333333,0.0,0.6666666666666666,0.0,0.3333333333333333,0.0,0.0,0.0,0.0,1.3333333333333333,245.0,0.6534653465346535,0.375,1.0,0.0,3.0,1.0,0.6666666666666666,0.0,0.3333333333333333,0.0,0.0,0.0,0.6666666666666666,0.0,0.3333333333333333,0.3333333333333333,22.0,33.666666666666664,4.0,10.666666666666666,41.333333333333336,54.666666666666664,10.666666666666666,18.0,0.3333333333333333,0.3333333333333333,0.0,0.6666666666666666,0.0,0.3333333333333333,0.0,0.0,0.0,0.0,1.3333333333333333,245.0,0.6534653465346535,0.375,1.0,0.0,3.0,1.0,0.6666666666666666,0.0,0.3333333333333333,0.0,0.0,0.0,0.6666666666666666,0.0,0.3333333333333333,0.3333333333333333,22.0,33.666666666666664,4.0,10.666666666666666,41.333333333333336,54.666666666666664,10.666666666666666,18.0,0.3333333333333333,0.3333333333333333,0.0,0.6666666666666666,0.0,0.3333333333333333,0.0,0.0,0.0,0.0,1.3333333333333333,245.0,0.6534653465346535,0.375,1.0,0.0,0.0,0.0,0.0,,,,,,,,,,,,,,,,,,,,,,,,,,,,,,,,,,,,,,,,,0.0,,,,,,,,,,,,,,,,,,,,,,,,,,,,,,,,,,,,0.0,,,,,,,,,,,,,,,,,,,,,,,,,,,,,,,,,,,,0.0,,,,,,,,,,,,,,,,,,,,,,,,,,,,,,,,,,,,0.0,0.0,0.0,,0.0,-2.0,-5.0,,7.060917180013689,3.0,3.0,0.0,,,,,,,,,,,,,,,,,,,,,,,,,,,,,,,,,,,,,,,,,3.0,,,,,,,,,,,,,,,,,,,,,,,,,,,,,,,,,,,,3.0,,,,,,,,,,,,,,,,,,,,,,,,,,,,,,,,,,,,3.0,,,,,,,,,,,,,,,,,,,,,,,,,,,,,,,,,,,
90557b479ce1c2a7,5bd533d50c8e7b8a,1997-05-30,0cf935519d439ba6,669a3cb6e394f515,Lightweight,0,1,70.0,210.0,,30.12457221081451,Orthodox,Enson Inoue,70.0,199.0,,32.23271731690623,Orthodox,Royce Alger,Orthodox_vs_Orthodox,0.0,0.0,0.0,,,,,,,,,,,,,,,,,,,,,,,,,,,,,,,,,,,,,,,,,0.0,,,,,,,,,,,,,,,,,,,,,,,,,,,,,,,,,,,,0.0,,,,,,,,,,,,,,,,,,,,,,,,,,,,,,,,,,,,0.0,,,,,,,,,,,,,,,,,,,,,,,,,,,,,,,,,,,,0.0,0.0,0.0,,,,,,,,,,,,,,,,,,,,,,,,,,,,,,,,,,,,,,,,,0.0,,,,,,,,,,,,,,,,,,,,,,,,,,,,,,,,,,,,0.0,,,,,,,,,,,,,,,,,,,,,,,,,,,,,,,,,,,,0.0,,,,,,,,,,,,,,,,,,,,,,,,,,,,,,,,,,,,0.0,0.0,0.0,,0.0,0.0,11.0,,-2.1081451060917225,0.0,0.0,0.0,,,,,,,,,,,,,,,,,,,,,,,,,,,,,,,,,,,,,,,,,0.0,,,,,,,,,,,,,,,,,,,,,,,,,,,,,,,,,,,,0.0,,,,,,,,,,,,,,,,,,,,,,,,,,,,,,,,,,,,0.0,,,,,,,,,,,,,,,,,,,,,,,,,,,,,,,,,,,
e3255c742fff811c,5bd533d50c8e7b8a,1997-05-30,3e514f437c51ce0a,738acab0c6934dd8,Heavyweight,0,1,73.0,290.0,,,Orthodox,Steven Graham,75.0,217.0,,,Orthodox,Dmitri Stepanov,Orthodox_vs_Orthodox,1.0,0.0,1.0,0.0,0.0,0.0,0.0,1.0,0.0,0.0,0.0,0.0,1.0,0.0,0.0,0.0,1.0,0.0,0.0,0.0,0.0,16.0,19.0,1.0,1.0,25.0,28.0,0.0,0.0,1.0,1.0,0.0,0.0,0.0,0.0,0.0,0.0,1.0,193.0,,0.8421052631578947,,1.0,1.0,0.0,0.0,0.0,0.0,1.0,0.0,0.0,0.0,1.0,0.0,0.0,0.0,0.0,16.0,19.0,1.0,1.0,25.0,28.0,0.0,0.0,1.0,1.0,0.0,0.0,0.0,0.0,0.0,0.0,1.0,193.0,,0.8421052631578947,,1.0,1.0,0.0,0.0,0.0,0.0,1.0,0.0,0.0,0.0,1.0,0.0,0.0,0.0,0.0,16.0,19.0,1.0,1.0,25.0,28.0,0.0,0.0,1.0,1.0,0.0,0.0,0.0,0.0,0.0,0.0,1.0,193.0,,0.8421052631578947,,1.0,1.0,0.0,0.0,0.0,0.0,1.0,0.0,0.0,0.0,1.0,0.0,0.0,0.0,0.0,16.0,19.0,1.0,1.0,25.0,28.0,0.0,0.0,1.0,1.0,0.0,0.0,0.0,0.0,0.0,0.0,1.0,193.0,,0.8421052631578947,,1.0,0.0,0.0,0.0,,,,,,,,,,,,,,,,,,,,,,,,,,,,,,,,,,,,,,,,,0.0,,,,,,,,,,,,,,,,,,,,,,,,,,,,,,,,,,,,0.0,,,,,,,,,,,,,,,,,,,,,,,,,,,,,,,,,,,,0.0,,,,,,,,,,,,,,,,,,,,,,,,,,,,,,,,,,,,0.0,0.0,0.0,,0.0,-2.0,73.0,,,1.0,0.0,1.0,,,,,,,,,,,,,,,,,,,,,,,,,,,,,,,,,,,,,,,,,1.0,,,,,,,,,,,,,,,,,,,,,,,,,,,,,,,,,,,,1.0,,,,,,,,,,,,,,,,,,,,,,,,,,,,,,,,,,,,1.0,,,,,,,,,,,,,,,,,,,,,,,,,,,,,,,,,,,
f3c33d0b7a087eaf,5bd533d50c8e7b8a,1997-05-30,2f732dd9210d301f,184b955181bdef52,Lightweight,0,1,75.0,205.0,74.0,22.349075975359344,Orthodox,Tito Ortiz,70.0,188.0,,,Orthodox,Wes Albritton,Orthodox_vs_Orthodox,1.0,0.0,1.0,0.0,0.0,0.0,0.0,1.0,0.0,0.0,0.0,0.0,0.0,1.0,0.0,0.0,1.0,0.0,0.0,5.0,19.0,0.0,5.0,19.0,33.0,0.0,5.0,1.0,1.0,0.0,1.0,0.0,1.0,0.0,0.0,0.0,0.0,1.0,120.0,0.2631578947368421,0.0,1.0,0.0,1.0,0.0,0.0,0.0,0.0,0.0,1.0,0.0,0.0,1.0,0.0,0.0,5.0,19.0,0.0,5.0,19.0,33.0,0.0,5.0,1.0,1.0,0.0,1.0,0.0,1.0,0.0,0.0,0.0,0.0,1.0,120.0,0.2631578947368421,0.0,1.0,0.0,1.0,0.0,0.0,0.0,0.0,0.0,1.0,0.0,0.0,1.0,0.0,0.0,5.0,19.0,0.0,5.0,19.0,33.0,0.0,5.0,1.0,1.0,0.0,1.0,0.0,1.0,0.0,0.0,0.0,0.0,1.0,120.0,0.2631578947368421,0.0,1.0,0.0,1.0,0.0,0.0,0.0,0.0,0.0,1.0,0.0,0.0,1.0,0.0,0.0,5.0,19.0,0.0,5.0,19.0,33.0,0.0,5.0,1.0,1.0,0.0,1.0,0.0,1.0,0.0,0.0,0.0,0.0,1.0,120.0,0.2631578947368421,0.0,1.0,0.0,0.0,0.0,0.0,,,,,,,,,,,,,,,,,,,,,,,,,,,,,,,,,,,,,,,,,0.0,,,,,,,,,,,,,,,,,,,,,,,,,,,,,,,,,,,,0.0,,,,,,,,,,,,,,,,,,,,,,,,,,,,,,,,,,,,0.0,,,,,,,,,,,,,,,,,,,,,,,,,,,,,,,,,,,,0.0,0.0,0.0,,0.0,5.0,17.0,,,1.0,0.0,1.0,,,,,,,,,,,,,,,,,,,,,,,,,,,,,,,,,,,,,,,,,1.0,,,,,,,,,,,,,,,,,,,,,,,,,,,,,,,,,,,,1.0,,,,,,,,,,,,,,,,,,,,,,,,,,,,,,,,,,,,1.0,,,,,,,,,,,,,,,,,,,,,,,,,,,,,,,,,,,
e56d23dd63a0b0ec,a6fd2173d5e2d7f0,1997-06-15,1ccf4e7caff270df,3746e21bb508391a,Open Weight,0,1,71.0,185.0,74.0,26.809034907597535,Orthodox,Dan Henderson,,170.0,,,Orthodox,Crezio de Souza,Orthodox_vs_Orthodox,0.0,0.0,0.0,,,,,,,,,,,,,,,,,,,,,,,,,,,,,,,,,,,,,,,,,0.0,,,,,,,,,,,,,,,,,,,,,,,,,,,,,,,,,,,,0.0,,,,,,,,,,,,,,,,,,,,,,,,,,,,,,,,,,,,0.0,,,,,,,,,,,,,,,,,,,,,,,,,,,,,,,,,,,,0.0,0.0,0.0,,,,,,,,,,,,,,,,,,,,,,,,,,,,,,,,,,,,,,,,,0.0,,,,,,,,,,,,,,,,,,,,,,,,,,,,,,,,,,,,0.0,,,,,,,,,,,,,,,,,,,,,,,,,,,,,,,,,,,,0.0,,,,,,,,,,,,,,,,,,,,,,,,,,,,,,,,,,,,0.0,0.0,0.0,,0.0,,15.0,,,0.0,0.0,0.0,,,,,,,,,,,,,,,,,,,,,,,,,,,,,,,,,,,,,,,,,0.0,,,,,,,,,,,,,,,,,,,,,,,,,,,,,,,,,,,,0.0,,,,,,,,,,,,,,,,,,,,,,,,,,,,,,,,,,,,0.0,,,,,,,,,,,,,,,,,,,,,,,,,,,,,,,,,,,
e83fd204d6c01e84,a6fd2173d5e2d7f0,1997-06-15,1ccf4e7caff270df,9114c8ded5ccd71d,Open Weight,0,1,71.0,185.0,74.0,26.809034907597535,Orthodox,Dan Henderson,,,,,Southpaw,Eric Smith,Orthodox_vs_Southpaw,1.0,1.0,0.0,1.0,1.0,0.0,0.0,0.0,1.0,1.0,0.0,0.0,0.0,0.0,0.0,1.0,0.0,0.0,0.0,10.0,26.0,3.0,6.0,20.0,36.0,22.0,25.0,0.0,0.0,1.0,4.0,0.0,0.0,1.0,0.0,0.0,0.0,1.0,325.0,0.38461538461538464,0.5,,0.25,1.0,1.0,1.0,0.0,0.0,0.0,0.0,0.0,1.0,0.0,0.0,0.0,10.0,26.0,3.0,6.0,20.0,36.0,22.0,25.0,0.0,0.0,1.0,4.0,0.0,0.0,1.0,0.0,0.0,0.0,1.0,325.0,0.38461538461538464,0.5,,0.25,1.0,1.0,1.0,0.0,0.0,0.0,0.0,0.0,1.0,0.0,0.0,0.0,10.0,26.0,3.0,6.0,20.0,36.0,22.0,25.0,0.0,0.0,1.0,4.0,0.0,0.0,1.0,0.0,0.0,0.0,1.0,325.0,0.38461538461538464,0.5,,0.25,1.0,1.0,1.0,0.0,0.0,0.0,0.0,0.0,1.0,0.0,0.0,0.0,10.0,26.0,3.0,6.0,20.0,36.0,22.0,25.0,0.0,0.0,1.0,4.0,0.0,0.0,1.0,0.0,0.0,0.0,1.0,325.0,0.38461538461538464,0.5,,0.25,0.0,0.0,0.0,,,,,,,,,,,,,,,,,,,,,,,,,,,,,,,,,,,,,,,,,0.0,,,,,,,,,,,,,,,,,,,,,,,,,,,,,,,,,,,,0.0,,,,,,,,,,,,,,,,,,,,,,,,,,,,,,,,,,,,0.0,,,,,,,,,,,,,,,,,,,,,,,,,,,,,,,,,,,,0.0,0.0,0.0,,0.0,,,,,1.0,1.0,0.0,,,,,,,,,,,,,,,,,,,,,,,,,,,,,,,,,,,,,,,,,1.0,,,,,,,,,,,,,,,,,,,,,,,,,,,,,,,,,,,,1.0,,,,,,,,,,,,,,,,,,,,,,,,,,,,,,,,,,,,1.0,,,,,,,,,,,,,,,,,,,,,,,,,,,,,,,,,,,
1586c14f26880553,dc950d59dc590aca,1997-07-27,253de74457bd6374,8788beb528894f33,Lightweight,0,1,72.0,185.0,,26.338124572210816,Orthodox,Tony Fryklund,71.0,178.0,,,Southpaw,Donnie Chappell,Orthodox_vs_Southpaw,0.0,0.0,0.0,,,,,,,,,,,,,,,,,,,,,,,,,,,,,,,,,,,,,,,,,0.0,,,,,,,,,,,,,,,,,,,,,,,,,,,,,,,,,,,,0.0,,,,,,,,,,,,,,,,,,,,,,,,,,,,,,,,,,,,0.0,,,,,,,,,,,,,,,,,,,,,,,,,,,,,,,,,,,,0.0,0.0,0.0,,,,,,,,,,,,,,,,,,,,,,,,,,,,,,,,,,,,,,,,,0.0,,,,,,,,,,,,,,,,,,,,,,,,,,,,,,,,,,,,0.0,,,,,,,,,,,,,,,,,,,,,,,,,,,,,,,,,,,,0.0,,,,,,,,,,,,,,,,,,,,,,,,,,,,,,,,,,,,0.0,0.0,0.0,,0.0,1.0,7.0,,,0.0,0.0,0.0,,,,,,,,,,,,,,,,,,,,,,,,,,,,,,,,,,,,,,,,,0.0,,,,,,,,,,,,,,,,,,,,,,,,,,,,,,,,,,,,0.0,,,,,,,,,,,,,,,,,,,,,,,,,,,,,,,,,,,,0.0,,,,,,,,,,,,,,,,,,,,,,,,,,,,,,,,,,,
1a5171802bf3bce6,dc950d59dc590aca,1997-07-27,33e33d51f289d2a1,21b8a0f5c231096f,Heavyweight,1,1,74.0,221.0,,35.619438740588635,Orthodox,Maurice Smith,73.0,205.0,75.0,32.59958932238193,Orthodox,Mark Coleman,Orthodox_vs_Orthodox,0.0,0.0,0.0,,,,,,,,,,,,,,,,,,,,,,,,,,,,,,,,,,,,,,,,,0.0,,,,,,,,,,,,,,,,,,,,,,,,,,,,,,,,,,,,0.0,,,,,,,,,,,,,,,,,,,,,,,,,,,,,,,,,,,,0.0,,,,,,,,,,,,,,,,,,,,,,,,,,,,,,,,,,,,6.0,6.0,0.0,1.0,0.5,0.5,0.0,0.0,1.0,0.5,0.5,0.0,0.0,0.0,0.0,1.0,0.0,0.0,0.0,18.666666666666668,27.833333333333332,1.5,3.8333333333333335,32.666666666666664,44.0,10.5,13.333333333333334,1.3333333333333333,1.8333333333333333,0.0,0.8333333333333334,1.0,0.0,0.0,0.16666666666666666,0.0,0.0,1.0,273.1666666666667,0.6706586826347305,0.391304347826087,0.7272727272727273,0.0,3.0,1.0,0.3333333333333333,0.6666666666666666,0.0,0.0,0.0,0.0,1.0,0.0,0.0,0.0,6.666666666666667,9.666666666666666,1.6666666666666667,3.0,13.666666666666666,17.0,6.333333333333333,8.0,0.6666666666666666,0.6666666666666666,0.0,1.0,1.3333333333333333,0.0,0.0,0.0,0.0,0.0,1.0,120.66666666666667,0.6896551724137931,0.5555555555555556,1.0,0.0,5.0,1.0,0.4,0.6,0.0,0.0,0.0,0.0,1.0,0.0,0.0,0.0,15.6,21.4,1.6,3.4,25.0,31.8,9.2,11.6,1.0,1.2,0.0,0.6,0.8,0.0,0.0,0.0,0.0,0.0,1.0,189.0,0.7289719626168224,0.47058823529411764,0.8333333333333334,0.0,6.0,1.0,0.5,0.5,0.0,0.0,0.0,0.0,1.0,0.0,0.0,0.0,18.666666666666668,27.833333333333332,1.5,3.8333333333333335,32.666666666666664,44.0,10.5,13.333333333333334,1.3333333333333333,1.8333333333333333,0.0,0.8333333333333334,1.0,0.0,0.0,0.16666666666666666,0.0,0.0,1.0,273.1666666666667,0.6706586826347305,0.391304347826087,0.7272727272727273,0.0,0.0,0.0,0.0,,0.0,1.0,16.0,,3.0198494182067037,-6.0,-6.0,0.0,,,,,,,,,,,,,,,,,,,,,,,,,,,,,,,,,,,,,,,,,-3.0,,,,,,,,,,,,,,,,,,,,,,,,,,,,,,,,,,,,-5.0,,,,,,,,,,,,,,,,,,,,,,,,,,,,,,,,,,,,-6.0,,,,,,,,,,,,,,,,,,,,,,,,,,,,,,,,,,,
1f561a3e35a9b48a,dc950d59dc590aca,1997-07-27,a7b48e18ca27795d,f348d05403fad037,14 Heavyweight Tournament,1,1,75.0,266.0,,28.5968514715948,Switch,Mark Kerr,74.0,345.0,,27.498973305954827,Southpaw,Dan Bobish,Switch_vs_Southpaw,0.0,0.0,0.0,,,,,,,,,,,,,,,,,,,,,,,,,,,,,,,,,,,,,,,,,0.0,,,,,,,,,,,,,,,,,,,,,,,,,,,,,,,,,,,,0.0,,,,,,,,,,,,,,,,,,,,,,,,,,,,,,,,,,,,0.0,,,,,,,,,,,,,,,,,,,,,,,,,,,,,,,,,,,,0.0,0.0,0.0,,,,,,,,,,,,,,,,,,,,,,,,,,,,,,,,,,,,,,,,,0.0,,,,,,,,,,,,,,,,,,,,,,,,,,,,,,,,,,,,0.0,,,,,,,,,,,,,,,,,,,,,,,,,,,,,,,,,,,,0.0,,,,,,,,,,,,,,,,,,,,,,,,,,,,,,,,,,,,0.0,0.0,0.0,,0.0,1.0,-79.0,,1.0978781656399725,0.0,0.0,0.0,,,,,,,,,,,,,,,,,,,,,,,,,,,,,,,,,,,,,,,,,0.0,,,,,,,,,,,,,,,,,,,,,,,,,,,,,,,,,,,,0.0,,,,,,,,,,,,,,,,,,,,,,,,,,,,,,,,,,,,0.0,,,,,,,,,,,,,,,,,,,,,,,,,,,,,,,,,,,
3f6c0a76407e1863,dc950d59dc590aca,1997-07-27,f348d05403fad037,1c3f5e85b59ec710,Heavyweight,0,1,74.0,345.0,,27.498973305954827,Southpaw,Dan Bobish,75.0,230.0,,28.996577686516083,Orthodox,Brian Johnston,Southpaw_vs_Orthodox,1.0,0.0,1.0,0.0,0.0,0.0,0.0,1.0,0.0,0.0,0.0,0.0,0.0,1.0,0.0,0.0,1.0,0.0,0.0,0.0,1.0,3.0,6.0,6.0,7.0,3.0,7.0,0.0,0.0,1.0,1.0,0.0,0.0,0.0,0.0,0.0,0.0,1.0,98.0,0.0,0.5,,1.0,1.0,0.0,0.0,0.0,0.0,0.0,1.0,0.0,0.0,1.0,0.0,0.0,0.0,1.0,3.0,6.0,6.0,7.0,3.0,7.0,0.0,0.0,1.0,1.0,0.0,0.0,0.0,0.0,0.0,0.0,1.0,98.0,0.0,0.5,,1.0,1.0,0.0,0.0,0.0,0.0,0.0,1.0,0.0,0.0,1.0,0.0,0.0,0.0,1.0,3.0,6.0,6.0,7.0,3.0,7.0,0.0,0.0,1.0,1.0,0.0,0.0,0.0,0.0,0.0,0.0,1.0,98.0,0.0,0.5,,1.0,1.0,0.0,0.0,0.0,0.0,0.0,1.0,0.0,0.0,1.0,0.0,0.0,0.0,1.0,3.0,6.0,6.0,7.0,3.0,7.0,0.0,0.0,1.0,1.0,0.0,0.0,0.0,0.0,0.0,0.0,1.0,98.0,0.0,0.5,,1.0,5.0,2.0,3.0,0.4,0.4,0.0,0.0,0.6,0.4,0.4,0.0,0.0,0.4,0.2,0.0,0.4,0.6,0.0,0.0,4.6,8.6,9.0,13.8,12.8,17.4,27.6,33.6,0.4,0.6,0.6,0.8,0.2,0.2,0.2,0.0,0.0,0.0,1.0,187.6,0.5348837209302325,0.6521739130434783,0.6666666666666666,0.75,3.0,0.3333333333333333,0.3333333333333333,0.0,0.0,0.3333333333333333,0.3333333333333333,0.0,0.3333333333333333,0.6666666666666666,0.0,0.0,3.3333333333333335,5.333333333333333,10.333333333333334,16.333333333333332,7.666666666666667,10.333333333333334,30.333333333333332,37.666666666666664,0.3333333333333333,0.3333333333333333,0.6666666666666666,1.0,0.0,0.3333333333333333,0.0,0.0,0.0,0.0,1.0,172.0,0.625,0.6326530612244898,1.0,0.6666666666666666,5.0,0.4,0.4,0.0,0.0,0.4,0.2,0.0,0.4,0.6,0.0,0.0,4.6,8.6,9.0,13.8,12.8,17.4,27.6,33.6,0.4,0.6,0.6,0.8,0.2,0.2,0.2,0.0,0.0,0.0,1.0,187.6,0.5348837209302325,0.6521739130434783,0.6666666666666666,0.75,5.0,0.4,0.4,0.0,0.0,0.4,0.2,0.0,0.4,0.6,0.0,0.0,4.6,8.6,9.0,13.8,12.8,17.4,27.6,33.6,0.4,0.6,0.6,0.8,0.2,0.2,0.2,0.0,0.0,0.0,1.0,187.6,0.5348837209302325,0.6521739130434783,0.6666666666666666,0.75,0.0,0.0,0.0,,0.0,-1.0,115.0,,-1.4976043805612562,-4.0,-2.0,-2.0,-0.4,-0.4,0.0,0.0,0.4,-0.4,-0.4,0.0,0.0,-0.4,0.8,0.0,-0.4,0.4,0.0,0.0,-4.6,-7.6,-6.0,-7.800000000000001,-6.800000000000001,-10.399999999999999,-24.6,-26.6,-0.4,-0.6,0.4,0.19999999999999996,-0.2,-0.2,-0.2,0.0,0.0,0.0,0.0,-89.6,-0.5348837209302325,-0.15217391304347827,,0.25,-2.0,-0.3333333333333333,-0.3333333333333333,0.0,0.0,-0.3333333333333333,0.6666666666666667,0.0,-0.3333333333333333,0.33333333333333337,0.0,0.0,-3.3333333333333335,-4.333333333333333,-7.333333333333334,-10.333333333333332,-1.666666666666667,-3.333333333333334,-27.333333333333332,-30.666666666666664,-0.3333333333333333,-0.3333333333333333,0.33333333333333337,0.0,0.0,-0.3333333333333333,0.0,0.0,0.0,0.0,0.0,-74.0,-0.625,-0.13265306122448983,,0.33333333333333337,-4.0,-0.4,-0.4,0.0,0.0,-0.4,0.8,0.0,-0.4,0.4,0.0,0.0,-4.6,-7.6,-6.0,-7.800000000000001,-6.800000000000001,-10.399999999999999,-24.6,-26.6,-0.4,-0.6,0.4,0.19999999999999996,-0.2,-0.2,-0.2,0.0,0.0,0.0,0.0,-89.6,-0.5348837209302325,-0.15217391304347827,,0.25,-4.0,-0.4,-0.4,0.0,0.0,-0.4,0.8,0.0,-0.4,0.4,0.0,0.0,-4.6,-7.6,-6.0,-7.800000000000001,-6.800000000000001,-10.399999999999999,-24.6,-26.6,-0.4,-0.6,0.4,0.19999999999999996,-0.2,-0.2,-0.2,0.0,0.0,0.0,0.0,-89.6,-0.5348837209302325,-0.15217391304347827,,0.25
6158150558be0edf,dc950d59dc590aca,1997-07-27,df85d6ec3493d120,4679a38cced7c64a,Lightweight,0,1,71.0,195.0,,36.06570841889117,Southpaw,Joe Moreira,76.0,197.0,,33.869952087611225,Southpaw,Yuri Vaulin,Southpaw_vs_Southpaw,1.0,0.0,1.0,0.0,0.0,0.0,0.0,0.0,0.0,0.0,0.0,0.0,0.0,0.0,1.0,0.0,0.0,0.0,0.0,12.0,28.0,9.0,38.0,12.0,28.0,20.0,51.0,0.0,3.0,0.0,0.0,0.0,0.0,0.0,0.0,0.0,0.0,1.0,600.0,0.42857142857142855,0.23684210526315788,0.0,,1.0,0.0,0.0,0.0,0.0,0.0,0.0,1.0,0.0,0.0,0.0,0.0,12.0,28.0,9.0,38.0,12.0,28.0,20.0,51.0,0.0,3.0,0.0,0.0,0.0,0.0,0.0,0.0,0.0,0.0,1.0,600.0,0.42857142857142855,0.23684210526315788,0.0,,1.0,0.0,0.0,0.0,0.0,0.0,0.0,1.0,0.0,0.0,0.0,0.0,12.0,28.0,9.0,38.0,12.0,28.0,20.0,51.0,0.0,3.0,0.0,0.0,0.0,0.0,0.0,0.0,0.0,0.0,1.0,600.0,0.42857142857142855,0.23684210526315788,0.0,,1.0,0.0,0.0,0.0,0.0,0.0,0.0,1.0,0.0,0.0,0.0,0.0,12.0,28.0,9.0,38.0,12.0,28.0,20.0,51.0,0.0,3.0,0.0,0.0,0.0,0.0,0.0,0.0,0.0,0.0,1.0,600.0,0.42857142857142855,0.23684210526315788,0.0,,0.0,0.0,0.0,,,,,,,,,,,,,,,,,,,,,,,,,,,,,,,,,,,,,,,,,0.0,,,,,,,,,,,,,,,,,,,,,,,,,,,,,,,,,,,,0.0,,,,,,,,,,,,,,,,,,,,,,,,,,,,,,,,,,,,0.0,,,,,,,,,,,,,,,,,,,,,,,,,,,,,,,,,,,,0.0,0.0,0.0,,0.0,-5.0,-2.0,,2.195756331279945,1.0,0.0,1.0,,,,,,,,,,,,,,,,,,,,,,,,,,,,,,,,,,,,,,,,,1.0,,,,,,,,,,,,,,,,,,,,,,,,,,,,,,,,,,,,1.0,,,,,,,,,,,,,,,,,,,,,,,,,,,,,,,,,,,,1.0,,,,,,,,,,,,,,,,,,,,,,,,,,,,,,,,,,,
c92596c3143db25b,dc950d59dc590aca,1997-07-27,13b2f59210dda9cc,253de74457bd6374,14 Middleweight Tournament,1,1,70.0,199.0,,32.668035592060235,Switch,Kevin Jackson,72.0,185.0,,26.338124572210816,Orthodox,Tony Fryklund,Switch_vs_Orthodox,0.0,0.0,0.0,,,,,,,,,,,,,,,,,,,,,,,,,,,,,,,,,,,,,,,,,0.0,,,,,,,,,,,,,,,,,,,,,,,,,,,,,,,,,,,,0.0,,,,,,,,,,,,,,,,,,,,,,,,,,,,,,,,,,,,0.0,,,,,,,,,,,,,,,,,,,,,,,,,,,,,,,,,,,,1.0,1.0,0.0,1.0,0.0,1.0,0.0,0.0,1.0,0.0,1.0,0.0,0.0,0.0,0.0,1.0,0.0,0.0,0.0,5.0,8.0,0.0,2.0,11.0,15.0,5.0,8.0,1.0,1.0,0.0,0.0,1.0,0.0,0.0,0.0,0.0,0.0,1.0,91.0,0.625,0.0,1.0,,1.0,1.0,0.0,1.0,0.0,0.0,0.0,0.0,1.0,0.0,0.0,0.0,5.0,8.0,0.0,2.0,11.0,15.0,5.0,8.0,1.0,1.0,0.0,0.0,1.0,0.0,0.0,0.0,0.0,0.0,1.0,91.0,0.625,0.0,1.0,,1.0,1.0,0.0,1.0,0.0,0.0,0.0,0.0,1.0,0.0,0.0,0.0,5.0,8.0,0.0,2.0,11.0,15.0,5.0,8.0,1.0,1.0,0.0,0.0,1.0,0.0,0.0,0.0,0.0,0.0,1.0,91.0,0.625,0.0,1.0,,1.0,1.0,0.0,1.0,0.0,0.0,0.0,0.0,1.0,0.0,0.0,0.0,5.0,8.0,0.0,2.0,11.0,15.0,5.0,8.0,1.0,1.0,0.0,0.0,1.0,0.0,0.0,0.0,0.0,0.0,1.0,91.0,0.625,0.0,1.0,,0.0,0.0,0.0,,0.0,-2.0,14.0,,6.329911019849419,-1.0,-1.0,0.0,,,,,,,,,,,,,,,,,,,,,,,,,,,,,,,,,,,,,,,,,-1.0,,,,,,,,,,,,,,,,,,,,,,,,,,,,,,,,,,,,-1.0,,,,,,,,,,,,,,,,,,,,,,,,,,,,,,,,,,,,-1.0,,,,,,,,,,,,,,,,,,,,,,,,,,,,,,,,,,,
e0a11799d3446b87,dc950d59dc590aca,1997-07-27,13b2f59210dda9cc,3fed746acfd026dd,Lightweight,0,1,70.0,199.0,,32.668035592060235,Switch,Kevin Jackson,73.0,200.0,,,Southpaw,Todd Butler,Switch_vs_Southpaw,1.0,1.0,0.0,1.0,0.0,1.0,0.0,0.0,1.0,0.0,1.0,0.0,0.0,0.0,0.0,1.0,0.0,0.0,0.0,2.0,4.0,0.0,1.0,3.0,5.0,0.0,1.0,1.0,1.0,0.0,0.0,1.0,0.0,0.0,0.0,0.0,0.0,1.0,44.0,0.5,0.0,1.0,,1.0,1.0,0.0,1.0,0.0,0.0,0.0,0.0,1.0,0.0,0.0,0.0,2.0,4.0,0.0,1.0,3.0,5.0,0.0,1.0,1.0,1.0,0.0,0.0,1.0,0.0,0.0,0.0,0.0,0.0,1.0,44.0,0.5,0.0,1.0,,1.0,1.0,0.0,1.0,0.0,0.0,0.0,0.0,1.0,0.0,0.0,0.0,2.0,4.0,0.0,1.0,3.0,5.0,0.0,1.0,1.0,1.0,0.0,0.0,1.0,0.0,0.0,0.0,0.0,0.0,1.0,44.0,0.5,0.0,1.0,,1.0,1.0,0.0,1.0,0.0,0.0,0.0,0.0,1.0,0.0,0.0,0.0,2.0,4.0,0.0,1.0,3.0,5.0,0.0,1.0,1.0,1.0,0.0,0.0,1.0,0.0,0.0,0.0,0.0,0.0,1.0,44.0,0.5,0.0,1.0,,0.0,0.0,0.0,,,,,,,,,,,,,,,,,,,,,,,,,,,,,,,,,,,,,,,,,0.0,,,,,,,,,,,,,,,,,,,,,,,,,,,,,,,,,,,,0.0,,,,,,,,,,,,,,,,,,,,,,,,,,,,,,,,,,,,0.0,,,,,,,,,,,,,,,,,,,,,,,,,,,,,,,,,,,,0.0,0.0,0.0,,0.0,-3.0,-1.0,,,1.0,1.0,0.0,,,,,,,,,,,,,,,,,,,,,,,,,,,,,,,,,,,,,,,,,1.0,,,,,,,,,,,,,,,,,,,,,,,,,,,,,,,,,,,,1.0,,,,,,,,,,,,,,,,,,,,,,,,,,,,,,,,,,,,1.0,,,,,,,,,,,,,,,,,,,,,,,,,,,,,,,,,,,
f373e50e2fab3d5f,dc950d59dc590aca,1997-07-27,baa5358456803df8,1f5f75658551f2d3,Heavyweight,0,1,69.0,226.0,,,Orthodox,Alex Hunter,,,,,Unknown,Sam Fulton,Orthodox_vs_Unknown,0.0,0.0,0.0,,,,,,,,,,,,,,,,,,,,,,,,,,,,,,,,,,,,,,,,,0.0,,,,,,,,,,,,,,,,,,,,,,,,,,,,,,,,,,,,0.0,,,,,,,,,,,,,,,,,,,,,,,,,,,,,,,,,,,,0.0,,,,,,,,,,,,,,,,,,,,,,,,,,,,,,,,,,,,1.0,0.0,1.0,0.0,0.0,0.0,0.0,1.0,0.0,0.0,0.0,0.0,0.0,1.0,0.0,0.0,1.0,0.0,0.0,0.0,0.0,0.0,0.0,0.0,0.0,0.0,0.0,0.0,0.0,0.0,0.0,0.0,0.0,0.0,0.0,0.0,0.0,0.0,105.0,,,,,1.0,0.0,0.0,0.0,0.0,0.0,1.0,0.0,0.0,1.0,0.0,0.0,0.0,0.0,0.0,0.0,0.0,0.0,0.0,0.0,0.0,0.0,0.0,0.0,0.0,0.0,0.0,0.0,0.0,0.0,0.0,105.0,,,,,1.0,0.0,0.0,0.0,0.0,0.0,1.0,0.0,0.0,1.0,0.0,0.0,0.0,0.0,0.0,0.0,0.0,0.0,0.0,0.0,0.0,0.0,0.0,0.0,0.0,0.0,0.0,0.0,0.0,0.0,0.0,105.0,,,,,1.0,0.0,0.0,0.0,0.0,0.0,1.0,0.0,0.0,1.0,0.0,0.0,0.0,0.0,0.0,0.0,0.0,0.0,0.0,0.0,0.0,0.0,0.0,0.0,0.0,0.0,0.0,0.0,0.0,0.0,0.0,105.0,,,,,0.0,0.0,0.0,,0.0,,,,,-1.0,0.0,-1.0,,,,,,,,,,,,,,,,,,,,,,,,,,,,,,,,,,,,,,,,,-1.0,,,,,,,,,,,,,,,,,,,,,,,,,,,,,,,,,,,,-1.0,,,,,,,,,,,,,,,,,,,,,,,,,,,,,,,,,,,,-1.0,,,,,,,,,,,,,,,,,,,,,,,,,,,,,,,,,,,
f44aa569b4eec404,dc950d59dc590aca,1997-07-27,a7b48e18ca27795d,baf942f4bcb09894,Heavyweight,0,1,75.0,266.0,,28.5968514715948,Switch,Mark Kerr,76.0,230.0,,33.34428473648186,Orthodox,Moti Horenstein,Switch_vs_Orthodox,1.0,1.0,0.0,1.0,0.0,1.0,0.0,0.0,1.0,0.0,1.0,0.0,0.0,0.0,0.0,1.0,0.0,0.0,0.0,3.0,6.0,0.0,1.0,3.0,7.0,6.0,7.0,1.0,1.0,0.0,0.0,0.0,0.0,0.0,0.0,0.0,0.0,1.0,98.0,0.5,0.0,1.0,,1.0,1.0,0.0,1.0,0.0,0.0,0.0,0.0,1.0,0.0,0.0,0.0,3.0,6.0,0.0,1.0,3.0,7.0,6.0,7.0,1.0,1.0,0.0,0.0,0.0,0.0,0.0,0.0,0.0,0.0,1.0,98.0,0.5,0.0,1.0,,1.0,1.0,0.0,1.0,0.0,0.0,0.0,0.0,1.0,0.0,0.0,0.0,3.0,6.0,0.0,1.0,3.0,7.0,6.0,7.0,1.0,1.0,0.0,0.0,0.0,0.0,0.0,0.0,0.0,0.0,1.0,98.0,0.5,0.0,1.0,,1.0,1.0,0.0,1.0,0.0,0.0,0.0,0.0,1.0,0.0,0.0,0.0,3.0,6.0,0.0,1.0,3.0,7.0,6.0,7.0,1.0,1.0,0.0,0.0,0.0,0.0,0.0,0.0,0.0,0.0,1.0,98.0,0.5,0.0,1.0,,1.0,0.0,1.0,0.0,0.0,0.0,0.0,1.0,0.0,0.0,0.0,0.0,1.0,0.0,0.0,0.0,1.0,0.0,0.0,0.0,1.0,25.0,30.0,19.0,21.0,33.0,38.0,0.0,0.0,1.0,2.0,0.0,0.0,0.0,0.0,0.0,0.0,1.0,163.0,0.0,0.8333333333333334,,0.5,1.0,0.0,0.0,0.0,0.0,1.0,0.0,0.0,0.0,1.0,0.0,0.0,0.0,1.0,25.0,30.0,19.0,21.0,33.0,38.0,0.0,0.0,1.0,2.0,0.0,0.0,0.0,0.0,0.0,0.0,1.0,163.0,0.0,0.8333333333333334,,0.5,1.0,0.0,0.0,0.0,0.0,1.0,0.0,0.0,0.0,1.0,0.0,0.0,0.0,1.0,25.0,30.0,19.0,21.0,33.0,38.0,0.0,0.0,1.0,2.0,0.0,0.0,0.0,0.0,0.0,0.0,1.0,163.0,0.0,0.8333333333333334,,0.5,1.0,0.0,0.0,0.0,0.0,1.0,0.0,0.0,0.0,1.0,0.0,0.0,0.0,1.0,25.0,30.0,19.0,21.0,33.0,38.0,0.0,0.0,1.0,2.0,0.0,0.0,0.0,0.0,0.0,0.0,1.0,163.0,0.0,0.8333333333333334,,0.5,0.0,0.0,0.0,,0.0,-1.0,36.0,,-4.747433264887061,0.0,1.0,-1.0,1.0,0.0,1.0,0.0,-1.0,1.0,0.0,1.0,0.0,-1.0,0.0,0.0,1.0,-1.0,0.0,0.0,3.0,5.0,-25.0,-29.0,-16.0,-14.0,-27.0,-31.0,1.0,1.0,-1.0,-2.0,0.0,0.0,0.0,0.0,0.0,0.0,0.0,-65.0,0.5,-0.8333333333333334,,,0.0,1.0,0.0,1.0,0.0,-1.0,0.0,0.0,1.0,-1.0,0.0,0.0,3.0,5.0,-25.0,-29.0,-16.0,-14.0,-27.0,-31.0,1.0,1.0,-1.0,-2.0,0.0,0.0,0.0,0.0,0.0,0.0,0.0,-65.0,0.5,-0.8333333333333334,,,0.0,1.0,0.0,1.0,0.0,-1.0,0.0,0.0,1.0,-1.0,0.0,0.0,3.0,5.0,-25.0,-29.0,-16.0,-14.0,-27.0,-31.0,1.0,1.0,-1.0,-2.0,0.0,0.0,0.0,0.0,0.0,0.0,0.0,-65.0,0.5,-0.8333333333333334,,,0.0,1.0,0.0,1.0,0.0,-1.0,0.0,0.0,1.0,-1.0,0.0,0.0,3.0,5.0,-25.0,-29.0,-16.0,-14.0,-27.0,-31.0,1.0,1.0,-1.0,-2.0,0.0,0.0,0.0,0.0,0.0,0.0,0.0,-65.0,0.5,-0.8333333333333334,,
0cead5ba0726ae90,e09dbbd5fe3f0fe2,1997-10-11,194fc025f9355db6,a25b71fe5e31fa97,Open Weight,0,1,70.0,185.0,,38.8911704312115,Switch,Rickson Gracie,72.0,220.0,,35.49897330595483,Southpaw,Nobuhiko Takada,Switch_vs_Southpaw,0.0,0.0,0.0,,,,,,,,,,,,,,,,,,,,,,,,,,,,,,,,,,,,,,,,,0.0,,,,,,,,,,,,,,,,,,,,,,,,,,,,,,,,,,,,0.0,,,,,,,,,,,,,,,,,,,,,,,,,,,,,,,,,,,,0.0,,,,,,,,,,,,,,,,,,,,,,,,,,,,,,,,,,,,0.0,0.0,0.0,,,,,,,,,,,,,,,,,,,,,,,,,,,,,,,,,,,,,,,,,0.0,,,,,,,,,,,,,,,,,,,,,,,,,,,,,,,,,,,,0.0,,,,,,,,,,,,,,,,,,,,,,,,,,,,,,,,,,,,0.0,,,,,,,,,,,,,,,,,,,,,,,,,,,,,,,,,,,,0.0,0.0,0.0,,0.0,-2.0,-35.0,,3.392197125256672,0.0,0.0,0.0,,,,,,,,,,,,,,,,,,,,,,,,,,,,,,,,,,,,,,,,,0.0,,,,,,,,,,,,,,,,,,,,,,,,,,,,,,,,,,,,0.0,,,,,,,,,,,,,,,,,,,,,,,,,,,,,,,,,,,,0.0,,,,,,,,,,,,,,,,,,,,,,,,,,,,,,,,,,,
2083ce2e6f6e5798,e09dbbd5fe3f0fe2,1997-10-11,cfbccfed4e4796fe,ad4e9055bf8cd04d,Open Weight,0,1,73.0,220.0,,23.865845311430526,Orthodox,Kazunari Murakami,72.0,275.0,,35.98904859685147,Orthodox,John Dixson,Orthodox_vs_Orthodox,0.0,0.0,0.0,,,,,,,,,,,,,,,,,,,,,,,,,,,,,,,,,,,,,,,,,0.0,,,,,,,,,,,,,,,,,,,,,,,,,,,,,,,,,,,,0.0,,,,,,,,,,,,,,,,,,,,,,,,,,,,,,,,,,,,0.0,,,,,,,,,,,,,,,,,,,,,,,,,,,,,,,,,,,,0.0,0.0,0.0,,,,,,,,,,,,,,,,,,,,,,,,,,,,,,,,,,,,,,,,,0.0,,,,,,,,,,,,,,,,,,,,,,,,,,,,,,,,,,,,0.0,,,,,,,,,,,,,,,,,,,,,,,,,,,,,,,,,,,,0.0,,,,,,,,,,,,,,,,,,,,,,,,,,,,,,,,,,,,0.0,0.0,0.0,,0.0,1.0,-55.0,,-12.123203285420942,0.0,0.0,0.0,,,,,,,,,,,,,,,,,,,,,,,,,,,,,,,,,,,,,,,,,0.0,,,,,,,,,,,,,,,,,,,,,,,,,,,,,,,,,,,,0.0,,,,,,,,,,,,,,,,,,,,,,,,,,,,,,,,,,,,0.0,,,,,,,,,,,,,,,,,,,,,,,,,,,,,,,,,,,
7eca2ad1c8e84b30,e09dbbd5fe3f0fe2,1997-10-11,2a6f8136da1e52c0,f54fb3b9c4228142,Open Weight,0,1,79.0,350.0,,33.998631074606436,Southpaw,Koji Kitao,83.0,345.0,,27.140314852840522,Orthodox,Nathan Jones,Southpaw_vs_Orthodox,1.0,0.0,1.0,0.0,0.0,0.0,0.0,1.0,0.0,0.0,0.0,0.0,1.0,0.0,0.0,0.0,1.0,0.0,0.0,1.0,2.0,3.0,3.0,1.0,2.0,4.0,4.0,1.0,1.0,0.0,0.0,0.0,0.0,0.0,0.0,0.0,0.0,1.0,47.0,0.5,1.0,1.0,,1.0,0.0,0.0,0.0,0.0,1.0,0.0,0.0,0.0,1.0,0.0,0.0,1.0,2.0,3.0,3.0,1.0,2.0,4.0,4.0,1.0,1.0,0.0,0.0,0.0,0.0,0.0,0.0,0.0,0.0,1.0,47.0,0.5,1.0,1.0,,1.0,0.0,0.0,0.0,0.0,1.0,0.0,0.0,0.0,1.0,0.0,0.0,1.0,2.0,3.0,3.0,1.0,2.0,4.0,4.0,1.0,1.0,0.0,0.0,0.0,0.0,0.0,0.0,0.0,0.0,1.0,47.0,0.5,1.0,1.0,,1.0,0.0,0.0,0.0,0.0,1.0,0.0,0.0,0.0,1.0,0.0,0.0,1.0,2.0,3.0,3.0,1.0,2.0,4.0,4.0,1.0,1.0,0.0,0.0,0.0,0.0,0.0,0.0,0.0,0.0,1.0,47.0,0.5,1.0,1.0,,0.0,0.0,0.0,,,,,,,,,,,,,,,,,,,,,,,,,,,,,,,,,,,,,,,,,0.0,,,,,,,,,,,,,,,,,,,,,,,,,,,,,,,,,,,,0.0,,,,,,,,,,,,,,,,,,,,,,,,,,,,,,,,,,,,0.0,,,,,,,,,,,,,,,,,,,,,,,,,,,,,,,,,,,,0.0,0.0,0.0,,0.0,-4.0,5.0,,6.858316221765914,1.0,0.0,1.0,,,,,,,,,,,,,,,,,,,,,,,,,,,,,,,,,,,,,,,,,1.0,,,,,,,,,,,,,,,,,,,,,,,,,,,,,,,,,,,,1.0,,,,,,,,,,,,,,,,,,,,,,,,,,,,,,,,,,,,1.0,,,,,,,,,,,,,,,,,,,,,,,,,,,,,,,,,,,
f248dbf531292b2c,e09dbbd5fe3f0fe2,1997-10-11,fbbde91f7bc2d3c5,1dc56b59cb28425d,Open Weight,0,1,75.0,249.0,,31.731690622861056,Orthodox,Gary Goodridge,72.0,210.0,,30.127310061601644,Orthodox,Oleg Taktarov,Orthodox_vs_Orthodox,7.0,3.0,4.0,0.42857142857142855,0.42857142857142855,0.0,0.0,0.5714285714285714,0.42857142857142855,0.42857142857142855,0.0,0.0,0.2857142857142857,0.2857142857142857,0.0,0.42857142857142855,0.5714285714285714,0.0,0.0,5.142857142857143,9.0,10.714285714285714,20.428571428571427,11.285714285714286,15.857142857142858,30.0,41.42857142857143,0.5714285714285714,0.8571428571428571,0.7142857142857143,1.1428571428571428,0.14285714285714285,0.0,0.2857142857142857,0.2857142857142857,0.0,0.0,1.0,340.7142857142857,0.5714285714285714,0.5244755244755245,0.6666666666666666,0.625,3.0,0.3333333333333333,0.3333333333333333,0.0,0.0,0.0,0.6666666666666666,0.0,0.3333333333333333,0.6666666666666666,0.0,0.0,7.333333333333333,13.0,18.0,28.333333333333332,19.666666666666668,26.666666666666668,30.333333333333332,43.0,0.3333333333333333,0.3333333333333333,0.6666666666666666,1.0,0.0,0.0,0.3333333333333333,0.0,0.0,0.0,1.0,395.6666666666667,0.5641025641025641,0.6352941176470588,1.0,0.6666666666666666,5.0,0.4,0.4,0.0,0.0,0.2,0.4,0.0,0.4,0.6,0.0,0.0,5.2,9.8,12.6,24.4,13.8,19.4,36.6,50.6,0.4,0.4,1.0,1.4,0.2,0.0,0.4,0.2,0.0,0.0,1.0,447.6,0.5306122448979592,0.5163934426229508,1.0,0.7142857142857143,7.0,0.42857142857142855,0.42857142857142855,0.0,0.0,0.2857142857142857,0.2857142857142857,0.0,0.42857142857142855,0.5714285714285714,0.0,0.0,5.142857142857143,9.0,10.714285714285714,20.428571428571427,11.285714285714286,15.857142857142858,30.0,41.42857142857143,0.5714285714285714,0.8571428571428571,0.7142857142857143,1.1428571428571428,0.14285714285714285,0.0,0.2857142857142857,0.2857142857142857,0.0,0.0,1.0,340.7142857142857,0.5714285714285714,0.5244755244755245,0.6666666666666666,0.625,8.0,6.0,2.0,0.75,0.0,0.625,0.125,0.125,0.75,0.0,0.625,0.125,0.125,0.0,0.125,0.625,0.125,0.0,0.0,2.25,9.375,9.125,27.25,11.125,18.875,39.75,63.75,0.0,1.125,0.5,0.75,1.375,0.125,0.25,0.0,0.0,0.0,1.125,396.25,0.24,0.3348623853211009,0.0,0.6666666666666666,3.0,0.6666666666666666,0.0,0.3333333333333333,0.3333333333333333,0.0,0.0,0.3333333333333333,0.3333333333333333,0.0,0.0,0.0,4.666666666666667,21.0,13.333333333333334,45.666666666666664,12.0,28.333333333333332,76.33333333333333,116.66666666666667,0.0,1.3333333333333333,0.0,0.0,1.3333333333333333,0.0,0.0,0.0,0.0,0.0,1.3333333333333333,545.0,0.2222222222222222,0.291970802919708,0.0,,5.0,0.8,0.0,0.6,0.2,0.0,0.0,0.2,0.6,0.0,0.0,0.0,3.6,15.0,12.4,39.2,17.8,30.2,54.6,87.0,0.0,1.6,0.6,0.8,1.8,0.2,0.0,0.0,0.0,0.0,1.2,551.4,0.24,0.3163265306122449,0.0,0.75,8.0,0.75,0.0,0.625,0.125,0.125,0.0,0.125,0.625,0.125,0.0,0.0,2.25,9.375,9.125,27.25,11.125,18.875,39.75,63.75,0.0,1.125,0.5,0.75,1.375,0.125,0.25,0.0,0.0,0.0,1.125,396.25,0.24,0.3348623853211009,0.0,0.6666666666666666,0.0,0.0,0.0,,0.0,3.0,39.0,,1.6043805612594113,-1.0,-3.0,2.0,-0.32142857142857145,0.42857142857142855,-0.625,-0.125,0.4464285714285714,-0.32142857142857145,0.42857142857142855,-0.625,-0.125,0.1607142857142857,0.2857142857142857,-0.125,-0.19642857142857145,0.4464285714285714,0.0,0.0,2.8928571428571432,-0.375,1.5892857142857135,-6.821428571428573,0.16071428571428648,-3.0178571428571423,-9.75,-22.32142857142857,0.5714285714285714,-0.2678571428571429,0.2142857142857143,0.3928571428571428,-1.2321428571428572,-0.125,0.0357142857142857,0.2857142857142857,0.0,0.0,-0.125,-55.53571428571428,0.3314285714285714,0.18961313915442357,0.6666666666666666,-0.04166666666666663,0.0,-0.3333333333333333,0.3333333333333333,-0.3333333333333333,-0.3333333333333333,0.0,0.6666666666666666,-0.3333333333333333,0.0,0.6666666666666666,0.0,0.0,2.666666666666666,-8.0,4.666666666666666,-17.333333333333332,7.666666666666668,-1.6666666666666643,-46.0,-73.66666666666667,0.3333333333333333,-1.0,0.6666666666666666,1.0,-1.3333333333333333,0.0,0.3333333333333333,0.0,0.0,0.0,-0.33333333333333326,-149.33333333333331,0.3418803418803419,0.3433233147273508,1.0,,0.0,-0.4,0.4,-0.6,-0.2,0.2,0.4,-0.2,-0.19999999999999996,0.6,0.0,0.0,1.6,-5.199999999999999,0.1999999999999993,-14.800000000000004,-4.0,-10.8,-18.0,-36.4,0.4,-1.2000000000000002,0.4,0.5999999999999999,-1.6,-0.2,0.4,0.2,0.0,0.0,-0.19999999999999996,-103.79999999999995,0.2906122448979592,0.20006691201070592,1.0,-0.0357142857142857,-1.0,-0.32142857142857145,0.42857142857142855,-0.625,-0.125,0.1607142857142857,0.2857142857142857,-0.125,-0.19642857142857145,0.4464285714285714,0.0,0.0,2.8928571428571432,-0.375,1.5892857142857135,-6.821428571428573,0.16071428571428648,-3.0178571428571423,-9.75,-22.32142857142857,0.5714285714285714,-0.2678571428571429,0.2142857142857143,0.3928571428571428,-1.2321428571428572,-0.125,0.0357142857142857,0.2857142857142857,0.0,0.0,-0.125,-55.53571428571428,0.3314285714285714,0.18961313915442357,0.6666666666666666,-0.04166666666666663
1c1f8f281b2065e0,07a18ae55dfc3cd9,1997-10-17,a7b48e18ca27795d,31c01fbc2586a5eb,15 Heavyweight Tournament,1,1,75.0,266.0,,28.82135523613963,Switch,Mark Kerr,70.0,212.0,,,Orthodox,Dwayne Cason,Switch_vs_Orthodox,2.0,2.0,0.0,1.0,0.5,0.5,0.0,0.0,1.0,0.5,0.5,0.0,0.0,0.0,0.0,1.0,0.0,0.0,0.0,8.5,13.0,0.5,1.5,10.5,15.5,8.0,10.0,1.0,1.0,0.0,0.0,0.0,0.0,0.0,0.0,0.0,0.0,1.0,120.0,0.6538461538461539,0.3333333333333333,1.0,,2.0,1.0,0.5,0.5,0.0,0.0,0.0,0.0,1.0,0.0,0.0,0.0,8.5,13.0,0.5,1.5,10.5,15.5,8.0,10.0,1.0,1.0,0.0,0.0,0.0,0.0,0.0,0.0,0.0,0.0,1.0,120.0,0.6538461538461539,0.3333333333333333,1.0,,2.0,1.0,0.5,0.5,0.0,0.0,0.0,0.0,1.0,0.0,0.0,0.0,8.5,13.0,0.5,1.5,10.5,15.5,8.0,10.0,1.0,1.0,0.0,0.0,0.0,0.0,0.0,0.0,0.0,0.0,1.0,120.0,0.6538461538461539,0.3333333333333333,1.0,,2.0,1.0,0.5,0.5,0.0,0.0,0.0,0.0,1.0,0.0,0.0,0.0,8.5,13.0,0.5,1.5,10.5,15.5,8.0,10.0,1.0,1.0,0.0,0.0,0.0,0.0,0.0,0.0,0.0,0.0,1.0,120.0,0.6538461538461539,0.3333333333333333,1.0,,0.0,0.0,0.0,,,,,,,,,,,,,,,,,,,,,,,,,,,,,,,,,,,,,,,,,0.0,,,,,,,,,,,,,,,,,,,,,,,,,,,,,,,,,,,,0.0,,,,,,,,,,,,,,,,,,,,,,,,,,,,,,,,,,,,0.0,,,,,,,,,,,,,,,,,,,,,,,,,,,,,,,,,,,,0.0,0.0,0.0,,0.0,5.0,54.0,,,2.0,2.0,0.0,,,,,,,,,,,,,,,,,,,,,,,,,,,,,,,,,,,,,,,,,2.0,,,,,,,,,,,,,,,,,,,,,,,,,,,,,,,,,,,,2.0,,,,,,,,,,,,,,,,,,,,,,,,,,,,,,,,,,,,2.0,,,,,,,,,,,,,,,,,,,,,,,,,,,,,,,,,,,
3bd789bcfb12368d,07a18ae55dfc3cd9,1997-10-17,9fd1f08dd4aec14a,a220be6d41d6f97d,Heavyweight,0,1,74.0,250.0,,,Orthodox,Dave Beneteau,76.0,230.0,,29.23750855578371,Orthodox,Carlos Barreto,Orthodox_vs_Orthodox,5.0,2.0,3.0,0.4,0.4,0.0,0.0,0.6,0.4,0.4,0.0,0.0,0.0,0.6,0.0,0.4,0.6,0.0,0.0,5.8,11.2,0.4,1.2,9.2,15.0,3.2,4.2,0.6,0.6,0.2,0.4,0.0,0.8,0.0,0.0,0.0,0.0,1.0,93.2,0.5178571428571429,0.3333333333333333,1.0,0.5,3.0,0.3333333333333333,0.3333333333333333,0.0,0.0,0.0,0.6666666666666666,0.0,0.3333333333333333,0.6666666666666666,0.0,0.0,5.0,10.666666666666666,0.0,1.0,9.666666666666666,15.666666666666666,1.6666666666666667,2.6666666666666665,0.6666666666666666,0.6666666666666666,0.0,0.3333333333333333,0.0,1.0,0.0,0.0,0.0,0.0,1.0,88.0,0.46875,0.0,1.0,0.0,5.0,0.4,0.4,0.0,0.0,0.0,0.6,0.0,0.4,0.6,0.0,0.0,5.8,11.2,0.4,1.2,9.2,15.0,3.2,4.2,0.6,0.6,0.2,0.4,0.0,0.8,0.0,0.0,0.0,0.0,1.0,93.2,0.5178571428571429,0.3333333333333333,1.0,0.5,5.0,0.4,0.4,0.0,0.0,0.0,0.6,0.0,0.4,0.6,0.0,0.0,5.8,11.2,0.4,1.2,9.2,15.0,3.2,4.2,0.6,0.6,0.2,0.4,0.0,0.8,0.0,0.0,0.0,0.0,1.0,93.2,0.5178571428571429,0.3333333333333333,1.0,0.5,0.0,0.0,0.0,,,,,,,,,,,,,,,,,,,,,,,,,,,,,,,,,,,,,,,,,0.0,,,,,,,,,,,,,,,,,,,,,,,,,,,,,,,,,,,,0.0,,,,,,,,,,,,,,,,,,,,,,,,,,,,,,,,,,,,0.0,,,,,,,,,,,,,,,,,,,,,,,,,,,,,,,,,,,,0.0,0.0,0.0,,0.0,-2.0,20.0,,,5.0,2.0,3.0,,,,,,,,,,,,,,,,,,,,,,,,,,,,,,,,,,,,,,,,,3.0,,,,,,,,,,,,,,,,,,,,,,,,,,,,,,,,,,,,5.0,,,,,,,,,,,,,,,,,,,,,,,,,,,,,,,,,,,,5.0,,,,,,,,,,,,,,,,,,,,,,,,,,,,,,,,,,,
6603f1d60bfeefa9,07a18ae55dfc3cd9,1997-10-17,a7b48e18ca27795d,91181b29be041f1c,Heavyweight,0,1,75.0,266.0,,28.82135523613963,Switch,Mark Kerr,67.0,220.0,,,Southpaw,Greg Stott,Switch_vs_Southpaw,3.0,3.0,0.0,1.0,0.3333333333333333,0.6666666666666666,0.0,0.0,1.0,0.3333333333333333,0.6666666666666666,0.0,0.0,0.0,0.0,1.0,0.0,0.0,0.0,7.333333333333333,11.0,0.3333333333333333,1.0,10.0,14.0,5.333333333333333,6.666666666666667,1.0,1.0,0.0,0.0,0.3333333333333333,0.0,0.0,0.0,0.0,0.0,1.0,97.66666666666667,0.6666666666666666,0.3333333333333333,1.0,,3.0,1.0,0.3333333333333333,0.6666666666666666,0.0,0.0,0.0,0.0,1.0,0.0,0.0,0.0,7.333333333333333,11.0,0.3333333333333333,1.0,10.0,14.0,5.333333333333333,6.666666666666667,1.0,1.0,0.0,0.0,0.3333333333333333,0.0,0.0,0.0,0.0,0.0,1.0,97.66666666666667,0.6666666666666666,0.3333333333333333,1.0,,3.0,1.0,0.3333333333333333,0.6666666666666666,0.0,0.0,0.0,0.0,1.0,0.0,0.0,0.0,7.333333333333333,11.0,0.3333333333333333,1.0,10.0,14.0,5.333333333333333,6.666666666666667,1.0,1.0,0.0,0.0,0.3333333333333333,0.0,0.0,0.0,0.0,0.0,1.0,97.66666666666667,0.6666666666666666,0.3333333333333333,1.0,,3.0,1.0,0.3333333333333333,0.6666666666666666,0.0,0.0,0.0,0.0,1.0,0.0,0.0,0.0,7.333333333333333,11.0,0.3333333333333333,1.0,10.0,14.0,5.333333333333333,6.666666666666667,1.0,1.0,0.0,0.0,0.3333333333333333,0.0,0.0,0.0,0.0,0.0,1.0,97.66666666666667,0.6666666666666666,0.3333333333333333,1.0,,0.0,0.0,0.0,,,,,,,,,,,,,,,,,,,,,,,,,,,,,,,,,,,,,,,,,0.0,,,,,,,,,,,,,,,,,,,,,,,,,,,,,,,,,,,,0.0,,,,,,,,,,,,,,,,,,,,,,,,,,,,,,,,,,,,0.0,,,,,,,,,,,,,,,,,,,,,,,,,,,,,,,,,,,,0.0,0.0,0.0,,0.0,8.0,46.0,,,3.0,3.0,0.0,,,,,,,,,,,,,,,,,,,,,,,,,,,,,,,,,,,,,,,,,3.0,,,,,,,,,,,,,,,,,,,,,,,,,,,,,,,,,,,,3.0,,,,,,,,,,,,,,,,,,,,,,,,,,,,,,,,,,,,3.0,,,,,,,,,,,,,,,,,,,,,,,,,,,,,,,,,,,
b3cafb4e6e1b2ad0,07a18ae55dfc3cd9,1997-10-17,33e33d51f289d2a1,b361180739bed4b0,Heavyweight,1,1,74.0,221.0,,35.84394250513347,Orthodox,Maurice Smith,72.0,265.0,,32.47638603696099,Switch,David Abbott,Orthodox_vs_Switch,1.0,1.0,0.0,1.0,0.0,0.0,1.0,0.0,1.0,0.0,0.0,1.0,0.0,0.0,0.0,0.0,0.0,0.0,0.0,55.0,65.0,19.0,43.0,129.0,139.0,47.0,80.0,0.0,0.0,2.0,7.0,0.0,2.0,1.0,0.0,0.0,0.0,3.0,780.0,0.8461538461538461,0.4418604651162791,,0.2857142857142857,1.0,1.0,0.0,0.0,1.0,0.0,0.0,0.0,0.0,0.0,0.0,0.0,55.0,65.0,19.0,43.0,129.0,139.0,47.0,80.0,0.0,0.0,2.0,7.0,0.0,2.0,1.0,0.0,0.0,0.0,3.0,780.0,0.8461538461538461,0.4418604651162791,,0.2857142857142857,1.0,1.0,0.0,0.0,1.0,0.0,0.0,0.0,0.0,0.0,0.0,0.0,55.0,65.0,19.0,43.0,129.0,139.0,47.0,80.0,0.0,0.0,2.0,7.0,0.0,2.0,1.0,0.0,0.0,0.0,3.0,780.0,0.8461538461538461,0.4418604651162791,,0.2857142857142857,1.0,1.0,0.0,0.0,1.0,0.0,0.0,0.0,0.0,0.0,0.0,0.0,55.0,65.0,19.0,43.0,129.0,139.0,47.0,80.0,0.0,0.0,2.0,7.0,0.0,2.0,1.0,0.0,0.0,0.0,3.0,780.0,0.8461538461538461,0.4418604651162791,,0.2857142857142857,11.0,6.0,5.0,0.5454545454545454,0.36363636363636365,0.18181818181818182,0.0,0.2727272727272727,0.5454545454545454,0.36363636363636365,0.18181818181818182,0.0,0.09090909090909091,0.18181818181818182,0.18181818181818182,0.5454545454545454,0.2727272727272727,0.2727272727272727,0.0,9.0,18.454545454545453,13.636363636363637,20.454545454545453,14.636363636363637,25.181818181818183,47.0,56.0,0.5454545454545454,0.9090909090909091,0.18181818181818182,0.6363636363636364,0.36363636363636365,0.5454545454545454,0.0,0.0,0.0,0.0,1.0909090909090908,302.3636363636364,0.4876847290640394,0.6666666666666666,0.6,0.2857142857142857,3.0,0.3333333333333333,0.3333333333333333,0.0,0.0,0.3333333333333333,0.3333333333333333,0.0,0.3333333333333333,0.6666666666666666,0.0,0.0,6.333333333333333,14.0,8.666666666666666,16.333333333333332,9.0,18.0,12.666666666666666,21.666666666666668,0.0,0.6666666666666666,0.3333333333333333,0.3333333333333333,0.3333333333333333,0.6666666666666666,0.0,0.0,0.0,0.0,1.0,101.66666666666667,0.4523809523809524,0.5306122448979592,0.0,1.0,5.0,0.4,0.4,0.0,0.0,0.2,0.2,0.2,0.4,0.4,0.2,0.0,9.8,21.8,17.6,29.0,13.4,26.2,44.0,56.6,0.2,0.8,0.2,0.4,0.2,0.4,0.0,0.0,0.0,0.0,1.2,169.6,0.44954128440366975,0.6068965517241379,0.25,0.5,10.0,0.5,0.3,0.2,0.0,0.1,0.2,0.2,0.5,0.3,0.3,0.0,8.5,18.2,14.9,22.3,14.3,25.2,50.5,60.2,0.5,0.9,0.2,0.7,0.4,0.6,0.0,0.0,0.0,0.0,1.1,321.3,0.46703296703296704,0.6681614349775785,0.5555555555555556,0.2857142857142857,0.0,0.0,0.0,,0.0,2.0,-44.0,,3.3675564681724808,-10.0,-5.0,-5.0,0.4545454545454546,-0.36363636363636365,-0.18181818181818182,1.0,-0.2727272727272727,0.4545454545454546,-0.36363636363636365,-0.18181818181818182,1.0,-0.09090909090909091,-0.18181818181818182,-0.18181818181818182,-0.5454545454545454,-0.2727272727272727,-0.2727272727272727,0.0,46.0,46.54545454545455,5.363636363636363,22.545454545454547,114.36363636363636,113.81818181818181,0.0,24.0,-0.5454545454545454,-0.9090909090909091,1.8181818181818181,6.363636363636363,-0.36363636363636365,1.4545454545454546,1.0,0.0,0.0,0.0,1.9090909090909092,477.6363636363636,0.3584691170898067,-0.22480620155038755,,0.0,-2.0,0.6666666666666667,-0.3333333333333333,0.0,1.0,-0.3333333333333333,-0.3333333333333333,0.0,-0.3333333333333333,-0.6666666666666666,0.0,0.0,48.666666666666664,51.0,10.333333333333334,26.666666666666668,120.0,121.0,34.333333333333336,58.33333333333333,0.0,-0.6666666666666666,1.6666666666666667,6.666666666666667,-0.3333333333333333,1.3333333333333335,1.0,0.0,0.0,0.0,2.0,678.3333333333334,0.39377289377289376,-0.08875177978168014,,-0.7142857142857143,-4.0,0.6,-0.4,0.0,1.0,-0.2,-0.2,-0.2,-0.4,-0.4,-0.2,0.0,45.2,43.2,1.3999999999999986,14.0,115.6,112.8,3.0,23.4,-0.2,-0.8,1.8,6.6,-0.2,1.6,1.0,0.0,0.0,0.0,1.8,610.4,0.3966125617501764,-0.16503608660785885,,-0.2142857142857143,-9.0,0.5,-0.3,-0.2,1.0,-0.1,-0.2,-0.2,-0.5,-0.3,-0.3,0.0,46.5,46.8,4.1,20.7,114.7,113.8,-3.5,19.799999999999997,-0.5,-0.9,1.8,6.3,-0.4,1.4,1.0,0.0,0.0,0.0,1.9,458.7,0.3791208791208791,-0.22630096986129944,,0.0
b5e49b35bc25c5a9,07a18ae55dfc3cd9,1997-10-17,0aa92558424ced9e,0ee783aa00e468f0,Heavyweight,0,1,73.0,205.0,75.0,34.32169746748802,Orthodox,Randy Couture,72.0,185.0,74.0,20.54483230663929,Southpaw,Vitor Belfort,Orthodox_vs_Southpaw,2.0,2.0,0.0,1.0,0.5,0.5,0.0,0.0,1.0,0.5,0.5,0.0,0.0,0.0,0.0,1.0,0.0,0.0,0.0,8.5,10.0,0.0,0.0,13.0,14.5,0.5,0.5,1.0,1.0,0.0,0.0,0.5,0.0,0.0,0.0,0.0,0.0,1.0,124.5,0.85,,1.0,,2.0,1.0,0.5,0.5,0.0,0.0,0.0,0.0,1.0,0.0,0.0,0.0,8.5,10.0,0.0,0.0,13.0,14.5,0.5,0.5,1.0,1.0,0.0,0.0,0.5,0.0,0.0,0.0,0.0,0.0,1.0,124.5,0.85,,1.0,,2.0,1.0,0.5,0.5,0.0,0.0,0.0,0.0,1.0,0.0,0.0,0.0,8.5,10.0,0.0,0.0,13.0,14.5,0.5,0.5,1.0,1.0,0.0,0.0,0.5,0.0,0.0,0.0,0.0,0.0,1.0,124.5,0.85,,1.0,,2.0,1.0,0.5,0.5,0.0,0.0,0.0,0.0,1.0,0.0,0.0,0.0,8.5,10.0,0.0,0.0,13.0,14.5,0.5,0.5,1.0,1.0,0.0,0.0,0.5,0.0,0.0,0.0,0.0,0.0,1.0,124.5,0.85,,1.0,,3.0,3.0,0.0,1.0,1.0,0.0,0.0,0.0,1.0,1.0,0.0,0.0,0.0,0.0,0.0,1.0,0.0,0.6666666666666666,0.0,13.666666666666666,21.666666666666668,1.0,4.666666666666667,16.0,24.0,1.0,4.666666666666667,0.3333333333333333,0.3333333333333333,0.0,0.3333333333333333,0.0,0.0,0.0,0.0,0.0,0.0,1.0,57.333333333333336,0.6307692307692307,0.21428571428571427,1.0,0.0,3.0,1.0,1.0,0.0,0.0,0.0,0.0,0.0,1.0,0.0,0.6666666666666666,0.0,13.666666666666666,21.666666666666668,1.0,4.666666666666667,16.0,24.0,1.0,4.666666666666667,0.3333333333333333,0.3333333333333333,0.0,0.3333333333333333,0.0,0.0,0.0,0.0,0.0,0.0,1.0,57.333333333333336,0.6307692307692307,0.21428571428571427,1.0,0.0,3.0,1.0,1.0,0.0,0.0,0.0,0.0,0.0,1.0,0.0,0.6666666666666666,0.0,13.666666666666666,21.666666666666668,1.0,4.666666666666667,16.0,24.0,1.0,4.666666666666667,0.3333333333333333,0.3333333333333333,0.0,0.3333333333333333,0.0,0.0,0.0,0.0,0.0,0.0,1.0,57.333333333333336,0.6307692307692307,0.21428571428571427,1.0,0.0,3.0,1.0,1.0,0.0,0.0,0.0,0.0,0.0,1.0,0.0,0.6666666666666666,0.0,13.666666666666666,21.666666666666668,1.0,4.666666666666667,16.0,24.0,1.0,4.666666666666667,0.3333333333333333,0.3333333333333333,0.0,0.3333333333333333,0.0,0.0,0.0,0.0,0.0,0.0,1.0,57.333333333333336,0.6307692307692307,0.21428571428571427,1.0,0.0,0.0,0.0,0.0,,0.0,1.0,20.0,1.0,13.776865160848732,-1.0,-1.0,0.0,0.0,-0.5,0.5,0.0,0.0,0.0,-0.5,0.5,0.0,0.0,0.0,0.0,0.0,0.0,-0.6666666666666666,0.0,-5.166666666666666,-11.666666666666668,-1.0,-4.666666666666667,-3.0,-9.5,-0.5,-4.166666666666667,0.6666666666666667,0.6666666666666667,0.0,-0.3333333333333333,0.5,0.0,0.0,0.0,0.0,0.0,0.0,67.16666666666666,0.21923076923076923,,0.0,,-1.0,0.0,-0.5,0.5,0.0,0.0,0.0,0.0,0.0,0.0,-0.6666666666666666,0.0,-5.166666666666666,-11.666666666666668,-1.0,-4.666666666666667,-3.0,-9.5,-0.5,-4.166666666666667,0.6666666666666667,0.6666666666666667,0.0,-0.3333333333333333,0.5,0.0,0.0,0.0,0.0,0.0,0.0,67.16666666666666,0.21923076923076923,,0.0,,-1.0,0.0,-0.5,0.5,0.0,0.0,0.0,0.0,0.0,0.0,-0.6666666666666666,0.0,-5.166666666666666,-11.666666666666668,-1.0,-4.666666666666667,-3.0,-9.5,-0.5,-4.166666666666667,0.6666666666666667,0.6666666666666667,0.0,-0.3333333333333333,0.5,0.0,0.0,0.0,0.0,0.0,0.0,67.16666666666666,0.21923076923076923,,0.0,,-1.0,0.0,-0.5,0.5,0.0,0.0,0.0,0.0,0.0,0.0,-0.6666666666666666,0.0,-5.166666666666666,-11.666666666666668,-1.0,-4.666666666666667,-3.0,-9.5,-0.5,-4.166666666666667,0.6666666666666667,0.6666666666666667,0.0,-0.3333333333333333,0.5,0.0,0.0,0.0,0.0,0.0,0.0,67.16666666666666,0.21923076923076923,,0.0,
c99e302777049f2d,07a18ae55dfc3cd9,1997-10-17,baa5358456803df8,4dc496aa0cfc0d95,Heavyweight,0,1,69.0,226.0,,,Orthodox,Alex Hunter,77.0,275.0,,,Orthodox,Harry Moskowitz,Orthodox_vs_Orthodox,1.0,1.0,0.0,1.0,0.0,1.0,0.0,0.0,1.0,0.0,1.0,0.0,0.0,0.0,0.0,1.0,0.0,0.0,0.0,7.0,12.0,1.0,1.0,16.0,21.0,2.0,2.0,1.0,1.0,0.0,0.0,0.0,0.0,0.0,0.0,0.0,0.0,1.0,150.0,0.5833333333333334,1.0,1.0,,1.0,1.0,0.0,1.0,0.0,0.0,0.0,0.0,1.0,0.0,0.0,0.0,7.0,12.0,1.0,1.0,16.0,21.0,2.0,2.0,1.0,1.0,0.0,0.0,0.0,0.0,0.0,0.0,0.0,0.0,1.0,150.0,0.5833333333333334,1.0,1.0,,1.0,1.0,0.0,1.0,0.0,0.0,0.0,0.0,1.0,0.0,0.0,0.0,7.0,12.0,1.0,1.0,16.0,21.0,2.0,2.0,1.0,1.0,0.0,0.0,0.0,0.0,0.0,0.0,0.0,0.0,1.0,150.0,0.5833333333333334,1.0,1.0,,1.0,1.0,0.0,1.0,0.0,0.0,0.0,0.0,1.0,0.0,0.0,0.0,7.0,12.0,1.0,1.0,16.0,21.0,2.0,2.0,1.0,1.0,0.0,0.0,0.0,0.0,0.0,0.0,0.0,0.0,1.0,150.0,0.5833333333333334,1.0,1.0,,0.0,0.0,0.0,,,,,,,,,,,,,,,,,,,,,,,,,,,,,,,,,,,,,,,,,0.0,,,,,,,,,,,,,,,,,,,,,,,,,,,,,,,,,,,,0.0,,,,,,,,,,,,,,,,,,,,,,,,,,,,,,,,,,,,0.0,,,,,,,,,,,,,,,,,,,,,,,,,,,,,,,,,,,,0.0,0.0,0.0,,0.0,-8.0,-49.0,,,1.0,1.0,0.0,,,,,,,,,,,,,,,,,,,,,,,,,,,,,,,,,,,,,,,,,1.0,,,,,,,,,,,,,,,,,,,,,,,,,,,,,,,,,,,,1.0,,,,,,,,,,,,,,,,,,,,,,,,,,,,,,,,,,,,1.0,,,,,,,,,,,,,,,,,,,,,,,,,,,,,,,,,,,
da77ead135cb4f17,07a18ae55dfc3cd9,1997-10-17,31c01fbc2586a5eb,312f47c3d2f83ffa,Heavyweight,0,1,70.0,212.0,,,Orthodox,Dwayne Cason,73.0,210.0,,,Orthodox,Houston Dorr,Orthodox_vs_Orthodox,1.0,0.0,1.0,0.0,0.0,0.0,0.0,1.0,0.0,0.0,0.0,0.0,0.0,1.0,0.0,0.0,1.0,0.0,0.0,0.0,0.0,5.0,7.0,0.0,0.0,9.0,11.0,0.0,0.0,1.0,1.0,0.0,1.0,0.0,0.0,0.0,0.0,1.0,53.0,,0.7142857142857143,,1.0,1.0,0.0,0.0,0.0,0.0,0.0,1.0,0.0,0.0,1.0,0.0,0.0,0.0,0.0,5.0,7.0,0.0,0.0,9.0,11.0,0.0,0.0,1.0,1.0,0.0,1.0,0.0,0.0,0.0,0.0,1.0,53.0,,0.7142857142857143,,1.0,1.0,0.0,0.0,0.0,0.0,0.0,1.0,0.0,0.0,1.0,0.0,0.0,0.0,0.0,5.0,7.0,0.0,0.0,9.0,11.0,0.0,0.0,1.0,1.0,0.0,1.0,0.0,0.0,0.0,0.0,1.0,53.0,,0.7142857142857143,,1.0,1.0,0.0,0.0,0.0,0.0,0.0,1.0,0.0,0.0,1.0,0.0,0.0,0.0,0.0,5.0,7.0,0.0,0.0,9.0,11.0,0.0,0.0,1.0,1.0,0.0,1.0,0.0,0.0,0.0,0.0,1.0,53.0,,0.7142857142857143,,1.0,0.0,0.0,0.0,,,,,,,,,,,,,,,,,,,,,,,,,,,,,,,,,,,,,,,,,0.0,,,,,,,,,,,,,,,,,,,,,,,,,,,,,,,,,,,,0.0,,,,,,,,,,,,,,,,,,,,,,,,,,,,,,,,,,,,0.0,,,,,,,,,,,,,,,,,,,,,,,,,,,,,,,,,,,,0.0,0.0,0.0,,0.0,-3.0,2.0,,,1.0,0.0,1.0,,,,,,,,,,,,,,,,,,,,,,,,,,,,,,,,,,,,,,,,,1.0,,,,,,,,,,,,,,,,,,,,,,,,,,,,,,,,,,,,1.0,,,,,,,,,,,,,,,,,,,,,,,,,,,,,,,,,,,,1.0,,,,,,,,,,,,,,,,,,,,,,,,,,,,,,,,,,,
0e0629a1503125a6,29f935654825331b,1997-12-21,1dab0d1d81dd06db,13c4313ed0f744f3,Heavyweight,0,1,74.0,233.0,,32.86789869952088,Orthodox,Tra Telligman,69.0,220.0,,33.57152635181382,Orthodox,Brad Kohler,Orthodox_vs_Orthodox,1.0,0.0,1.0,0.0,0.0,0.0,0.0,1.0,0.0,0.0,0.0,0.0,1.0,0.0,0.0,0.0,1.0,0.0,1.0,1.0,7.0,17.0,29.0,1.0,7.0,23.0,35.0,0.0,0.0,0.0,0.0,0.0,0.0,0.0,0.0,0.0,0.0,1.0,77.0,0.14285714285714285,0.5862068965517241,,,1.0,0.0,0.0,0.0,0.0,1.0,0.0,0.0,0.0,1.0,0.0,1.0,1.0,7.0,17.0,29.0,1.0,7.0,23.0,35.0,0.0,0.0,0.0,0.0,0.0,0.0,0.0,0.0,0.0,0.0,1.0,77.0,0.14285714285714285,0.5862068965517241,,,1.0,0.0,0.0,0.0,0.0,1.0,0.0,0.0,0.0,1.0,0.0,1.0,1.0,7.0,17.0,29.0,1.0,7.0,23.0,35.0,0.0,0.0,0.0,0.0,0.0,0.0,0.0,0.0,0.0,0.0,1.0,77.0,0.14285714285714285,0.5862068965517241,,,1.0,0.0,0.0,0.0,0.0,1.0,0.0,0.0,0.0,1.0,0.0,1.0,1.0,7.0,17.0,29.0,1.0,7.0,23.0,35.0,0.0,0.0,0.0,0.0,0.0,0.0,0.0,0.0,0.0,0.0,1.0,77.0,0.14285714285714285,0.5862068965517241,,,0.0,0.0,0.0,,,,,,,,,,,,,,,,,,,,,,,,,,,,,,,,,,,,,,,,,0.0,,,,,,,,,,,,,,,,,,,,,,,,,,,,,,,,,,,,0.0,,,,,,,,,,,,,,,,,,,,,,,,,,,,,,,,,,,,0.0,,,,,,,,,,,,,,,,,,,,,,,,,,,,,,,,,,,,0.0,0.0,0.0,,0.0,5.0,13.0,,-0.7036276522929441,1.0,0.0,1.0,,,,,,,,,,,,,,,,,,,,,,,,,,,,,,,,,,,,,,,,,1.0,,,,,,,,,,,,,,,,,,,,,,,,,,,,,,,,,,,,1.0,,,,,,,,,,,,,,,,,,,,,,,,,,,,,,,,,,,,1.0,,,,,,,,,,,,,,,,,,,,,,,,,,,,,,,,,,,
5c3542260741c6bc,29f935654825331b,1997-12-21,0ee783aa00e468f0,19ffeb5e3fffd6d5,Heavyweight,0,1,72.0,185.0,74.0,20.722792607802873,Southpaw,Vitor Belfort,73.0,260.0,,,Southpaw,Joe Charles,Southpaw_vs_Southpaw,4.0,3.0,1.0,0.75,0.75,0.0,0.0,0.25,0.75,0.75,0.0,0.0,0.25,0.0,0.0,0.75,0.25,0.5,0.0,11.75,21.5,9.25,14.25,15.25,25.0,20.0,25.5,0.25,0.5,0.25,0.5,0.0,0.25,0.0,0.0,0.0,0.0,1.0,167.0,0.5465116279069767,0.6491228070175439,0.5,0.5,3.0,0.6666666666666666,0.6666666666666666,0.0,0.0,0.3333333333333333,0.0,0.0,0.6666666666666666,0.3333333333333333,0.3333333333333333,0.0,10.0,19.0,12.0,16.666666666666668,12.666666666666666,21.666666666666668,26.333333333333332,31.666666666666668,0.3333333333333333,0.6666666666666666,0.3333333333333333,0.6666666666666666,0.0,0.3333333333333333,0.0,0.0,0.0,0.0,1.0,197.0,0.5263157894736842,0.72,0.5,0.5,4.0,0.75,0.75,0.0,0.0,0.25,0.0,0.0,0.75,0.25,0.5,0.0,11.75,21.5,9.25,14.25,15.25,25.0,20.0,25.5,0.25,0.5,0.25,0.5,0.0,0.25,0.0,0.0,0.0,0.0,1.0,167.0,0.5465116279069767,0.6491228070175439,0.5,0.5,4.0,0.75,0.75,0.0,0.0,0.25,0.0,0.0,0.75,0.25,0.5,0.0,11.75,21.5,9.25,14.25,15.25,25.0,20.0,25.5,0.25,0.5,0.25,0.5,0.0,0.25,0.0,0.0,0.0,0.0,1.0,167.0,0.5465116279069767,0.6491228070175439,0.5,0.5,3.0,2.0,1.0,0.6666666666666666,0.0,0.6666666666666666,0.0,0.3333333333333333,0.6666666666666666,0.0,0.6666666666666666,0.0,0.0,0.3333333333333333,0.0,0.6666666666666666,0.3333333333333333,0.0,0.0,0.3333333333333333,0.3333333333333333,0.6666666666666666,1.3333333333333333,0.3333333333333333,0.6666666666666666,4.0,6.333333333333333,0.0,0.0,0.3333333333333333,0.3333333333333333,0.0,0.3333333333333333,0.0,0.0,0.0,0.0,0.3333333333333333,130.0,1.0,0.5,,1.0,3.0,0.6666666666666666,0.0,0.6666666666666666,0.0,0.0,0.3333333333333333,0.0,0.6666666666666666,0.3333333333333333,0.0,0.0,0.3333333333333333,0.3333333333333333,0.6666666666666666,1.3333333333333333,0.3333333333333333,0.6666666666666666,4.0,6.333333333333333,0.0,0.0,0.3333333333333333,0.3333333333333333,0.0,0.3333333333333333,0.0,0.0,0.0,0.0,0.3333333333333333,130.0,1.0,0.5,,1.0,3.0,0.6666666666666666,0.0,0.6666666666666666,0.0,0.0,0.3333333333333333,0.0,0.6666666666666666,0.3333333333333333,0.0,0.0,0.3333333333333333,0.3333333333333333,0.6666666666666666,1.3333333333333333,0.3333333333333333,0.6666666666666666,4.0,6.333333333333333,0.0,0.0,0.3333333333333333,0.3333333333333333,0.0,0.3333333333333333,0.0,0.0,0.0,0.0,0.3333333333333333,130.0,1.0,0.5,,1.0,3.0,0.6666666666666666,0.0,0.6666666666666666,0.0,0.0,0.3333333333333333,0.0,0.6666666666666666,0.3333333333333333,0.0,0.0,0.3333333333333333,0.3333333333333333,0.6666666666666666,1.3333333333333333,0.3333333333333333,0.6666666666666666,4.0,6.333333333333333,0.0,0.0,0.3333333333333333,0.3333333333333333,0.0,0.3333333333333333,0.0,0.0,0.0,0.0,0.3333333333333333,130.0,1.0,0.5,,1.0,0.0,0.0,0.0,,0.0,-1.0,-75.0,,,1.0,1.0,0.0,0.08333333333333337,0.75,-0.6666666666666666,0.0,-0.08333333333333331,0.08333333333333337,0.75,-0.6666666666666666,0.0,0.25,-0.3333333333333333,0.0,0.08333333333333337,-0.08333333333333331,0.5,0.0,11.416666666666666,21.166666666666668,8.583333333333334,12.916666666666666,14.916666666666666,24.333333333333332,16.0,19.166666666666668,0.25,0.5,-0.08333333333333331,0.16666666666666669,0.0,-0.08333333333333331,0.0,0.0,0.0,0.0,0.6666666666666667,37.0,-0.4534883720930233,0.14912280701754388,,-0.5,0.0,0.0,0.6666666666666666,-0.6666666666666666,0.0,0.3333333333333333,-0.3333333333333333,0.0,0.0,0.0,0.3333333333333333,0.0,9.666666666666666,18.666666666666668,11.333333333333334,15.333333333333334,12.333333333333332,21.0,22.333333333333332,25.333333333333336,0.3333333333333333,0.6666666666666666,0.0,0.3333333333333333,0.0,0.0,0.0,0.0,0.0,0.0,0.6666666666666667,67.0,-0.4736842105263158,0.21999999999999997,,-0.5,1.0,0.08333333333333337,0.75,-0.6666666666666666,0.0,0.25,-0.3333333333333333,0.0,0.08333333333333337,-0.08333333333333331,0.5,0.0,11.416666666666666,21.166666666666668,8.583333333333334,12.916666666666666,14.916666666666666,24.333333333333332,16.0,19.166666666666668,0.25,0.5,-0.08333333333333331,0.16666666666666669,0.0,-0.08333333333333331,0.0,0.0,0.0,0.0,0.6666666666666667,37.0,-0.4534883720930233,0.14912280701754388,,-0.5,1.0,0.08333333333333337,0.75,-0.6666666666666666,0.0,0.25,-0.3333333333333333,0.0,0.08333333333333337,-0.08333333333333331,0.5,0.0,11.416666666666666,21.166666666666668,8.583333333333334,12.916666666666666,14.916666666666666,24.333333333333332,16.0,19.166666666666668,0.25,0.5,-0.08333333333333331,0.16666666666666669,0.0,-0.08333333333333331,0.0,0.0,0.0,0.0,0.6666666666666667,37.0,-0.4534883720930233,0.14912280701754388,,-0.5
748657d9ba9d7c71,29f935654825331b,1997-12-21,0aa92558424ced9e,33e33d51f289d2a1,Heavyweight,1,1,73.0,205.0,75.0,34.49965776865161,Orthodox,Randy Couture,74.0,221.0,,36.02190280629706,Orthodox,Maurice Smith,Orthodox_vs_Orthodox,3.0,3.0,0.0,1.0,0.6666666666666666,0.3333333333333333,0.0,0.0,1.0,0.6666666666666666,0.3333333333333333,0.0,0.0,0.0,0.0,1.0,0.0,0.0,0.0,17.0,21.0,2.0,7.0,34.333333333333336,39.0,4.666666666666667,9.666666666666666,1.0,1.0,0.0,0.3333333333333333,0.6666666666666666,0.0,0.0,0.0,0.0,0.0,1.0,248.33333333333334,0.8095238095238095,0.2857142857142857,1.0,0.0,3.0,1.0,0.6666666666666666,0.3333333333333333,0.0,0.0,0.0,0.0,1.0,0.0,0.0,0.0,17.0,21.0,2.0,7.0,34.333333333333336,39.0,4.666666666666667,9.666666666666666,1.0,1.0,0.0,0.3333333333333333,0.6666666666666666,0.0,0.0,0.0,0.0,0.0,1.0,248.33333333333334,0.8095238095238095,0.2857142857142857,1.0,0.0,3.0,1.0,0.6666666666666666,0.3333333333333333,0.0,0.0,0.0,0.0,1.0,0.0,0.0,0.0,17.0,21.0,2.0,7.0,34.333333333333336,39.0,4.666666666666667,9.666666666666666,1.0,1.0,0.0,0.3333333333333333,0.6666666666666666,0.0,0.0,0.0,0.0,0.0,1.0,248.33333333333334,0.8095238095238095,0.2857142857142857,1.0,0.0,3.0,1.0,0.6666666666666666,0.3333333333333333,0.0,0.0,0.0,0.0,1.0,0.0,0.0,0.0,17.0,21.0,2.0,7.0,34.333333333333336,39.0,4.666666666666667,9.666666666666666,1.0,1.0,0.0,0.3333333333333333,0.6666666666666666,0.0,0.0,0.0,0.0,0.0,1.0,248.33333333333334,0.8095238095238095,0.2857142857142857,1.0,0.0,2.0,2.0,0.0,1.0,0.0,0.5,0.5,0.0,1.0,0.0,0.5,0.5,0.0,0.0,0.0,0.5,0.0,0.0,0.5,33.5,39.0,12.0,32.5,83.5,89.0,32.0,59.5,0.0,0.0,1.0,3.5,0.5,1.0,0.5,0.0,0.0,0.0,2.0,634.0,0.8589743589743589,0.36923076923076925,,0.2857142857142857,2.0,1.0,0.0,0.5,0.5,0.0,0.0,0.0,0.5,0.0,0.0,0.5,33.5,39.0,12.0,32.5,83.5,89.0,32.0,59.5,0.0,0.0,1.0,3.5,0.5,1.0,0.5,0.0,0.0,0.0,2.0,634.0,0.8589743589743589,0.36923076923076925,,0.2857142857142857,2.0,1.0,0.0,0.5,0.5,0.0,0.0,0.0,0.5,0.0,0.0,0.5,33.5,39.0,12.0,32.5,83.5,89.0,32.0,59.5,0.0,0.0,1.0,3.5,0.5,1.0,0.5,0.0,0.0,0.0,2.0,634.0,0.8589743589743589,0.36923076923076925,,0.2857142857142857,2.0,1.0,0.0,0.5,0.5,0.0,0.0,0.0,0.5,0.0,0.0,0.5,33.5,39.0,12.0,32.5,83.5,89.0,32.0,59.5,0.0,0.0,1.0,3.5,0.5,1.0,0.5,0.0,0.0,0.0,2.0,634.0,0.8589743589743589,0.36923076923076925,,0.2857142857142857,0.0,0.0,0.0,,0.0,-1.0,-16.0,,-1.5222450376454475,1.0,1.0,0.0,0.0,0.6666666666666666,-0.16666666666666669,-0.5,0.0,0.0,0.6666666666666666,-0.16666666666666669,-0.5,0.0,0.0,0.0,0.5,0.0,0.0,-0.5,-16.5,-18.0,-10.0,-25.5,-49.166666666666664,-50.0,-27.333333333333332,-49.833333333333336,1.0,1.0,-1.0,-3.1666666666666665,0.16666666666666663,-1.0,-0.5,0.0,0.0,0.0,-1.0,-385.66666666666663,-0.049450549450549386,-0.08351648351648355,,-0.2857142857142857,1.0,0.0,0.6666666666666666,-0.16666666666666669,-0.5,0.0,0.0,0.0,0.5,0.0,0.0,-0.5,-16.5,-18.0,-10.0,-25.5,-49.166666666666664,-50.0,-27.333333333333332,-49.833333333333336,1.0,1.0,-1.0,-3.1666666666666665,0.16666666666666663,-1.0,-0.5,0.0,0.0,0.0,-1.0,-385.66666666666663,-0.049450549450549386,-0.08351648351648355,,-0.2857142857142857,1.0,0.0,0.6666666666666666,-0.16666666666666669,-0.5,0.0,0.0,0.0,0.5,0.0,0.0,-0.5,-16.5,-18.0,-10.0,-25.5,-49.166666666666664,-50.0,-27.333333333333332,-49.833333333333336,1.0,1.0,-1.0,-3.1666666666666665,0.16666666666666663,-1.0,-0.5,0.0,0.0,0.0,-1.0,-385.66666666666663,-0.049450549450549386,-0.08351648351648355,,-0.2857142857142857,1.0,0.0,0.6666666666666666,-0.16666666666666669,-0.5,0.0,0.0,0.0,0.5,0.0,0.0,-0.5,-16.5,-18.0,-10.0,-25.5,-49.166666666666664,-50.0,-27.333333333333332,-49.833333333333336,1.0,1.0,-1.0,-3.1666666666666665,0.16666666666666663,-1.0,-0.5,0.0,0.0,0.0,-1.0,-385.66666666666663,-0.049450549450549386,-0.08351648351648355,,-0.2857142857142857
764e492b55c0ec40,29f935654825331b,1997-12-21,b361180739bed4b0,e06fd1260ac865a7,Heavyweight,0,1,72.0,265.0,,32.65434633812457,Switch,David Abbott,71.0,205.0,,30.73511293634497,Orthodox,Yoji Anjo,Switch_vs_Orthodox,12.0,6.0,6.0,0.5,0.3333333333333333,0.16666666666666666,0.0,0.3333333333333333,0.5,0.3333333333333333,0.16666666666666666,0.0,0.08333333333333333,0.25,0.16666666666666666,0.5,0.3333333333333333,0.3333333333333333,0.0,8.666666666666666,18.75,13.5,19.833333333333332,14.833333333333334,26.333333333333332,46.25,54.583333333333336,0.5,0.8333333333333334,0.16666666666666666,0.5833333333333334,0.3333333333333333,0.5833333333333334,0.0,0.0,0.0,0.0,1.0833333333333333,317.8333333333333,0.4622222222222222,0.680672268907563,0.6,0.2857142857142857,3.0,0.3333333333333333,0.3333333333333333,0.0,0.0,0.3333333333333333,0.3333333333333333,0.0,0.3333333333333333,0.6666666666666666,0.3333333333333333,0.0,3.6666666666666665,12.0,10.666666666666666,14.666666666666666,9.333333333333334,20.333333333333332,23.333333333333332,28.666666666666668,0.0,0.6666666666666666,0.3333333333333333,0.3333333333333333,0.3333333333333333,0.3333333333333333,0.0,0.0,0.0,0.0,1.0,237.0,0.3055555555555556,0.7272727272727273,0.0,1.0,5.0,0.4,0.4,0.0,0.0,0.2,0.4,0.0,0.4,0.6,0.4,0.0,6.6,16.2,8.0,12.8,11.4,22.8,15.6,21.2,0.2,0.6,0.2,0.2,0.2,0.6,0.0,0.0,0.0,0.0,1.0,171.2,0.4074074074074074,0.625,0.3333333333333333,1.0,10.0,0.5,0.3,0.2,0.0,0.1,0.2,0.2,0.5,0.3,0.4,0.0,7.3,15.9,15.7,22.6,12.1,22.0,49.5,58.2,0.3,0.6,0.2,0.4,0.3,0.3,0.0,0.0,0.0,0.0,1.1,263.6,0.4591194968553459,0.6946902654867256,0.5,0.5,0.0,0.0,0.0,,,,,,,,,,,,,,,,,,,,,,,,,,,,,,,,,,,,,,,,,0.0,,,,,,,,,,,,,,,,,,,,,,,,,,,,,,,,,,,,0.0,,,,,,,,,,,,,,,,,,,,,,,,,,,,,,,,,,,,0.0,,,,,,,,,,,,,,,,,,,,,,,,,,,,,,,,,,,,0.0,0.0,0.0,,0.0,1.0,60.0,,1.9192334017796,12.0,6.0,6.0,,,,,,,,,,,,,,,,,,,,,,,,,,,,,,,,,,,,,,,,,3.0,,,,,,,,,,,,,,,,,,,,,,,,,,,,,,,,,,,,5.0,,,,,,,,,,,,,,,,,,,,,,,,,,,,,,,,,,,,10.0,,,,,,,,,,,,,,,,,,,,,,,,,,,,,,,,,,,
e0c636beed345e1d,29f935654825331b,1997-12-21,fcaae0385b514f11,13b2f59210dda9cc,Light Heavyweight,1,1,70.0,185.0,,25.034907597535934,Orthodox,Frank Shamrock,70.0,199.0,,33.07049965776865,Switch,Kevin Jackson,Orthodox_vs_Switch,0.0,0.0,0.0,,,,,,,,,,,,,,,,,,,,,,,,,,,,,,,,,,,,,,,,,0.0,,,,,,,,,,,,,,,,,,,,,,,,,,,,,,,,,,,,0.0,,,,,,,,,,,,,,,,,,,,,,,,,,,,,,,,,,,,0.0,,,,,,,,,,,,,,,,,,,,,,,,,,,,,,,,,,,,2.0,2.0,0.0,1.0,0.5,0.5,0.0,0.0,1.0,0.5,0.5,0.0,0.0,0.0,0.0,1.0,0.0,0.0,0.0,2.5,5.0,0.5,2.5,3.5,6.0,0.5,2.5,1.0,1.0,0.0,0.0,0.5,0.0,0.0,0.0,0.0,0.0,1.0,65.5,0.5,0.2,1.0,,2.0,1.0,0.5,0.5,0.0,0.0,0.0,0.0,1.0,0.0,0.0,0.0,2.5,5.0,0.5,2.5,3.5,6.0,0.5,2.5,1.0,1.0,0.0,0.0,0.5,0.0,0.0,0.0,0.0,0.0,1.0,65.5,0.5,0.2,1.0,,2.0,1.0,0.5,0.5,0.0,0.0,0.0,0.0,1.0,0.0,0.0,0.0,2.5,5.0,0.5,2.5,3.5,6.0,0.5,2.5,1.0,1.0,0.0,0.0,0.5,0.0,0.0,0.0,0.0,0.0,1.0,65.5,0.5,0.2,1.0,,2.0,1.0,0.5,0.5,0.0,0.0,0.0,0.0,1.0,0.0,0.0,0.0,2.5,5.0,0.5,2.5,3.5,6.0,0.5,2.5,1.0,1.0,0.0,0.0,0.5,0.0,0.0,0.0,0.0,0.0,1.0,65.5,0.5,0.2,1.0,,0.0,0.0,0.0,,0.0,0.0,-14.0,,-8.035592060232716,-2.0,-2.0,0.0,,,,,,,,,,,,,,,,,,,,,,,,,,,,,,,,,,,,,,,,,-2.0,,,,,,,,,,,,,,,,,,,,,,,,,,,,,,,,,,,,-2.0,,,,,,,,,,,,,,,,,,,,,,,,,,,,,,,,,,,,-2.0,,,,,,,,,,,,,,,,,,,,,,,,,,,,,,,,,,,
ec1bda9a4c2aab42,29f935654825331b,1997-12-21,9b5b5a75523728f3,f717b6002486f73f,Ultimate Japan Heavyweight Tournament,1,1,72.0,185.0,,28.438056125941138,Southpaw,Kazushi Sakuraba,75.0,242.0,,33.0321697467488,Orthodox,Marcus Silveira,Southpaw_vs_Orthodox,0.0,0.0,0.0,,,,,,,,,,,,,,,,,,,,,,,,,,,,,,,,,,,,,,,,,0.0,,,,,,,,,,,,,,,,,,,,,,,,,,,,,,,,,,,,0.0,,,,,,,,,,,,,,,,,,,,,,,,,,,,,,,,,,,,0.0,,,,,,,,,,,,,,,,,,,,,,,,,,,,,,,,,,,,0.0,0.0,0.0,,,,,,,,,,,,,,,,,,,,,,,,,,,,,,,,,,,,,,,,,0.0,,,,,,,,,,,,,,,,,,,,,,,,,,,,,,,,,,,,0.0,,,,,,,,,,,,,,,,,,,,,,,,,,,,,,,,,,,,0.0,,,,,,,,,,,,,,,,,,,,,,,,,,,,,,,,,,,,0.0,0.0,0.0,,0.0,-3.0,-57.0,,-4.594113620807661,0.0,0.0,0.0,,,,,,,,,,,,,,,,,,,,,,,,,,,,,,,,,,,,,,,,,0.0,,,,,,,,,,,,,,,,,,,,,,,,,,,,,,,,,,,,0.0,,,,,,,,,,,,,,,,,,,,,,,,,,,,,,,,,,,,0.0,,,,,,,,,,,,,,,,,,,,,,,,,,,,,,,,,,,
2b7120d3f5e7b325,d5ed14b2153c6ed2,1998-03-05,597db668b01c442c,fbbde91f7bc2d3c5,Open Weight,0,1,73.0,210.0,,37.111567419575636,Orthodox,Marco Ruas,75.0,249.0,,32.12867898699521,Orthodox,Gary Goodridge,Orthodox_vs_Orthodox,5.0,4.0,1.0,0.8,0.2,0.6,0.0,0.0,0.8,0.2,0.6,0.0,0.0,0.0,0.2,0.8,0.0,0.2,0.0,11.8,26.0,5.0,15.6,21.4,37.4,12.4,25.0,0.4,0.6,0.2,0.8,1.2,1.0,0.2,0.2,0.0,0.0,1.0,597.2,0.45384615384615384,0.32051282051282054,0.6666666666666666,0.25,3.0,0.6666666666666666,0.3333333333333333,0.3333333333333333,0.0,0.0,0.0,0.3333333333333333,0.6666666666666666,0.0,0.3333333333333333,0.0,18.0,40.666666666666664,5.666666666666667,22.333333333333332,31.333333333333332,55.666666666666664,15.666666666666666,34.666666666666664,0.3333333333333333,0.6666666666666666,0.0,1.0,0.3333333333333333,0.6666666666666666,0.0,0.0,0.0,0.0,1.0,678.6666666666666,0.4426229508196721,0.2537313432835821,0.5,0.0,5.0,0.8,0.2,0.6,0.0,0.0,0.0,0.2,0.8,0.0,0.2,0.0,11.8,26.0,5.0,15.6,21.4,37.4,12.4,25.0,0.4,0.6,0.2,0.8,1.2,1.0,0.2,0.2,0.0,0.0,1.0,597.2,0.45384615384615384,0.32051282051282054,0.6666666666666666,0.25,5.0,0.8,0.2,0.6,0.0,0.0,0.0,0.2,0.8,0.0,0.2,0.0,11.8,26.0,5.0,15.6,21.4,37.4,12.4,25.0,0.4,0.6,0.2,0.8,1.2,1.0,0.2,0.2,0.0,0.0,1.0,597.2,0.45384615384615384,0.32051282051282054,0.6666666666666666,0.25,8.0,4.0,4.0,0.5,0.5,0.0,0.0,0.5,0.5,0.5,0.0,0.0,0.25,0.25,0.0,0.5,0.5,0.25,0.0,6.375,11.75,9.75,18.5,11.75,17.75,26.625,36.875,0.5,0.75,0.625,1.125,0.125,0.0,0.25,0.25,0.0,0.0,1.0,335.25,0.5425531914893617,0.527027027027027,0.6666666666666666,0.5555555555555556,3.0,0.6666666666666666,0.6666666666666666,0.0,0.0,0.0,0.3333333333333333,0.0,0.6666666666666666,0.3333333333333333,0.6666666666666666,0.0,11.333333333333334,21.0,8.0,14.0,22.0,32.666666666666664,14.333333333333334,21.333333333333332,0.3333333333333333,0.3333333333333333,0.0,0.6666666666666666,0.0,0.0,0.3333333333333333,0.0,0.0,0.0,1.0,354.6666666666667,0.5396825396825397,0.5714285714285714,1.0,0.0,5.0,0.4,0.4,0.0,0.0,0.2,0.4,0.0,0.4,0.6,0.4,0.0,7.6,14.8,13.0,23.8,15.4,23.6,33.6,46.0,0.2,0.2,1.0,1.4,0.0,0.0,0.2,0.0,0.0,0.0,1.0,440.8,0.5135135135135135,0.5462184873949579,1.0,0.7142857142857143,8.0,0.5,0.5,0.0,0.0,0.25,0.25,0.0,0.5,0.5,0.25,0.0,6.375,11.75,9.75,18.5,11.75,17.75,26.625,36.875,0.5,0.75,0.625,1.125,0.125,0.0,0.25,0.25,0.0,0.0,1.0,335.25,0.5425531914893617,0.527027027027027,0.6666666666666666,0.5555555555555556,0.0,0.0,0.0,,0.0,-2.0,-39.0,,4.982888432580424,-3.0,0.0,-3.0,0.30000000000000004,-0.3,0.6,0.0,-0.5,0.30000000000000004,-0.3,0.6,0.0,-0.25,-0.25,0.2,0.30000000000000004,-0.5,-0.04999999999999999,0.0,5.425000000000001,14.25,-4.75,-2.9000000000000004,9.649999999999999,19.65,-14.225,-11.875,-0.09999999999999998,-0.15000000000000002,-0.425,-0.32499999999999996,1.075,1.0,-0.04999999999999999,-0.04999999999999999,0.0,0.0,0.0,261.95000000000005,-0.08870703764320781,-0.20651420651420643,0.0,-0.3055555555555556,0.0,0.0,-0.3333333333333333,0.3333333333333333,0.0,0.0,-0.3333333333333333,0.3333333333333333,0.0,-0.3333333333333333,-0.3333333333333333,0.0,6.666666666666666,19.666666666666664,-2.333333333333333,8.333333333333332,9.333333333333332,23.0,1.3333333333333321,13.333333333333332,0.0,0.3333333333333333,0.0,0.33333333333333337,0.3333333333333333,0.6666666666666666,-0.3333333333333333,0.0,0.0,0.0,0.0,323.99999999999994,-0.09705958886286753,-0.3176972281449893,-0.5,0.0,0.0,0.4,-0.2,0.6,0.0,-0.2,-0.4,0.2,0.4,-0.6,-0.2,0.0,4.200000000000001,11.2,-8.0,-8.200000000000001,5.999999999999998,13.799999999999997,-21.200000000000003,-21.0,0.2,0.39999999999999997,-0.8,-0.5999999999999999,1.2,1.0,0.0,0.2,0.0,0.0,0.0,156.40000000000003,-0.05966735966735964,-0.2257056668821374,-0.33333333333333337,-0.4642857142857143,-3.0,0.30000000000000004,-0.3,0.6,0.0,-0.25,-0.25,0.2,0.30000000000000004,-0.5,-0.04999999999999999,0.0,5.425000000000001,14.25,-4.75,-2.9000000000000004,9.649999999999999,19.65,-14.225,-11.875,-0.09999999999999998,-0.15000000000000002,-0.425,-0.32499999999999996,1.075,1.0,-0.04999999999999999,-0.04999999999999999,0.0,0.0,0.0,261.95000000000005,-0.08870703764320781,-0.20651420651420643,0.0,-0.3055555555555556
7bbb46df42383d73,d5ed14b2153c6ed2,1998-03-05,9b5b5a75523728f3,12458872d6afae1b,Open Weight,0,1,72.0,185.0,,28.640657084188913,Southpaw,Kazushi Sakuraba,72.0,205.0,,26.253251197809718,Southpaw,Vernon White,Southpaw_vs_Southpaw,1.0,1.0,0.0,1.0,0.0,1.0,0.0,0.0,1.0,0.0,1.0,0.0,0.0,0.0,0.0,1.0,0.0,0.0,0.0,1.0,2.0,1.0,2.0,2.0,3.0,11.0,13.0,1.0,1.0,1.0,1.0,2.0,1.0,0.0,0.0,0.0,0.0,1.0,224.0,0.5,0.5,1.0,1.0,1.0,1.0,0.0,1.0,0.0,0.0,0.0,0.0,1.0,0.0,0.0,0.0,1.0,2.0,1.0,2.0,2.0,3.0,11.0,13.0,1.0,1.0,1.0,1.0,2.0,1.0,0.0,0.0,0.0,0.0,1.0,224.0,0.5,0.5,1.0,1.0,1.0,1.0,0.0,1.0,0.0,0.0,0.0,0.0,1.0,0.0,0.0,0.0,1.0,2.0,1.0,2.0,2.0,3.0,11.0,13.0,1.0,1.0,1.0,1.0,2.0,1.0,0.0,0.0,0.0,0.0,1.0,224.0,0.5,0.5,1.0,1.0,1.0,1.0,0.0,1.0,0.0,0.0,0.0,0.0,1.0,0.0,0.0,0.0,1.0,2.0,1.0,2.0,2.0,3.0,11.0,13.0,1.0,1.0,1.0,1.0,2.0,1.0,0.0,0.0,0.0,0.0,1.0,224.0,0.5,0.5,1.0,1.0,0.0,0.0,0.0,,,,,,,,,,,,,,,,,,,,,,,,,,,,,,,,,,,,,,,,,0.0,,,,,,,,,,,,,,,,,,,,,,,,,,,,,,,,,,,,0.0,,,,,,,,,,,,,,,,,,,,,,,,,,,,,,,,,,,,0.0,,,,,,,,,,,,,,,,,,,,,,,,,,,,,,,,,,,,0.0,0.0,0.0,,0.0,0.0,-20.0,,2.387405886379195,1.0,1.0,0.0,,,,,,,,,,,,,,,,,,,,,,,,,,,,,,,,,,,,,,,,,1.0,,,,,,,,,,,,,,,,,,,,,,,,,,,,,,,,,,,,1.0,,,,,,,,,,,,,,,,,,,,,,,,,,,,,,,,,,,,1.0,,,,,,,,,,,,,,,,,,,,,,,,,,,,,,,,,,,
7f0e5ac5bcb5a0f3,d5ed14b2153c6ed2,1998-03-05,aae0897825336b1a,e4bde462b043d3e1,Open Weight,0,1,70.0,185.0,,30.98425735797399,Orthodox,Renzo Gracie,69.0,200.0,,26.483230663928815,Orthodox,Sanae Kikuta,Orthodox_vs_Orthodox,0.0,0.0,0.0,,,,,,,,,,,,,,,,,,,,,,,,,,,,,,,,,,,,,,,,,0.0,,,,,,,,,,,,,,,,,,,,,,,,,,,,,,,,,,,,0.0,,,,,,,,,,,,,,,,,,,,,,,,,,,,,,,,,,,,0.0,,,,,,,,,,,,,,,,,,,,,,,,,,,,,,,,,,,,0.0,0.0,0.0,,,,,,,,,,,,,,,,,,,,,,,,,,,,,,,,,,,,,,,,,0.0,,,,,,,,,,,,,,,,,,,,,,,,,,,,,,,,,,,,0.0,,,,,,,,,,,,,,,,,,,,,,,,,,,,,,,,,,,,0.0,,,,,,,,,,,,,,,,,,,,,,,,,,,,,,,,,,,,0.0,0.0,0.0,,0.0,1.0,-15.0,,4.501026694045176,0.0,0.0,0.0,,,,,,,,,,,,,,,,,,,,,,,,,,,,,,,,,,,,,,,,,0.0,,,,,,,,,,,,,,,,,,,,,,,,,,,,,,,,,,,,0.0,,,,,,,,,,,,,,,,,,,,,,,,,,,,,,,,,,,,0.0,,,,,,,,,,,,,,,,,,,,,,,,,,,,,,,,,,,
968766d39fe12bd4,d5ed14b2153c6ed2,1998-03-05,b0c95dc8e858452c,5da4e8dc02e50ac0,Open Weight,0,1,68.0,195.0,,24.09034907597536,Orthodox,Akira Shoji,72.0,190.0,,32.24093086926762,Switch,Juan Mott,Orthodox_vs_Switch,0.0,0.0,0.0,,,,,,,,,,,,,,,,,,,,,,,,,,,,,,,,,,,,,,,,,0.0,,,,,,,,,,,,,,,,,,,,,,,,,,,,,,,,,,,,0.0,,,,,,,,,,,,,,,,,,,,,,,,,,,,,,,,,,,,0.0,,,,,,,,,,,,,,,,,,,,,,,,,,,,,,,,,,,,0.0,0.0,0.0,,,,,,,,,,,,,,,,,,,,,,,,,,,,,,,,,,,,,,,,,0.0,,,,,,,,,,,,,,,,,,,,,,,,,,,,,,,,,,,,0.0,,,,,,,,,,,,,,,,,,,,,,,,,,,,,,,,,,,,0.0,,,,,,,,,,,,,,,,,,,,,,,,,,,,,,,,,,,,0.0,0.0,0.0,,0.0,-4.0,5.0,,-8.150581793292261,0.0,0.0,0.0,,,,,,,,,,,,,,,,,,,,,,,,,,,,,,,,,,,,,,,,,0.0,,,,,,,,,,,,,,,,,,,,,,,,,,,,,,,,,,,,0.0,,,,,,,,,,,,,,,,,,,,,,,,,,,,,,,,,,,,0.0,,,,,,,,,,,,,,,,,,,,,,,,,,,,,,,,,,,
bc3beeb2224ea493,d5ed14b2153c6ed2,1998-03-05,b807814d977682eb,4c12aa7ca246e7a4,Open Weight,0,1,68.0,150.0,,32.24366872005476,Southpaw,Royler Gracie,71.0,243.0,,33.08418891170431,Orthodox,Yuhi Sano,Southpaw_vs_Orthodox,0.0,0.0,0.0,,,,,,,,,,,,,,,,,,,,,,,,,,,,,,,,,,,,,,,,,0.0,,,,,,,,,,,,,,,,,,,,,,,,,,,,,,,,,,,,0.0,,,,,,,,,,,,,,,,,,,,,,,,,,,,,,,,,,,,0.0,,,,,,,,,,,,,,,,,,,,,,,,,,,,,,,,,,,,0.0,0.0,0.0,,,,,,,,,,,,,,,,,,,,,,,,,,,,,,,,,,,,,,,,,0.0,,,,,,,,,,,,,,,,,,,,,,,,,,,,,,,,,,,,0.0,,,,,,,,,,,,,,,,,,,,,,,,,,,,,,,,,,,,0.0,,,,,,,,,,,,,,,,,,,,,,,,,,,,,,,,,,,,0.0,0.0,0.0,,0.0,-3.0,-93.0,,-0.8405201916495528,0.0,0.0,0.0,,,,,,,,,,,,,,,,,,,,,,,,,,,,,,,,,,,,,,,,,0.0,,,,,,,,,,,,,,,,,,,,,,,,,,,,,,,,,,,,0.0,,,,,,,,,,,,,,,,,,,,,,,,,,,,,,,,,,,,0.0,,,,,,,,,,,,,,,,,,,,,,,,,,,,,,,,,,,
f1f9ae4be31392c7,d5ed14b2153c6ed2,1998-03-05,a7b48e18ca27795d,4e5bbc4566049cbf,Open Weight,0,1,75.0,266.0,,29.201916495550993,Switch,Mark Kerr,73.0,215.0,,43.419575633128,Orthodox,Branko Cikatic,Switch_vs_Orthodox,4.0,4.0,0.0,1.0,0.5,0.5,0.0,0.0,1.0,0.5,0.5,0.0,0.0,0.0,0.0,1.0,0.0,0.25,0.0,5.75,8.75,0.25,1.5,7.75,11.0,4.0,5.75,0.75,0.75,0.0,0.0,0.25,0.0,0.0,0.0,0.0,0.0,1.0,77.5,0.6571428571428571,0.16666666666666666,1.0,,3.0,1.0,0.6666666666666666,0.3333333333333333,0.0,0.0,0.0,0.0,1.0,0.0,0.3333333333333333,0.0,6.666666666666667,9.666666666666666,0.3333333333333333,1.6666666666666667,9.333333333333334,12.333333333333334,3.3333333333333335,5.333333333333333,0.6666666666666666,0.6666666666666666,0.0,0.0,0.3333333333333333,0.0,0.0,0.0,0.0,0.0,1.0,70.66666666666667,0.6896551724137931,0.2,1.0,,4.0,1.0,0.5,0.5,0.0,0.0,0.0,0.0,1.0,0.0,0.25,0.0,5.75,8.75,0.25,1.5,7.75,11.0,4.0,5.75,0.75,0.75,0.0,0.0,0.25,0.0,0.0,0.0,0.0,0.0,1.0,77.5,0.6571428571428571,0.16666666666666666,1.0,,4.0,1.0,0.5,0.5,0.0,0.0,0.0,0.0,1.0,0.0,0.25,0.0,5.75,8.75,0.25,1.5,7.75,11.0,4.0,5.75,0.75,0.75,0.0,0.0,0.25,0.0,0.0,0.0,0.0,0.0,1.0,77.5,0.6571428571428571,0.16666666666666666,1.0,,0.0,0.0,0.0,,,,,,,,,,,,,,,,,,,,,,,,,,,,,,,,,,,,,,,,,0.0,,,,,,,,,,,,,,,,,,,,,,,,,,,,,,,,,,,,0.0,,,,,,,,,,,,,,,,,,,,,,,,,,,,,,,,,,,,0.0,,,,,,,,,,,,,,,,,,,,,,,,,,,,,,,,,,,,0.0,0.0,0.0,,0.0,2.0,51.0,,-14.217659137577005,4.0,4.0,0.0,,,,,,,,,,,,,,,,,,,,,,,,,,,,,,,,,,,,,,,,,3.0,,,,,,,,,,,,,,,,,,,,,,,,,,,,,,,,,,,,4.0,,,,,,,,,,,,,,,,,,,,,,,,,,,,,,,,,,,,4.0,,,,,,,,,,,,,,,,,,,,,,,,,,,,,,,,,,,
16f25f0808db6f77,749685d24e2cac50,1998-03-13,cedfdf8d423d500c,b19fc66613dc75b9,Lightweight,0,1,70.0,170.0,,30.00958247775496,Orthodox,Pat Miletich,68.0,170.0,,26.417522245037645,Orthodox,Chris Brennan,Orthodox_vs_Orthodox,0.0,0.0,0.0,,,,,,,,,,,,,,,,,,,,,,,,,,,,,,,,,,,,,,,,,0.0,,,,,,,,,,,,,,,,,,,,,,,,,,,,,,,,,,,,0.0,,,,,,,,,,,,,,,,,,,,,,,,,,,,,,,,,,,,0.0,,,,,,,,,,,,,,,,,,,,,,,,,,,,,,,,,,,,0.0,0.0,0.0,,,,,,,,,,,,,,,,,,,,,,,,,,,,,,,,,,,,,,,,,0.0,,,,,,,,,,,,,,,,,,,,,,,,,,,,,,,,,,,,0.0,,,,,,,,,,,,,,,,,,,,,,,,,,,,,,,,,,,,0.0,,,,,,,,,,,,,,,,,,,,,,,,,,,,,,,,,,,,0.0,0.0,0.0,,0.0,2.0,0.0,,3.5920602327173157,0.0,0.0,0.0,,,,,,,,,,,,,,,,,,,,,,,,,,,,,,,,,,,,,,,,,0.0,,,,,,,,,,,,,,,,,,,,,,,,,,,,,,,,,,,,0.0,,,,,,,,,,,,,,,,,,,,,,,,,,,,,,,,,,,,0.0,,,,,,,,,,,,,,,,,,,,,,,,,,,,,,,,,,,
43885ee6cc5ed241,749685d24e2cac50,1998-03-13,cedfdf8d423d500c,20bd6c3e03c46ee6,Lightweight,0,1,70.0,170.0,,30.00958247775496,Orthodox,Pat Miletich,65.0,170.0,,,Orthodox,Townsend Saunders,Orthodox_vs_Orthodox,1.0,1.0,0.0,1.0,0.0,1.0,0.0,0.0,1.0,0.0,1.0,0.0,0.0,0.0,0.0,1.0,0.0,0.0,0.0,6.0,14.0,2.0,10.0,67.0,77.0,70.0,83.0,0.0,0.0,1.0,1.0,1.0,1.0,0.0,0.0,0.0,0.0,1.0,542.0,0.42857142857142855,0.2,,1.0,1.0,1.0,0.0,1.0,0.0,0.0,0.0,0.0,1.0,0.0,0.0,0.0,6.0,14.0,2.0,10.0,67.0,77.0,70.0,83.0,0.0,0.0,1.0,1.0,1.0,1.0,0.0,0.0,0.0,0.0,1.0,542.0,0.42857142857142855,0.2,,1.0,1.0,1.0,0.0,1.0,0.0,0.0,0.0,0.0,1.0,0.0,0.0,0.0,6.0,14.0,2.0,10.0,67.0,77.0,70.0,83.0,0.0,0.0,1.0,1.0,1.0,1.0,0.0,0.0,0.0,0.0,1.0,542.0,0.42857142857142855,0.2,,1.0,1.0,1.0,0.0,1.0,0.0,0.0,0.0,0.0,1.0,0.0,0.0,0.0,6.0,14.0,2.0,10.0,67.0,77.0,70.0,83.0,0.0,0.0,1.0,1.0,1.0,1.0,0.0,0.0,0.0,0.0,1.0,542.0,0.42857142857142855,0.2,,1.0,0.0,0.0,0.0,,,,,,,,,,,,,,,,,,,,,,,,,,,,,,,,,,,,,,,,,0.0,,,,,,,,,,,,,,,,,,,,,,,,,,,,,,,,,,,,0.0,,,,,,,,,,,,,,,,,,,,,,,,,,,,,,,,,,,,0.0,,,,,,,,,,,,,,,,,,,,,,,,,,,,,,,,,,,,0.0,0.0,0.0,,0.0,5.0,0.0,,,1.0,1.0,0.0,,,,,,,,,,,,,,,,,,,,,,,,,,,,,,,,,,,,,,,,,1.0,,,,,,,,,,,,,,,,,,,,,,,,,,,,,,,,,,,,1.0,,,,,,,,,,,,,,,,,,,,,,,,,,,,,,,,,,,,1.0,,,,,,,,,,,,,,,,,,,,,,,,,,,,,,,,,,,
4bce0ce561a65288,749685d24e2cac50,1998-03-13,b19fc66613dc75b9,56f4b81ec4db61af,Lightweight,0,1,68.0,170.0,,26.417522245037645,Orthodox,Chris Brennan,74.0,170.0,,,Unknown,Courtney Turner,Orthodox_vs_Unknown,1.0,0.0,1.0,0.0,0.0,0.0,0.0,1.0,0.0,0.0,0.0,0.0,0.0,1.0,0.0,0.0,1.0,0.0,0.0,2.0,10.0,6.0,14.0,70.0,83.0,67.0,77.0,1.0,1.0,0.0,0.0,1.0,1.0,0.0,0.0,0.0,0.0,1.0,542.0,0.2,0.42857142857142855,1.0,,1.0,0.0,0.0,0.0,0.0,0.0,1.0,0.0,0.0,1.0,0.0,0.0,2.0,10.0,6.0,14.0,70.0,83.0,67.0,77.0,1.0,1.0,0.0,0.0,1.0,1.0,0.0,0.0,0.0,0.0,1.0,542.0,0.2,0.42857142857142855,1.0,,1.0,0.0,0.0,0.0,0.0,0.0,1.0,0.0,0.0,1.0,0.0,0.0,2.0,10.0,6.0,14.0,70.0,83.0,67.0,77.0,1.0,1.0,0.0,0.0,1.0,1.0,0.0,0.0,0.0,0.0,1.0,542.0,0.2,0.42857142857142855,1.0,,1.0,0.0,0.0,0.0,0.0,0.0,1.0,0.0,0.0,1.0,0.0,0.0,2.0,10.0,6.0,14.0,70.0,83.0,67.0,77.0,1.0,1.0,0.0,0.0,1.0,1.0,0.0,0.0,0.0,0.0,1.0,542.0,0.2,0.42857142857142855,1.0,,0.0,0.0,0.0,,,,,,,,,,,,,,,,,,,,,,,,,,,,,,,,,,,,,,,,,0.0,,,,,,,,,,,,,,,,,,,,,,,,,,,,,,,,,,,,0.0,,,,,,,,,,,,,,,,,,,,,,,,,,,,,,,,,,,,0.0,,,,,,,,,,,,,,,,,,,,,,,,,,,,,,,,,,,,0.0,0.0,0.0,,0.0,-6.0,0.0,,,1.0,0.0,1.0,,,,,,,,,,,,,,,,,,,,,,,,,,,,,,,,,,,,,,,,,1.0,,,,,,,,,,,,,,,,,,,,,,,,,,,,,,,,,,,,1.0,,,,,,,,,,,,,,,,,,,,,,,,,,,,,,,,,,,,1.0,,,,,,,,,,,,,,,,,,,,,,,,,,,,,,,,,,,
a3a328ca117184df,749685d24e2cac50,1998-03-13,4c805f5f58a75df0,f70144caea5c4c80,Lightweight,0,1,66.0,170.0,,23.917864476386036,Orthodox,Mikey Burnett,68.0,160.0,,34.57084188911704,Orthodox,Eugenio Tadeu,Orthodox_vs_Orthodox,0.0,0.0,0.0,,,,,,,,,,,,,,,,,,,,,,,,,,,,,,,,,,,,,,,,,0.0,,,,,,,,,,,,,,,,,,,,,,,,,,,,,,,,,,,,0.0,,,,,,,,,,,,,,,,,,,,,,,,,,,,,,,,,,,,0.0,,,,,,,,,,,,,,,,,,,,,,,,,,,,,,,,,,,,0.0,0.0,0.0,,,,,,,,,,,,,,,,,,,,,,,,,,,,,,,,,,,,,,,,,0.0,,,,,,,,,,,,,,,,,,,,,,,,,,,,,,,,,,,,0.0,,,,,,,,,,,,,,,,,,,,,,,,,,,,,,,,,,,,0.0,,,,,,,,,,,,,,,,,,,,,,,,,,,,,,,,,,,,0.0,0.0,0.0,,0.0,-2.0,10.0,,-10.652977412731005,0.0,0.0,0.0,,,,,,,,,,,,,,,,,,,,,,,,,,,,,,,,,,,,,,,,,0.0,,,,,,,,,,,,,,,,,,,,,,,,,,,,,,,,,,,,0.0,,,,,,,,,,,,,,,,,,,,,,,,,,,,,,,,,,,,0.0,,,,,,,,,,,,,,,,,,,,,,,,,,,,,,,,,,,
b55481006297ba05,749685d24e2cac50,1998-03-13,b76ed59283d3559c,08ae5cd9aef7ddd3,Heavyweight,0,1,71.0,225.0,,28.019164955509925,Orthodox,Tsuyoshi Kohsaka,75.0,235.0,,30.184804928131417,Orthodox,Kimo Leopoldo,Orthodox_vs_Orthodox,0.0,0.0,0.0,,,,,,,,,,,,,,,,,,,,,,,,,,,,,,,,,,,,,,,,,0.0,,,,,,,,,,,,,,,,,,,,,,,,,,,,,,,,,,,,0.0,,,,,,,,,,,,,,,,,,,,,,,,,,,,,,,,,,,,0.0,,,,,,,,,,,,,,,,,,,,,,,,,,,,,,,,,,,,3.0,1.0,2.0,0.3333333333333333,0.3333333333333333,0.0,0.0,0.6666666666666666,0.3333333333333333,0.3333333333333333,0.0,0.0,0.0,0.6666666666666666,0.0,0.3333333333333333,0.6666666666666666,0.0,0.0,6.333333333333333,8.333333333333334,7.666666666666667,11.666666666666666,12.0,16.333333333333332,43.666666666666664,54.666666666666664,0.3333333333333333,1.3333333333333333,0.3333333333333333,1.0,0.0,1.0,1.0,0.3333333333333333,0.0,0.0,1.0,364.0,0.76,0.6571428571428571,0.25,0.3333333333333333,3.0,0.3333333333333333,0.3333333333333333,0.0,0.0,0.0,0.6666666666666666,0.0,0.3333333333333333,0.6666666666666666,0.0,0.0,6.333333333333333,8.333333333333334,7.666666666666667,11.666666666666666,12.0,16.333333333333332,43.666666666666664,54.666666666666664,0.3333333333333333,1.3333333333333333,0.3333333333333333,1.0,0.0,1.0,1.0,0.3333333333333333,0.0,0.0,1.0,364.0,0.76,0.6571428571428571,0.25,0.3333333333333333,3.0,0.3333333333333333,0.3333333333333333,0.0,0.0,0.0,0.6666666666666666,0.0,0.3333333333333333,0.6666666666666666,0.0,0.0,6.333333333333333,8.333333333333334,7.666666666666667,11.666666666666666,12.0,16.333333333333332,43.666666666666664,54.666666666666664,0.3333333333333333,1.3333333333333333,0.3333333333333333,1.0,0.0,1.0,1.0,0.3333333333333333,0.0,0.0,1.0,364.0,0.76,0.6571428571428571,0.25,0.3333333333333333,3.0,0.3333333333333333,0.3333333333333333,0.0,0.0,0.0,0.6666666666666666,0.0,0.3333333333333333,0.6666666666666666,0.0,0.0,6.333333333333333,8.333333333333334,7.666666666666667,11.666666666666666,12.0,16.333333333333332,43.666666666666664,54.666666666666664,0.3333333333333333,1.3333333333333333,0.3333333333333333,1.0,0.0,1.0,1.0,0.3333333333333333,0.0,0.0,1.0,364.0,0.76,0.6571428571428571,0.25,0.3333333333333333,0.0,0.0,0.0,,0.0,-4.0,-10.0,,-2.1656399726214914,-3.0,-1.0,-2.0,,,,,,,,,,,,,,,,,,,,,,,,,,,,,,,,,,,,,,,,,-3.0,,,,,,,,,,,,,,,,,,,,,,,,,,,,,,,,,,,,-3.0,,,,,,,,,,,,,,,,,,,,,,,,,,,,,,,,,,,,-3.0,,,,,,,,,,,,,,,,,,,,,,,,,,,,,,,,,,,
b80872821bc4f6ba,749685d24e2cac50,1998-03-13,1c2f2571b18791b6,601cf40c09090853,Lightweight,0,1,71.0,170.0,,24.27652292950034,Orthodox,Laverne Clark,69.0,160.0,,,Unknown,Josh Stuart,Orthodox_vs_Unknown,0.0,0.0,0.0,,,,,,,,,,,,,,,,,,,,,,,,,,,,,,,,,,,,,,,,,0.0,,,,,,,,,,,,,,,,,,,,,,,,,,,,,,,,,,,,0.0,,,,,,,,,,,,,,,,,,,,,,,,,,,,,,,,,,,,0.0,,,,,,,,,,,,,,,,,,,,,,,,,,,,,,,,,,,,0.0,0.0,0.0,,,,,,,,,,,,,,,,,,,,,,,,,,,,,,,,,,,,,,,,,0.0,,,,,,,,,,,,,,,,,,,,,,,,,,,,,,,,,,,,0.0,,,,,,,,,,,,,,,,,,,,,,,,,,,,,,,,,,,,0.0,,,,,,,,,,,,,,,,,,,,,,,,,,,,,,,,,,,,0.0,0.0,0.0,,0.0,2.0,10.0,,,0.0,0.0,0.0,,,,,,,,,,,,,,,,,,,,,,,,,,,,,,,,,,,,,,,,,0.0,,,,,,,,,,,,,,,,,,,,,,,,,,,,,,,,,,,,0.0,,,,,,,,,,,,,,,,,,,,,,,,,,,,,,,,,,,,0.0,,,,,,,,,,,,,,,,,,,,,,,,,,,,,,,,,,,
db936df21e61209e,749685d24e2cac50,1998-03-13,93892752c5fc23ca,13b2f59210dda9cc,Middleweight,0,1,71.0,199.0,,24.079397672826833,Orthodox,Jerry Bohlander,70.0,199.0,,33.295003422313485,Switch,Kevin Jackson,Orthodox_vs_Switch,5.0,4.0,1.0,0.8,0.0,0.6,0.2,0.2,0.8,0.0,0.6,0.2,0.2,0.0,0.0,0.6,0.2,0.0,0.0,5.6,9.0,2.8,4.2,46.2,52.4,7.8,9.2,0.6,0.8,0.8,1.8,0.6,0.6,0.4,0.2,0.0,0.0,1.0,379.4,0.6222222222222222,0.6666666666666666,0.75,0.4444444444444444,3.0,1.0,0.0,0.6666666666666666,0.3333333333333333,0.0,0.0,0.0,0.6666666666666666,0.0,0.0,0.0,6.666666666666667,9.333333333333334,0.6666666666666666,1.0,62.0,67.0,5.0,5.333333333333333,1.0,1.0,0.3333333333333333,1.3333333333333333,0.6666666666666666,0.3333333333333333,0.3333333333333333,0.0,0.0,0.0,1.0,341.0,0.7142857142857143,0.6666666666666666,1.0,0.25,5.0,0.8,0.0,0.6,0.2,0.2,0.0,0.0,0.6,0.2,0.0,0.0,5.6,9.0,2.8,4.2,46.2,52.4,7.8,9.2,0.6,0.8,0.8,1.8,0.6,0.6,0.4,0.2,0.0,0.0,1.0,379.4,0.6222222222222222,0.6666666666666666,0.75,0.4444444444444444,5.0,0.8,0.0,0.6,0.2,0.2,0.0,0.0,0.6,0.2,0.0,0.0,5.6,9.0,2.8,4.2,46.2,52.4,7.8,9.2,0.6,0.8,0.8,1.8,0.6,0.6,0.4,0.2,0.0,0.0,1.0,379.4,0.6222222222222222,0.6666666666666666,0.75,0.4444444444444444,3.0,2.0,1.0,0.6666666666666666,0.3333333333333333,0.3333333333333333,0.0,0.3333333333333333,0.6666666666666666,0.3333333333333333,0.3333333333333333,0.0,0.0,0.3333333333333333,0.0,0.6666666666666666,0.3333333333333333,0.0,0.0,2.3333333333333335,4.333333333333333,0.6666666666666666,2.0,3.0,5.0,0.6666666666666666,2.0,1.0,1.0,0.0,0.0,0.3333333333333333,0.3333333333333333,0.0,0.0,0.0,0.0,1.0,49.0,0.5384615384615384,0.3333333333333333,1.0,,3.0,0.6666666666666666,0.3333333333333333,0.3333333333333333,0.0,0.0,0.3333333333333333,0.0,0.6666666666666666,0.3333333333333333,0.0,0.0,2.3333333333333335,4.333333333333333,0.6666666666666666,2.0,3.0,5.0,0.6666666666666666,2.0,1.0,1.0,0.0,0.0,0.3333333333333333,0.3333333333333333,0.0,0.0,0.0,0.0,1.0,49.0,0.5384615384615384,0.3333333333333333,1.0,,3.0,0.6666666666666666,0.3333333333333333,0.3333333333333333,0.0,0.0,0.3333333333333333,0.0,0.6666666666666666,0.3333333333333333,0.0,0.0,2.3333333333333335,4.333333333333333,0.6666666666666666,2.0,3.0,5.0,0.6666666666666666,2.0,1.0,1.0,0.0,0.0,0.3333333333333333,0.3333333333333333,0.0,0.0,0.0,0.0,1.0,49.0,0.5384615384615384,0.3333333333333333,1.0,,3.0,0.6666666666666666,0.3333333333333333,0.3333333333333333,0.0,0.0,0.3333333333333333,0.0,0.6666666666666666,0.3333333333333333,0.0,0.0,2.3333333333333335,4.333333333333333,0.6666666666666666,2.0,3.0,5.0,0.6666666666666666,2.0,1.0,1.0,0.0,0.0,0.3333333333333333,0.3333333333333333,0.0,0.0,0.0,0.0,1.0,49.0,0.5384615384615384,0.3333333333333333,1.0,,0.0,0.0,0.0,,0.0,1.0,0.0,,-9.215605749486652,2.0,2.0,0.0,0.13333333333333341,-0.3333333333333333,0.26666666666666666,0.2,-0.1333333333333333,0.13333333333333341,-0.3333333333333333,0.26666666666666666,0.2,0.2,-0.3333333333333333,0.0,-0.06666666666666665,-0.1333333333333333,0.0,0.0,3.266666666666666,4.666666666666667,2.1333333333333333,2.2,43.2,47.4,7.133333333333333,7.199999999999999,-0.4,-0.19999999999999996,0.8,1.8,0.26666666666666666,0.26666666666666666,0.4,0.2,0.0,0.0,0.0,330.4,0.0837606837606838,0.3333333333333333,-0.25,,0.0,0.33333333333333337,-0.3333333333333333,0.3333333333333333,0.3333333333333333,0.0,-0.3333333333333333,0.0,0.0,-0.3333333333333333,0.0,0.0,4.333333333333334,5.000000000000001,0.0,-1.0,59.0,62.0,4.333333333333333,3.333333333333333,0.0,0.0,0.3333333333333333,1.3333333333333333,0.3333333333333333,0.0,0.3333333333333333,0.0,0.0,0.0,0.0,292.0,0.17582417582417587,0.3333333333333333,0.0,,2.0,0.13333333333333341,-0.3333333333333333,0.26666666666666666,0.2,0.2,-0.3333333333333333,0.0,-0.06666666666666665,-0.1333333333333333,0.0,0.0,3.266666666666666,4.666666666666667,2.1333333333333333,2.2,43.2,47.4,7.133333333333333,7.199999999999999,-0.4,-0.19999999999999996,0.8,1.8,0.26666666666666666,0.26666666666666666,0.4,0.2,0.0,0.0,0.0,330.4,0.0837606837606838,0.3333333333333333,-0.25,,2.0,0.13333333333333341,-0.3333333333333333,0.26666666666666666,0.2,0.2,-0.3333333333333333,0.0,-0.06666666666666665,-0.1333333333333333,0.0,0.0,3.266666666666666,4.666666666666667,2.1333333333333333,2.2,43.2,47.4,7.133333333333333,7.199999999999999,-0.4,-0.19999999999999996,0.8,1.8,0.26666666666666666,0.26666666666666666,0.4,0.2,0.0,0.0,0.0,330.4,0.0837606837606838,0.3333333333333333,-0.25,
f32f823658478705,749685d24e2cac50,1998-03-13,fcaae0385b514f11,108afe61a26bcbf4,Light Heavyweight,1,1,70.0,185.0,,25.259411362080765,Orthodox,Frank Shamrock,73.0,199.0,,31.805612594113622,Orthodox,Igor Zinoviev,Orthodox_vs_Orthodox,1.0,1.0,0.0,1.0,0.0,1.0,0.0,0.0,1.0,0.0,1.0,0.0,0.0,0.0,0.0,1.0,0.0,0.0,0.0,1.0,1.0,2.0,3.0,1.0,1.0,2.0,3.0,0.0,0.0,1.0,1.0,1.0,0.0,0.0,0.0,0.0,0.0,1.0,16.0,1.0,0.6666666666666666,,1.0,1.0,1.0,0.0,1.0,0.0,0.0,0.0,0.0,1.0,0.0,0.0,0.0,1.0,1.0,2.0,3.0,1.0,1.0,2.0,3.0,0.0,0.0,1.0,1.0,1.0,0.0,0.0,0.0,0.0,0.0,1.0,16.0,1.0,0.6666666666666666,,1.0,1.0,1.0,0.0,1.0,0.0,0.0,0.0,0.0,1.0,0.0,0.0,0.0,1.0,1.0,2.0,3.0,1.0,1.0,2.0,3.0,0.0,0.0,1.0,1.0,1.0,0.0,0.0,0.0,0.0,0.0,1.0,16.0,1.0,0.6666666666666666,,1.0,1.0,1.0,0.0,1.0,0.0,0.0,0.0,0.0,1.0,0.0,0.0,0.0,1.0,1.0,2.0,3.0,1.0,1.0,2.0,3.0,0.0,0.0,1.0,1.0,1.0,0.0,0.0,0.0,0.0,0.0,1.0,16.0,1.0,0.6666666666666666,,1.0,0.0,0.0,0.0,,,,,,,,,,,,,,,,,,,,,,,,,,,,,,,,,,,,,,,,,0.0,,,,,,,,,,,,,,,,,,,,,,,,,,,,,,,,,,,,0.0,,,,,,,,,,,,,,,,,,,,,,,,,,,,,,,,,,,,0.0,,,,,,,,,,,,,,,,,,,,,,,,,,,,,,,,,,,,0.0,0.0,0.0,,0.0,-3.0,-14.0,,-6.546201232032857,1.0,1.0,0.0,,,,,,,,,,,,,,,,,,,,,,,,,,,,,,,,,,,,,,,,,1.0,,,,,,,,,,,,,,,,,,,,,,,,,,,,,,,,,,,,1.0,,,,,,,,,,,,,,,,,,,,,,,,,,,,,,,,,,,,1.0,,,,,,,,,,,,,,,,,,,,,,,,,,,,,,,,,,,
17526cb9fb6072ef,4a01dc8376736ef5,1998-05-15,1ccf4e7caff270df,952f6fa06f25a0ec,17 Middleweight Tournament,1,1,71.0,185.0,74.0,27.72347707049966,Orthodox,Dan Henderson,69.0,170.0,,21.741273100616016,Orthodox,Carlos Newton,Orthodox_vs_Orthodox,2.0,2.0,0.0,1.0,0.5,0.5,0.0,0.0,1.0,0.5,0.5,0.0,0.0,0.0,0.0,1.0,0.0,0.0,0.0,5.5,13.5,2.0,3.5,10.5,18.5,11.5,13.0,0.5,0.5,0.5,2.5,0.5,0.0,0.5,0.0,0.0,0.0,1.0,177.5,0.4074074074074074,0.5714285714285714,1.0,0.2,2.0,1.0,0.5,0.5,0.0,0.0,0.0,0.0,1.0,0.0,0.0,0.0,5.5,13.5,2.0,3.5,10.5,18.5,11.5,13.0,0.5,0.5,0.5,2.5,0.5,0.0,0.5,0.0,0.0,0.0,1.0,177.5,0.4074074074074074,0.5714285714285714,1.0,0.2,2.0,1.0,0.5,0.5,0.0,0.0,0.0,0.0,1.0,0.0,0.0,0.0,5.5,13.5,2.0,3.5,10.5,18.5,11.5,13.0,0.5,0.5,0.5,2.5,0.5,0.0,0.5,0.0,0.0,0.0,1.0,177.5,0.4074074074074074,0.5714285714285714,1.0,0.2,2.0,1.0,0.5,0.5,0.0,0.0,0.0,0.0,1.0,0.0,0.0,0.0,5.5,13.5,2.0,3.5,10.5,18.5,11.5,13.0,0.5,0.5,0.5,2.5,0.5,0.0,0.5,0.0,0.0,0.0,1.0,177.5,0.4074074074074074,0.5714285714285714,1.0,0.2,0.0,0.0,0.0,,,,,,,,,,,,,,,,,,,,,,,,,,,,,,,,,,,,,,,,,0.0,,,,,,,,,,,,,,,,,,,,,,,,,,,,,,,,,,,,0.0,,,,,,,,,,,,,,,,,,,,,,,,,,,,,,,,,,,,0.0,,,,,,,,,,,,,,,,,,,,,,,,,,,,,,,,,,,,0.0,0.0,0.0,,0.0,2.0,15.0,,5.982203969883642,2.0,2.0,0.0,,,,,,,,,,,,,,,,,,,,,,,,,,,,,,,,,,,,,,,,,2.0,,,,,,,,,,,,,,,,,,,,,,,,,,,,,,,,,,,,2.0,,,,,,,,,,,,,,,,,,,,,,,,,,,,,,,,,,,,2.0,,,,,,,,,,,,,,,,,,,,,,,,,,,,,,,,,,,
1d3c1dedfba6eddc,4a01dc8376736ef5,1998-05-15,fcaae0385b514f11,8d26912cd2aeb366,Light Heavyweight,1,1,70.0,185.0,,25.43189596167009,Orthodox,Frank Shamrock,73.0,185.0,74.0,22.72142368240931,Orthodox,Jeremy Horn,Orthodox_vs_Orthodox,2.0,2.0,0.0,1.0,0.5,0.5,0.0,0.0,1.0,0.5,0.5,0.0,0.0,0.0,0.0,1.0,0.0,0.0,0.0,1.5,2.5,1.0,2.5,1.5,2.5,1.0,2.5,0.5,0.5,0.5,0.5,0.5,0.0,0.0,0.0,0.0,0.0,1.0,19.0,0.6,0.4,1.0,1.0,2.0,1.0,0.5,0.5,0.0,0.0,0.0,0.0,1.0,0.0,0.0,0.0,1.5,2.5,1.0,2.5,1.5,2.5,1.0,2.5,0.5,0.5,0.5,0.5,0.5,0.0,0.0,0.0,0.0,0.0,1.0,19.0,0.6,0.4,1.0,1.0,2.0,1.0,0.5,0.5,0.0,0.0,0.0,0.0,1.0,0.0,0.0,0.0,1.5,2.5,1.0,2.5,1.5,2.5,1.0,2.5,0.5,0.5,0.5,0.5,0.5,0.0,0.0,0.0,0.0,0.0,1.0,19.0,0.6,0.4,1.0,1.0,2.0,1.0,0.5,0.5,0.0,0.0,0.0,0.0,1.0,0.0,0.0,0.0,1.5,2.5,1.0,2.5,1.5,2.5,1.0,2.5,0.5,0.5,0.5,0.5,0.5,0.0,0.0,0.0,0.0,0.0,1.0,19.0,0.6,0.4,1.0,1.0,0.0,0.0,0.0,,,,,,,,,,,,,,,,,,,,,,,,,,,,,,,,,,,,,,,,,0.0,,,,,,,,,,,,,,,,,,,,,,,,,,,,,,,,,,,,0.0,,,,,,,,,,,,,,,,,,,,,,,,,,,,,,,,,,,,0.0,,,,,,,,,,,,,,,,,,,,,,,,,,,,,,,,,,,,0.0,0.0,0.0,,0.0,-3.0,0.0,,2.710472279260781,2.0,2.0,0.0,,,,,,,,,,,,,,,,,,,,,,,,,,,,,,,,,,,,,,,,,2.0,,,,,,,,,,,,,,,,,,,,,,,,,,,,,,,,,,,,2.0,,,,,,,,,,,,,,,,,,,,,,,,,,,,,,,,,,,,2.0,,,,,,,,,,,,,,,,,,,,,,,,,,,,,,,,,,,
1e14e79a477f2357,4a01dc8376736ef5,1998-05-15,b361180739bed4b0,706404da0775dcbc,Heavyweight,0,1,72.0,265.0,,33.05133470225873,Switch,David Abbott,72.0,240.0,,29.763175906913073,Orthodox,Hugo Duarte,Switch_vs_Orthodox,13.0,7.0,6.0,0.5384615384615384,0.3076923076923077,0.15384615384615385,0.07692307692307693,0.3076923076923077,0.5384615384615384,0.3076923076923077,0.15384615384615385,0.07692307692307693,0.07692307692307693,0.23076923076923078,0.15384615384615385,0.46153846153846156,0.3076923076923077,0.3076923076923077,0.0,9.0,19.692307692307693,13.153846153846153,19.0,19.0,31.23076923076923,44.92307692307692,52.69230769230769,0.6923076923076923,1.0769230769230769,0.15384615384615385,0.6153846153846154,0.3076923076923077,0.6153846153846154,0.0,0.0,0.0,0.0,1.1538461538461537,330.3076923076923,0.45703125,0.6923076923076923,0.6428571428571429,0.25,3.0,0.3333333333333333,0.0,0.0,0.3333333333333333,0.3333333333333333,0.3333333333333333,0.0,0.0,0.6666666666666666,0.3333333333333333,0.0,6.666666666666667,19.333333333333332,12.0,15.333333333333334,29.333333333333332,44.666666666666664,27.666666666666668,31.333333333333332,1.0,1.6666666666666667,0.3333333333333333,0.6666666666666666,0.0,0.6666666666666666,0.0,0.0,0.0,0.0,1.3333333333333333,340.0,0.3448275862068966,0.782608695652174,0.6,0.5,5.0,0.4,0.2,0.0,0.2,0.2,0.4,0.0,0.2,0.6,0.2,0.0,7.4,19.0,9.4,14.2,22.6,36.6,21.0,26.8,0.6,1.2,0.2,0.4,0.2,0.8,0.0,0.0,0.0,0.0,1.2,254.6,0.3894736842105263,0.6619718309859155,0.5,0.5,10.0,0.5,0.2,0.2,0.1,0.1,0.2,0.2,0.4,0.3,0.2,0.0,7.9,17.8,16.6,23.5,18.3,29.8,52.4,61.2,0.6,1.0,0.2,0.5,0.3,0.4,0.0,0.0,0.0,0.0,1.2,309.6,0.4438202247191011,0.7063829787234043,0.6,0.4,0.0,0.0,0.0,,,,,,,,,,,,,,,,,,,,,,,,,,,,,,,,,,,,,,,,,0.0,,,,,,,,,,,,,,,,,,,,,,,,,,,,,,,,,,,,0.0,,,,,,,,,,,,,,,,,,,,,,,,,,,,,,,,,,,,0.0,,,,,,,,,,,,,,,,,,,,,,,,,,,,,,,,,,,,0.0,0.0,0.0,,0.0,0.0,25.0,,3.2881587953456552,13.0,7.0,6.0,,,,,,,,,,,,,,,,,,,,,,,,,,,,,,,,,,,,,,,,,3.0,,,,,,,,,,,,,,,,,,,,,,,,,,,,,,,,,,,,5.0,,,,,,,,,,,,,,,,,,,,,,,,,,,,,,,,,,,,10.0,,,,,,,,,,,,,,,,,,,,,,,,,,,,,,,,,,,
21aa163b80e504f9,4a01dc8376736ef5,1998-05-15,1ccf4e7caff270df,e62b36885ecdac27,Middleweight,0,1,71.0,185.0,74.0,27.72347707049966,Orthodox,Dan Henderson,72.0,205.0,,27.069130732375086,Orthodox,Allan Goes,Orthodox_vs_Orthodox,3.0,3.0,0.0,1.0,0.3333333333333333,0.3333333333333333,0.3333333333333333,0.0,1.0,0.3333333333333333,0.3333333333333333,0.3333333333333333,0.0,0.0,0.0,0.6666666666666666,0.0,0.0,0.6666666666666666,13.0,23.0,8.0,13.0,28.666666666666668,39.0,17.666666666666668,23.0,1.3333333333333333,1.3333333333333333,1.0,2.6666666666666665,0.3333333333333333,0.3333333333333333,0.3333333333333333,0.0,0.0,0.0,1.3333333333333333,278.3333333333333,0.5652173913043478,0.6153846153846154,1.0,0.375,3.0,1.0,0.3333333333333333,0.3333333333333333,0.3333333333333333,0.0,0.0,0.0,0.6666666666666666,0.0,0.0,0.6666666666666666,13.0,23.0,8.0,13.0,28.666666666666668,39.0,17.666666666666668,23.0,1.3333333333333333,1.3333333333333333,1.0,2.6666666666666665,0.3333333333333333,0.3333333333333333,0.3333333333333333,0.0,0.0,0.0,1.3333333333333333,278.3333333333333,0.5652173913043478,0.6153846153846154,1.0,0.375,3.0,1.0,0.3333333333333333,0.3333333333333333,0.3333333333333333,0.0,0.0,0.0,0.6666666666666666,0.0,0.0,0.6666666666666666,13.0,23.0,8.0,13.0,28.666666666666668,39.0,17.666666666666668,23.0,1.3333333333333333,1.3333333333333333,1.0,2.6666666666666665,0.3333333333333333,0.3333333333333333,0.3333333333333333,0.0,0.0,0.0,1.3333333333333333,278.3333333333333,0.5652173913043478,0.6153846153846154,1.0,0.375,3.0,1.0,0.3333333333333333,0.3333333333333333,0.3333333333333333,0.0,0.0,0.0,0.6666666666666666,0.0,0.0,0.6666666666666666,13.0,23.0,8.0,13.0,28.666666666666668,39.0,17.666666666666668,23.0,1.3333333333333333,1.3333333333333333,1.0,2.6666666666666665,0.3333333333333333,0.3333333333333333,0.3333333333333333,0.0,0.0,0.0,1.3333333333333333,278.3333333333333,0.5652173913043478,0.6153846153846154,1.0,0.375,0.0,0.0,0.0,,,,,,,,,,,,,,,,,,,,,,,,,,,,,,,,,,,,,,,,,0.0,,,,,,,,,,,,,,,,,,,,,,,,,,,,,,,,,,,,0.0,,,,,,,,,,,,,,,,,,,,,,,,,,,,,,,,,,,,0.0,,,,,,,,,,,,,,,,,,,,,,,,,,,,,,,,,,,,0.0,0.0,0.0,,0.0,-1.0,-20.0,,0.6543463381245722,3.0,3.0,0.0,,,,,,,,,,,,,,,,,,,,,,,,,,,,,,,,,,,,,,,,,3.0,,,,,,,,,,,,,,,,,,,,,,,,,,,,,,,,,,,,3.0,,,,,,,,,,,,,,,,,,,,,,,,,,,,,,,,,,,,3.0,,,,,,,,,,,,,,,,,,,,,,,,,,,,,,,,,,,
74dcccd3d2f487a1,4a01dc8376736ef5,1998-05-15,2ee09ec2a0695eb9,74fefd43f073cd2f,Heavyweight,0,1,74.0,205.0,,32.90075290896646,Switch,Mike van Arsdale,73.0,210.0,,,Southpaw,Joe Pardo,Switch_vs_Southpaw,0.0,0.0,0.0,,,,,,,,,,,,,,,,,,,,,,,,,,,,,,,,,,,,,,,,,0.0,,,,,,,,,,,,,,,,,,,,,,,,,,,,,,,,,,,,0.0,,,,,,,,,,,,,,,,,,,,,,,,,,,,,,,,,,,,0.0,,,,,,,,,,,,,,,,,,,,,,,,,,,,,,,,,,,,0.0,0.0,0.0,,,,,,,,,,,,,,,,,,,,,,,,,,,,,,,,,,,,,,,,,0.0,,,,,,,,,,,,,,,,,,,,,,,,,,,,,,,,,,,,0.0,,,,,,,,,,,,,,,,,,,,,,,,,,,,,,,,,,,,0.0,,,,,,,,,,,,,,,,,,,,,,,,,,,,,,,,,,,,0.0,0.0,0.0,,0.0,1.0,-5.0,,,0.0,0.0,0.0,,,,,,,,,,,,,,,,,,,,,,,,,,,,,,,,,,,,,,,,,0.0,,,,,,,,,,,,,,,,,,,,,,,,,,,,,,,,,,,,0.0,,,,,,,,,,,,,,,,,,,,,,,,,,,,,,,,,,,,0.0,,,,,,,,,,,,,,,,,,,,,,,,,,,,,,,,,,,
8b258bbb37f74a66,4a01dc8376736ef5,1998-05-15,a54a35a670d8e852,4dc496aa0cfc0d95,Heavyweight,0,1,74.0,345.0,,33.21834360027378,Orthodox,Andre Roberts,77.0,275.0,,,Orthodox,Harry Moskowitz,Orthodox_vs_Orthodox,0.0,0.0,0.0,,,,,,,,,,,,,,,,,,,,,,,,,,,,,,,,,,,,,,,,,0.0,,,,,,,,,,,,,,,,,,,,,,,,,,,,,,,,,,,,0.0,,,,,,,,,,,,,,,,,,,,,,,,,,,,,,,,,,,,0.0,,,,,,,,,,,,,,,,,,,,,,,,,,,,,,,,,,,,1.0,0.0,1.0,0.0,0.0,0.0,0.0,0.0,0.0,0.0,0.0,0.0,0.0,0.0,1.0,0.0,0.0,0.0,0.0,12.0,22.0,11.0,18.0,26.0,36.0,20.0,34.0,1.0,1.0,1.0,5.0,4.0,0.0,0.0,1.0,0.0,0.0,1.0,720.0,0.5454545454545454,0.6111111111111112,1.0,0.2,1.0,0.0,0.0,0.0,0.0,0.0,0.0,1.0,0.0,0.0,0.0,0.0,12.0,22.0,11.0,18.0,26.0,36.0,20.0,34.0,1.0,1.0,1.0,5.0,4.0,0.0,0.0,1.0,0.0,0.0,1.0,720.0,0.5454545454545454,0.6111111111111112,1.0,0.2,1.0,0.0,0.0,0.0,0.0,0.0,0.0,1.0,0.0,0.0,0.0,0.0,12.0,22.0,11.0,18.0,26.0,36.0,20.0,34.0,1.0,1.0,1.0,5.0,4.0,0.0,0.0,1.0,0.0,0.0,1.0,720.0,0.5454545454545454,0.6111111111111112,1.0,0.2,1.0,0.0,0.0,0.0,0.0,0.0,0.0,1.0,0.0,0.0,0.0,0.0,12.0,22.0,11.0,18.0,26.0,36.0,20.0,34.0,1.0,1.0,1.0,5.0,4.0,0.0,0.0,1.0,0.0,0.0,1.0,720.0,0.5454545454545454,0.6111111111111112,1.0,0.2,0.0,0.0,0.0,,0.0,-3.0,70.0,,,-1.0,0.0,-1.0,,,,,,,,,,,,,,,,,,,,,,,,,,,,,,,,,,,,,,,,,-1.0,,,,,,,,,,,,,,,,,,,,,,,,,,,,,,,,,,,,-1.0,,,,,,,,,,,,,,,,,,,,,,,,,,,,,,,,,,,,-1.0,,,,,,,,,,,,,,,,,,,,,,,,,,,,,,,,,,,
8d83354075a937f2,4a01dc8376736ef5,1998-05-15,952f6fa06f25a0ec,c96518b7f6881004,Middleweight,0,1,69.0,170.0,,21.741273100616016,Orthodox,Carlos Newton,75.0,200.0,,,Orthodox,Bob Gilstrap,Orthodox_vs_Orthodox,1.0,0.0,1.0,0.0,0.0,0.0,0.0,0.0,0.0,0.0,0.0,0.0,0.0,0.0,1.0,0.0,0.0,2.0,0.0,20.0,32.0,28.0,42.0,30.0,43.0,65.0,80.0,2.0,3.0,3.0,3.0,1.0,0.0,0.0,0.0,0.0,0.0,2.0,480.0,0.625,0.6666666666666666,0.6666666666666666,1.0,1.0,0.0,0.0,0.0,0.0,0.0,0.0,1.0,0.0,0.0,2.0,0.0,20.0,32.0,28.0,42.0,30.0,43.0,65.0,80.0,2.0,3.0,3.0,3.0,1.0,0.0,0.0,0.0,0.0,0.0,2.0,480.0,0.625,0.6666666666666666,0.6666666666666666,1.0,1.0,0.0,0.0,0.0,0.0,0.0,0.0,1.0,0.0,0.0,2.0,0.0,20.0,32.0,28.0,42.0,30.0,43.0,65.0,80.0,2.0,3.0,3.0,3.0,1.0,0.0,0.0,0.0,0.0,0.0,2.0,480.0,0.625,0.6666666666666666,0.6666666666666666,1.0,1.0,0.0,0.0,0.0,0.0,0.0,0.0,1.0,0.0,0.0,2.0,0.0,20.0,32.0,28.0,42.0,30.0,43.0,65.0,80.0,2.0,3.0,3.0,3.0,1.0,0.0,0.0,0.0,0.0,0.0,2.0,480.0,0.625,0.6666666666666666,0.6666666666666666,1.0,0.0,0.0,0.0,,,,,,,,,,,,,,,,,,,,,,,,,,,,,,,,,,,,,,,,,0.0,,,,,,,,,,,,,,,,,,,,,,,,,,,,,,,,,,,,0.0,,,,,,,,,,,,,,,,,,,,,,,,,,,,,,,,,,,,0.0,,,,,,,,,,,,,,,,,,,,,,,,,,,,,,,,,,,,0.0,0.0,0.0,,0.0,-6.0,-30.0,,,1.0,0.0,1.0,,,,,,,,,,,,,,,,,,,,,,,,,,,,,,,,,,,,,,,,,1.0,,,,,,,,,,,,,,,,,,,,,,,,,,,,,,,,,,,,1.0,,,,,,,,,,,,,,,,,,,,,,,,,,,,,,,,,,,,1.0,,,,,,,,,,,,,,,,,,,,,,,,,,,,,,,,,,,
a4d8e991ec42b048,4a01dc8376736ef5,1998-05-15,6291ac0a3726732f,21b8a0f5c231096f,Heavyweight,0,1,75.0,235.0,,22.847364818617386,Orthodox,Pete Williams,73.0,205.0,75.0,33.399041752224505,Orthodox,Mark Coleman,Orthodox_vs_Orthodox,0.0,0.0,0.0,,,,,,,,,,,,,,,,,,,,,,,,,,,,,,,,,,,,,,,,,0.0,,,,,,,,,,,,,,,,,,,,,,,,,,,,,,,,,,,,0.0,,,,,,,,,,,,,,,,,,,,,,,,,,,,,,,,,,,,0.0,,,,,,,,,,,,,,,,,,,,,,,,,,,,,,,,,,,,7.0,6.0,1.0,0.8571428571428571,0.42857142857142855,0.42857142857142855,0.0,0.0,0.8571428571428571,0.42857142857142855,0.42857142857142855,0.0,0.0,0.0,0.14285714285714285,0.8571428571428571,0.0,0.0,0.0,18.714285714285715,30.0,9.142857142857142,12.571428571428571,34.714285714285715,49.142857142857146,27.428571428571427,31.285714285714285,1.4285714285714286,2.5714285714285716,0.0,0.7142857142857143,1.1428571428571428,0.0,0.0,0.2857142857142857,0.0,0.0,1.2857142857142858,345.57142857142856,0.6238095238095238,0.7272727272727273,0.5555555555555556,0.0,3.0,0.6666666666666666,0.3333333333333333,0.3333333333333333,0.0,0.0,0.0,0.3333333333333333,0.6666666666666666,0.0,0.0,0.0,10.666666666666666,21.666666666666668,20.0,24.666666666666668,26.666666666666668,41.0,49.333333333333336,54.333333333333336,1.0,2.6666666666666665,0.0,1.0,1.3333333333333333,0.0,0.0,0.3333333333333333,0.0,0.0,1.6666666666666667,365.6666666666667,0.49230769230769234,0.8108108108108109,0.375,0.0,5.0,0.8,0.4,0.4,0.0,0.0,0.0,0.2,0.8,0.0,0.0,0.0,12.8,20.4,12.0,15.0,24.2,33.8,33.4,36.8,1.0,2.2,0.0,0.6,1.2,0.0,0.0,0.2,0.0,0.0,1.4,261.0,0.6274509803921569,0.8,0.45454545454545453,0.0,7.0,0.8571428571428571,0.42857142857142855,0.42857142857142855,0.0,0.0,0.0,0.14285714285714285,0.8571428571428571,0.0,0.0,0.0,18.714285714285715,30.0,9.142857142857142,12.571428571428571,34.714285714285715,49.142857142857146,27.428571428571427,31.285714285714285,1.4285714285714286,2.5714285714285716,0.0,0.7142857142857143,1.1428571428571428,0.0,0.0,0.2857142857142857,0.0,0.0,1.2857142857142858,345.57142857142856,0.6238095238095238,0.7272727272727273,0.5555555555555556,0.0,0.0,0.0,0.0,,0.0,2.0,30.0,,-10.55167693360712,-7.0,-6.0,-1.0,,,,,,,,,,,,,,,,,,,,,,,,,,,,,,,,,,,,,,,,,-3.0,,,,,,,,,,,,,,,,,,,,,,,,,,,,,,,,,,,,-5.0,,,,,,,,,,,,,,,,,,,,,,,,,,,,,,,,,,,,-7.0,,,,,,,,,,,,,,,,,,,,,,,,,,,,,,,,,,,
ea535b46e0f69ad3,4a01dc8376736ef5,1998-05-15,a390eb8a9b2df298,df2cf66d8c0123db,Middleweight,0,1,74.0,205.0,76.0,28.407939767282684,Orthodox,Chuck Liddell,,,,,Orthodox,Noe Hernandez,Orthodox_vs_Orthodox,0.0,0.0,0.0,,,,,,,,,,,,,,,,,,,,,,,,,,,,,,,,,,,,,,,,,0.0,,,,,,,,,,,,,,,,,,,,,,,,,,,,,,,,,,,,0.0,,,,,,,,,,,,,,,,,,,,,,,,,,,,,,,,,,,,0.0,,,,,,,,,,,,,,,,,,,,,,,,,,,,,,,,,,,,0.0,0.0,0.0,,,,,,,,,,,,,,,,,,,,,,,,,,,,,,,,,,,,,,,,,0.0,,,,,,,,,,,,,,,,,,,,,,,,,,,,,,,,,,,,0.0,,,,,,,,,,,,,,,,,,,,,,,,,,,,,,,,,,,,0.0,,,,,,,,,,,,,,,,,,,,,,,,,,,,,,,,,,,,0.0,0.0,0.0,,0.0,,,,,0.0,0.0,0.0,,,,,,,,,,,,,,,,,,,,,,,,,,,,,,,,,,,,,,,,,0.0,,,,,,,,,,,,,,,,,,,,,,,,,,,,,,,,,,,,0.0,,,,,,,,,,,,,,,,,,,,,,,,,,,,,,,,,,,,0.0,,,,,,,,,,,,,,,,,,,,,,,,,,,,,,,,,,,
03df471ba3a9b2e2,d62bb4d84a7267ba,1998-06-24,9b5b5a75523728f3,952f6fa06f25a0ec,Open Weight,0,1,72.0,185.0,,28.944558521560573,Southpaw,Kazushi Sakuraba,69.0,170.0,,21.8507871321013,Orthodox,Carlos Newton,Southpaw_vs_Orthodox,2.0,2.0,0.0,1.0,0.0,1.0,0.0,0.0,1.0,0.0,1.0,0.0,0.0,0.0,0.0,1.0,0.0,0.0,0.0,5.5,10.0,5.5,9.5,9.0,13.5,18.5,24.0,3.5,4.0,0.5,0.5,4.5,1.5,1.0,1.5,0.0,0.0,2.0,618.5,0.55,0.5789473684210527,0.875,1.0,2.0,1.0,0.0,1.0,0.0,0.0,0.0,0.0,1.0,0.0,0.0,0.0,5.5,10.0,5.5,9.5,9.0,13.5,18.5,24.0,3.5,4.0,0.5,0.5,4.5,1.5,1.0,1.5,0.0,0.0,2.0,618.5,0.55,0.5789473684210527,0.875,1.0,2.0,1.0,0.0,1.0,0.0,0.0,0.0,0.0,1.0,0.0,0.0,0.0,5.5,10.0,5.5,9.5,9.0,13.5,18.5,24.0,3.5,4.0,0.5,0.5,4.5,1.5,1.0,1.5,0.0,0.0,2.0,618.5,0.55,0.5789473684210527,0.875,1.0,2.0,1.0,0.0,1.0,0.0,0.0,0.0,0.0,1.0,0.0,0.0,0.0,5.5,10.0,5.5,9.5,9.0,13.5,18.5,24.0,3.5,4.0,0.5,0.5,4.5,1.5,1.0,1.5,0.0,0.0,2.0,618.5,0.55,0.5789473684210527,0.875,1.0,2.0,1.0,1.0,0.5,0.0,0.5,0.0,0.0,0.5,0.0,0.5,0.0,0.0,0.0,0.5,0.5,0.0,1.0,0.0,10.5,16.5,14.0,21.5,15.5,22.0,32.5,40.5,1.5,2.0,1.5,1.5,2.0,0.0,0.0,0.0,0.0,0.0,1.5,266.0,0.6363636363636364,0.6511627906976745,0.75,1.0,2.0,0.5,0.0,0.5,0.0,0.0,0.0,0.5,0.5,0.0,1.0,0.0,10.5,16.5,14.0,21.5,15.5,22.0,32.5,40.5,1.5,2.0,1.5,1.5,2.0,0.0,0.0,0.0,0.0,0.0,1.5,266.0,0.6363636363636364,0.6511627906976745,0.75,1.0,2.0,0.5,0.0,0.5,0.0,0.0,0.0,0.5,0.5,0.0,1.0,0.0,10.5,16.5,14.0,21.5,15.5,22.0,32.5,40.5,1.5,2.0,1.5,1.5,2.0,0.0,0.0,0.0,0.0,0.0,1.5,266.0,0.6363636363636364,0.6511627906976745,0.75,1.0,2.0,0.5,0.0,0.5,0.0,0.0,0.0,0.5,0.5,0.0,1.0,0.0,10.5,16.5,14.0,21.5,15.5,22.0,32.5,40.5,1.5,2.0,1.5,1.5,2.0,0.0,0.0,0.0,0.0,0.0,1.5,266.0,0.6363636363636364,0.6511627906976745,0.75,1.0,0.0,0.0,0.0,,0.0,3.0,15.0,,7.093771389459274,0.0,1.0,-1.0,0.5,0.0,0.5,0.0,0.0,0.5,0.0,0.5,0.0,0.0,0.0,-0.5,0.5,0.0,-1.0,0.0,-5.0,-6.5,-8.5,-12.0,-6.5,-8.5,-14.0,-16.5,2.0,2.0,-1.0,-1.0,2.5,1.5,1.0,1.5,0.0,0.0,0.5,352.5,-0.08636363636363631,-0.07221542227662181,0.125,0.0,0.0,0.5,0.0,0.5,0.0,0.0,0.0,-0.5,0.5,0.0,-1.0,0.0,-5.0,-6.5,-8.5,-12.0,-6.5,-8.5,-14.0,-16.5,2.0,2.0,-1.0,-1.0,2.5,1.5,1.0,1.5,0.0,0.0,0.5,352.5,-0.08636363636363631,-0.07221542227662181,0.125,0.0,0.0,0.5,0.0,0.5,0.0,0.0,0.0,-0.5,0.5,0.0,-1.0,0.0,-5.0,-6.5,-8.5,-12.0,-6.5,-8.5,-14.0,-16.5,2.0,2.0,-1.0,-1.0,2.5,1.5,1.0,1.5,0.0,0.0,0.5,352.5,-0.08636363636363631,-0.07221542227662181,0.125,0.0,0.0,0.5,0.0,0.5,0.0,0.0,0.0,-0.5,0.5,0.0,-1.0,0.0,-5.0,-6.5,-8.5,-12.0,-6.5,-8.5,-14.0,-16.5,2.0,2.0,-1.0,-1.0,2.5,1.5,1.0,1.5,0.0,0.0,0.5,352.5,-0.08636363636363631,-0.07221542227662181,0.125,0.0
5689a290e1b09fe1,d62bb4d84a7267ba,1998-06-24,4f74c8be51db8a37,2299605af59fd309,Open Weight,0,1,72.0,170.0,,20.177960301163587,Southpaw,Daiju Takase,80.0,770.0,,37.79876796714579,Open Stance,Emmanuel Yarborough,Southpaw_vs_Open Stance,0.0,0.0,0.0,,,,,,,,,,,,,,,,,,,,,,,,,,,,,,,,,,,,,,,,,0.0,,,,,,,,,,,,,,,,,,,,,,,,,,,,,,,,,,,,0.0,,,,,,,,,,,,,,,,,,,,,,,,,,,,,,,,,,,,0.0,,,,,,,,,,,,,,,,,,,,,,,,,,,,,,,,,,,,1.0,0.0,1.0,0.0,0.0,0.0,0.0,1.0,0.0,0.0,0.0,0.0,1.0,0.0,0.0,0.0,1.0,0.0,1.0,1.0,5.0,34.0,50.0,4.0,9.0,36.0,52.0,0.0,1.0,0.0,0.0,0.0,0.0,0.0,0.0,0.0,0.0,1.0,119.0,0.2,0.68,0.0,,1.0,0.0,0.0,0.0,0.0,1.0,0.0,0.0,0.0,1.0,0.0,1.0,1.0,5.0,34.0,50.0,4.0,9.0,36.0,52.0,0.0,1.0,0.0,0.0,0.0,0.0,0.0,0.0,0.0,0.0,1.0,119.0,0.2,0.68,0.0,,1.0,0.0,0.0,0.0,0.0,1.0,0.0,0.0,0.0,1.0,0.0,1.0,1.0,5.0,34.0,50.0,4.0,9.0,36.0,52.0,0.0,1.0,0.0,0.0,0.0,0.0,0.0,0.0,0.0,0.0,1.0,119.0,0.2,0.68,0.0,,1.0,0.0,0.0,0.0,0.0,1.0,0.0,0.0,0.0,1.0,0.0,1.0,1.0,5.0,34.0,50.0,4.0,9.0,36.0,52.0,0.0,1.0,0.0,0.0,0.0,0.0,0.0,0.0,0.0,0.0,1.0,119.0,0.2,0.68,0.0,,0.0,0.0,0.0,,0.0,-8.0,-600.0,,-17.620807665982205,-1.0,0.0,-1.0,,,,,,,,,,,,,,,,,,,,,,,,,,,,,,,,,,,,,,,,,-1.0,,,,,,,,,,,,,,,,,,,,,,,,,,,,,,,,,,,,-1.0,,,,,,,,,,,,,,,,,,,,,,,,,,,,,,,,,,,,-1.0,,,,,,,,,,,,,,,,,,,,,,,,,,,,,,,,,,,
5996abe816710d15,d62bb4d84a7267ba,1998-06-24,a7b48e18ca27795d,4512e46543b960ad,Open Weight,0,1,75.0,266.0,,29.505817932922657,Switch,Mark Kerr,75.0,245.0,,30.518822724161534,Orthodox,Pedro Otavio,Switch_vs_Orthodox,5.0,5.0,0.0,1.0,0.6,0.4,0.0,0.0,1.0,0.6,0.4,0.0,0.0,0.0,0.0,1.0,0.0,0.2,0.0,5.6,8.0,1.4,2.4,7.2,9.8,5.8,7.2,0.6,1.0,0.0,0.0,0.2,0.0,0.0,0.0,0.0,0.0,1.0,88.8,0.7,0.5833333333333334,0.6,,3.0,1.0,0.6666666666666666,0.3333333333333333,0.0,0.0,0.0,0.0,1.0,0.0,0.3333333333333333,0.0,3.6666666666666665,4.666666666666667,2.0,3.0,5.0,6.0,4.333333333333333,5.333333333333333,0.3333333333333333,1.0,0.0,0.0,0.3333333333333333,0.0,0.0,0.0,0.0,0.0,1.0,68.0,0.7857142857142857,0.6666666666666666,0.3333333333333333,,5.0,1.0,0.6,0.4,0.0,0.0,0.0,0.0,1.0,0.0,0.2,0.0,5.6,8.0,1.4,2.4,7.2,9.8,5.8,7.2,0.6,1.0,0.0,0.0,0.2,0.0,0.0,0.0,0.0,0.0,1.0,88.8,0.7,0.5833333333333334,0.6,,5.0,1.0,0.6,0.4,0.0,0.0,0.0,0.0,1.0,0.0,0.2,0.0,5.6,8.0,1.4,2.4,7.2,9.8,5.8,7.2,0.6,1.0,0.0,0.0,0.2,0.0,0.0,0.0,0.0,0.0,1.0,88.8,0.7,0.5833333333333334,0.6,,0.0,0.0,0.0,,,,,,,,,,,,,,,,,,,,,,,,,,,,,,,,,,,,,,,,,0.0,,,,,,,,,,,,,,,,,,,,,,,,,,,,,,,,,,,,0.0,,,,,,,,,,,,,,,,,,,,,,,,,,,,,,,,,,,,0.0,,,,,,,,,,,,,,,,,,,,,,,,,,,,,,,,,,,,0.0,0.0,0.0,,0.0,0.0,21.0,,-1.0130047912388775,5.0,5.0,0.0,,,,,,,,,,,,,,,,,,,,,,,,,,,,,,,,,,,,,,,,,3.0,,,,,,,,,,,,,,,,,,,,,,,,,,,,,,,,,,,,5.0,,,,,,,,,,,,,,,,,,,,,,,,,,,,,,,,,,,,5.0,,,,,,,,,,,,,,,,,,,,,,,,,,,,,,,,,,,
6eb6be737ed0bb4d,d62bb4d84a7267ba,1998-06-24,a25b71fe5e31fa97,d30415ec5e8783cd,Open Weight,0,1,72.0,220.0,,36.199863107460644,Southpaw,Nobuhiko Takada,75.0,225.0,,35.39219712525667,Switch,Kyle Sturgeon,Southpaw_vs_Switch,1.0,0.0,1.0,0.0,0.0,0.0,0.0,1.0,0.0,0.0,0.0,0.0,0.0,1.0,0.0,0.0,1.0,0.0,0.0,2.0,4.0,16.0,24.0,2.0,4.0,29.0,37.0,0.0,0.0,1.0,3.0,0.0,1.0,0.0,0.0,0.0,0.0,1.0,287.0,0.5,0.6666666666666666,,0.3333333333333333,1.0,0.0,0.0,0.0,0.0,0.0,1.0,0.0,0.0,1.0,0.0,0.0,2.0,4.0,16.0,24.0,2.0,4.0,29.0,37.0,0.0,0.0,1.0,3.0,0.0,1.0,0.0,0.0,0.0,0.0,1.0,287.0,0.5,0.6666666666666666,,0.3333333333333333,1.0,0.0,0.0,0.0,0.0,0.0,1.0,0.0,0.0,1.0,0.0,0.0,2.0,4.0,16.0,24.0,2.0,4.0,29.0,37.0,0.0,0.0,1.0,3.0,0.0,1.0,0.0,0.0,0.0,0.0,1.0,287.0,0.5,0.6666666666666666,,0.3333333333333333,1.0,0.0,0.0,0.0,0.0,0.0,1.0,0.0,0.0,1.0,0.0,0.0,2.0,4.0,16.0,24.0,2.0,4.0,29.0,37.0,0.0,0.0,1.0,3.0,0.0,1.0,0.0,0.0,0.0,0.0,1.0,287.0,0.5,0.6666666666666666,,0.3333333333333333,0.0,0.0,0.0,,,,,,,,,,,,,,,,,,,,,,,,,,,,,,,,,,,,,,,,,0.0,,,,,,,,,,,,,,,,,,,,,,,,,,,,,,,,,,,,0.0,,,,,,,,,,,,,,,,,,,,,,,,,,,,,,,,,,,,0.0,,,,,,,,,,,,,,,,,,,,,,,,,,,,,,,,,,,,0.0,0.0,0.0,,0.0,-3.0,-5.0,,0.8076659822039716,1.0,0.0,1.0,,,,,,,,,,,,,,,,,,,,,,,,,,,,,,,,,,,,,,,,,1.0,,,,,,,,,,,,,,,,,,,,,,,,,,,,,,,,,,,,1.0,,,,,,,,,,,,,,,,,,,,,,,,,,,,,,,,,,,,1.0,,,,,,,,,,,,,,,,,,,,,,,,,,,,,,,,,,,
7bfc563ff8bc4ebc,d62bb4d84a7267ba,1998-06-24,fbbde91f7bc2d3c5,bc7f7f0ba3db74d2,Open Weight,0,1,75.0,249.0,,32.43258042436687,Orthodox,Gary Goodridge,72.0,205.0,,23.54551676933607,Orthodox,Amir Rahnavardi,Orthodox_vs_Orthodox,9.0,4.0,5.0,0.4444444444444444,0.4444444444444444,0.0,0.0,0.5555555555555556,0.4444444444444444,0.4444444444444444,0.0,0.0,0.2222222222222222,0.3333333333333333,0.0,0.4444444444444444,0.5555555555555556,0.2222222222222222,0.0,7.333333333333333,14.333333333333334,9.444444444444445,17.88888888888889,12.555555555555555,20.22222222222222,25.333333333333332,35.333333333333336,0.5555555555555556,0.7777777777777778,0.5555555555555556,1.3333333333333333,0.3333333333333333,0.1111111111111111,0.2222222222222222,0.2222222222222222,0.0,0.0,1.0,359.0,0.5116279069767442,0.5279503105590062,0.7142857142857143,0.4166666666666667,3.0,0.3333333333333333,0.3333333333333333,0.0,0.0,0.0,0.6666666666666666,0.0,0.3333333333333333,0.6666666666666666,0.6666666666666666,0.0,14.666666666666666,30.666666666666668,8.666666666666666,16.0,26.333333333333332,43.666666666666664,16.666666666666668,25.666666666666668,0.6666666666666666,0.6666666666666666,0.0,1.3333333333333333,0.6666666666666666,0.3333333333333333,0.0,0.0,0.0,0.0,1.0,508.3333333333333,0.4782608695652174,0.5416666666666666,1.0,0.0,5.0,0.4,0.4,0.0,0.0,0.0,0.6,0.0,0.4,0.6,0.4,0.0,10.4,21.0,12.8,20.6,18.6,30.2,21.8,31.4,0.4,0.4,0.4,1.4,0.4,0.2,0.2,0.0,0.0,0.0,1.0,406.6,0.49523809523809526,0.6213592233009708,1.0,0.2857142857142857,9.0,0.4444444444444444,0.4444444444444444,0.0,0.0,0.2222222222222222,0.3333333333333333,0.0,0.4444444444444444,0.5555555555555556,0.2222222222222222,0.0,7.333333333333333,14.333333333333334,9.444444444444445,17.88888888888889,12.555555555555555,20.22222222222222,25.333333333333332,35.333333333333336,0.5555555555555556,0.7777777777777778,0.5555555555555556,1.3333333333333333,0.3333333333333333,0.1111111111111111,0.2222222222222222,0.2222222222222222,0.0,0.0,1.0,359.0,0.5116279069767442,0.5279503105590062,0.7142857142857143,0.4166666666666667,0.0,0.0,0.0,,,,,,,,,,,,,,,,,,,,,,,,,,,,,,,,,,,,,,,,,0.0,,,,,,,,,,,,,,,,,,,,,,,,,,,,,,,,,,,,0.0,,,,,,,,,,,,,,,,,,,,,,,,,,,,,,,,,,,,0.0,,,,,,,,,,,,,,,,,,,,,,,,,,,,,,,,,,,,0.0,0.0,0.0,,0.0,3.0,44.0,,8.887063655030797,9.0,4.0,5.0,,,,,,,,,,,,,,,,,,,,,,,,,,,,,,,,,,,,,,,,,3.0,,,,,,,,,,,,,,,,,,,,,,,,,,,,,,,,,,,,5.0,,,,,,,,,,,,,,,,,,,,,,,,,,,,,,,,,,,,9.0,,,,,,,,,,,,,,,,,,,,,,,,,,,,,,,,,,,
0cf790338401cad2,621a6c59f88a44fe,1998-10-11,a7b48e18ca27795d,706404da0775dcbc,Open Weight,0,1,75.0,266.0,,29.804243668720055,Switch,Mark Kerr,72.0,240.0,,30.171115674195757,Orthodox,Hugo Duarte,Switch_vs_Orthodox,6.0,6.0,0.0,1.0,0.5,0.5,0.0,0.0,1.0,0.5,0.5,0.0,0.0,0.0,0.0,1.0,0.0,0.16666666666666666,0.0,5.833333333333333,8.0,1.1666666666666667,2.0,7.333333333333333,9.666666666666666,4.833333333333333,6.0,0.6666666666666666,1.0,0.0,0.0,0.3333333333333333,0.0,0.0,0.0,0.0,0.0,1.0,96.16666666666667,0.7291666666666666,0.5833333333333334,0.6666666666666666,,3.0,1.0,0.6666666666666666,0.3333333333333333,0.0,0.0,0.0,0.0,1.0,0.0,0.3333333333333333,0.0,4.333333333333333,5.0,2.0,3.0,4.666666666666667,5.333333333333333,4.333333333333333,5.333333333333333,0.3333333333333333,1.0,0.0,0.0,0.3333333333333333,0.0,0.0,0.0,0.0,0.0,1.0,94.66666666666667,0.8666666666666667,0.6666666666666666,0.3333333333333333,,5.0,1.0,0.6,0.4,0.0,0.0,0.0,0.0,1.0,0.0,0.2,0.0,6.4,8.4,1.4,2.2,8.2,10.2,4.6,5.8,0.6,1.0,0.0,0.0,0.4,0.0,0.0,0.0,0.0,0.0,1.0,95.8,0.7619047619047619,0.6363636363636364,0.6,,6.0,1.0,0.5,0.5,0.0,0.0,0.0,0.0,1.0,0.0,0.16666666666666666,0.0,5.833333333333333,8.0,1.1666666666666667,2.0,7.333333333333333,9.666666666666666,4.833333333333333,6.0,0.6666666666666666,1.0,0.0,0.0,0.3333333333333333,0.0,0.0,0.0,0.0,0.0,1.0,96.16666666666667,0.7291666666666666,0.5833333333333334,0.6666666666666666,,1.0,0.0,1.0,0.0,0.0,0.0,0.0,1.0,0.0,0.0,0.0,0.0,1.0,0.0,0.0,0.0,1.0,0.0,0.0,0.0,0.0,11.0,16.0,1.0,1.0,11.0,16.0,1.0,3.0,0.0,0.0,0.0,0.0,0.0,1.0,0.0,0.0,1.0,43.0,,0.6875,0.3333333333333333,,1.0,0.0,0.0,0.0,0.0,1.0,0.0,0.0,0.0,1.0,0.0,0.0,0.0,0.0,11.0,16.0,1.0,1.0,11.0,16.0,1.0,3.0,0.0,0.0,0.0,0.0,0.0,1.0,0.0,0.0,1.0,43.0,,0.6875,0.3333333333333333,,1.0,0.0,0.0,0.0,0.0,1.0,0.0,0.0,0.0,1.0,0.0,0.0,0.0,0.0,11.0,16.0,1.0,1.0,11.0,16.0,1.0,3.0,0.0,0.0,0.0,0.0,0.0,1.0,0.0,0.0,1.0,43.0,,0.6875,0.3333333333333333,,1.0,0.0,0.0,0.0,0.0,1.0,0.0,0.0,0.0,1.0,0.0,0.0,0.0,0.0,11.0,16.0,1.0,1.0,11.0,16.0,1.0,3.0,0.0,0.0,0.0,0.0,0.0,1.0,0.0,0.0,1.0,43.0,,0.6875,0.3333333333333333,,0.0,0.0,0.0,,0.0,3.0,26.0,,-0.3668720054757024,5.0,6.0,-1.0,1.0,0.5,0.5,0.0,-1.0,1.0,0.5,0.5,0.0,-1.0,0.0,0.0,1.0,-1.0,0.16666666666666666,0.0,5.833333333333333,8.0,-9.833333333333334,-14.0,6.333333333333333,8.666666666666666,-6.166666666666667,-10.0,-0.33333333333333337,-2.0,0.0,0.0,0.3333333333333333,0.0,0.0,-1.0,0.0,0.0,0.0,53.16666666666667,,-0.10416666666666663,0.3333333333333333,,2.0,1.0,0.6666666666666666,0.3333333333333333,0.0,-1.0,0.0,0.0,1.0,-1.0,0.3333333333333333,0.0,4.333333333333333,5.0,-9.0,-13.0,3.666666666666667,4.333333333333333,-6.666666666666667,-10.666666666666668,-0.6666666666666667,-2.0,0.0,0.0,0.3333333333333333,0.0,0.0,-1.0,0.0,0.0,0.0,51.66666666666667,,-0.02083333333333337,0.0,,4.0,1.0,0.6,0.4,0.0,-1.0,0.0,0.0,1.0,-1.0,0.2,0.0,6.4,8.4,-9.6,-13.8,7.199999999999999,9.2,-6.4,-10.2,-0.4,-2.0,0.0,0.0,0.4,0.0,0.0,-1.0,0.0,0.0,0.0,52.8,,-0.051136363636363646,0.26666666666666666,,5.0,1.0,0.5,0.5,0.0,-1.0,0.0,0.0,1.0,-1.0,0.16666666666666666,0.0,5.833333333333333,8.0,-9.833333333333334,-14.0,6.333333333333333,8.666666666666666,-6.166666666666667,-10.0,-0.33333333333333337,-2.0,0.0,0.0,0.3333333333333333,0.0,0.0,-1.0,0.0,0.0,0.0,53.16666666666667,,-0.10416666666666663,0.3333333333333333,
29b10d5cf507e124,621a6c59f88a44fe,1998-10-11,865aa315ea62c511,597db668b01c442c,Open Weight,0,1,73.0,205.0,,27.236139630390145,Orthodox,Alexander Otsuka,73.0,210.0,,37.713894592744694,Orthodox,Marco Ruas,Orthodox_vs_Orthodox,0.0,0.0,0.0,,,,,,,,,,,,,,,,,,,,,,,,,,,,,,,,,,,,,,,,,0.0,,,,,,,,,,,,,,,,,,,,,,,,,,,,,,,,,,,,0.0,,,,,,,,,,,,,,,,,,,,,,,,,,,,,,,,,,,,0.0,,,,,,,,,,,,,,,,,,,,,,,,,,,,,,,,,,,,6.0,5.0,1.0,0.8333333333333334,0.16666666666666666,0.6666666666666666,0.0,0.0,0.8333333333333334,0.16666666666666666,0.6666666666666666,0.0,0.0,0.0,0.16666666666666666,0.8333333333333334,0.0,0.16666666666666666,0.0,11.0,23.833333333333332,6.666666666666667,18.833333333333332,20.333333333333332,35.0,13.5,27.5,0.3333333333333333,1.0,0.3333333333333333,0.8333333333333334,1.1666666666666667,1.1666666666666667,0.16666666666666666,0.16666666666666666,0.0,0.0,1.0,589.1666666666666,0.46153846153846156,0.35398230088495575,0.3333333333333333,0.4,3.0,0.6666666666666666,0.0,0.6666666666666666,0.0,0.0,0.0,0.3333333333333333,0.6666666666666666,0.0,0.0,0.0,9.333333333333334,25.333333333333332,7.333333333333333,24.0,18.333333333333332,35.333333333333336,10.0,27.0,0.3333333333333333,1.6666666666666667,0.3333333333333333,1.3333333333333333,0.6666666666666666,1.0,0.0,0.0,0.0,0.0,1.0,596.0,0.3684210526315789,0.3055555555555556,0.2,0.25,5.0,0.8,0.2,0.6,0.0,0.0,0.0,0.2,0.8,0.0,0.2,0.0,12.4,27.2,7.6,21.8,22.2,38.4,15.4,31.6,0.4,1.2,0.2,0.8,1.0,1.0,0.0,0.2,0.0,0.0,1.0,557.6,0.45588235294117646,0.3486238532110092,0.3333333333333333,0.25,6.0,0.8333333333333334,0.16666666666666666,0.6666666666666666,0.0,0.0,0.0,0.16666666666666666,0.8333333333333334,0.0,0.16666666666666666,0.0,11.0,23.833333333333332,6.666666666666667,18.833333333333332,20.333333333333332,35.0,13.5,27.5,0.3333333333333333,1.0,0.3333333333333333,0.8333333333333334,1.1666666666666667,1.1666666666666667,0.16666666666666666,0.16666666666666666,0.0,0.0,1.0,589.1666666666666,0.46153846153846156,0.35398230088495575,0.3333333333333333,0.4,0.0,0.0,0.0,,0.0,0.0,-5.0,,-10.477754962354549,-6.0,-5.0,-1.0,,,,,,,,,,,,,,,,,,,,,,,,,,,,,,,,,,,,,,,,,-3.0,,,,,,,,,,,,,,,,,,,,,,,,,,,,,,,,,,,,-5.0,,,,,,,,,,,,,,,,,,,,,,,,,,,,,,,,,,,,-6.0,,,,,,,,,,,,,,,,,,,,,,,,,,,,,,,,,,,
89fe06aef3da0954,621a6c59f88a44fe,1998-10-11,d2b1c1317a39f6c6,4c12aa7ca246e7a4,Open Weight,0,1,73.0,205.0,,30.39561943874059,Orthodox,Satoshi Honma,71.0,243.0,,33.686516084873375,Orthodox,Yuhi Sano,Orthodox_vs_Orthodox,0.0,0.0,0.0,,,,,,,,,,,,,,,,,,,,,,,,,,,,,,,,,,,,,,,,,0.0,,,,,,,,,,,,,,,,,,,,,,,,,,,,,,,,,,,,0.0,,,,,,,,,,,,,,,,,,,,,,,,,,,,,,,,,,,,0.0,,,,,,,,,,,,,,,,,,,,,,,,,,,,,,,,,,,,1.0,0.0,1.0,0.0,0.0,0.0,0.0,1.0,0.0,0.0,0.0,0.0,0.0,1.0,0.0,0.0,1.0,0.0,0.0,0.0,0.0,8.0,12.0,22.0,24.0,213.0,231.0,0.0,0.0,0.0,1.0,0.0,1.0,1.0,3.0,0.0,0.0,1.0,1994.0,,0.6666666666666666,,0.0,1.0,0.0,0.0,0.0,0.0,0.0,1.0,0.0,0.0,1.0,0.0,0.0,0.0,0.0,8.0,12.0,22.0,24.0,213.0,231.0,0.0,0.0,0.0,1.0,0.0,1.0,1.0,3.0,0.0,0.0,1.0,1994.0,,0.6666666666666666,,0.0,1.0,0.0,0.0,0.0,0.0,0.0,1.0,0.0,0.0,1.0,0.0,0.0,0.0,0.0,8.0,12.0,22.0,24.0,213.0,231.0,0.0,0.0,0.0,1.0,0.0,1.0,1.0,3.0,0.0,0.0,1.0,1994.0,,0.6666666666666666,,0.0,1.0,0.0,0.0,0.0,0.0,0.0,1.0,0.0,0.0,1.0,0.0,0.0,0.0,0.0,8.0,12.0,22.0,24.0,213.0,231.0,0.0,0.0,0.0,1.0,0.0,1.0,1.0,3.0,0.0,0.0,1.0,1994.0,,0.6666666666666666,,0.0,0.0,0.0,0.0,,0.0,2.0,-38.0,,-3.2908966461327864,-1.0,0.0,-1.0,,,,,,,,,,,,,,,,,,,,,,,,,,,,,,,,,,,,,,,,,-1.0,,,,,,,,,,,,,,,,,,,,,,,,,,,,,,,,,,,,-1.0,,,,,,,,,,,,,,,,,,,,,,,,,,,,,,,,,,,,-1.0,,,,,,,,,,,,,,,,,,,,,,,,,,,,,,,,,,,
a808944129b9d203,621a6c59f88a44fe,1998-10-11,b0c95dc8e858452c,da6dfd09cca1d705,Open Weight,0,1,68.0,195.0,,24.692676249144423,Orthodox,Akira Shoji,67.0,205.0,,30.63107460643395,Orthodox,Wallid Ismail,Orthodox_vs_Orthodox,1.0,1.0,0.0,1.0,0.0,1.0,0.0,0.0,1.0,0.0,1.0,0.0,0.0,0.0,0.0,1.0,0.0,0.0,0.0,9.0,12.0,2.0,8.0,15.0,18.0,2.0,8.0,1.0,1.0,0.0,0.0,1.0,0.0,0.0,0.0,0.0,0.0,1.0,227.0,0.75,0.25,1.0,,1.0,1.0,0.0,1.0,0.0,0.0,0.0,0.0,1.0,0.0,0.0,0.0,9.0,12.0,2.0,8.0,15.0,18.0,2.0,8.0,1.0,1.0,0.0,0.0,1.0,0.0,0.0,0.0,0.0,0.0,1.0,227.0,0.75,0.25,1.0,,1.0,1.0,0.0,1.0,0.0,0.0,0.0,0.0,1.0,0.0,0.0,0.0,9.0,12.0,2.0,8.0,15.0,18.0,2.0,8.0,1.0,1.0,0.0,0.0,1.0,0.0,0.0,0.0,0.0,0.0,1.0,227.0,0.75,0.25,1.0,,1.0,1.0,0.0,1.0,0.0,0.0,0.0,0.0,1.0,0.0,0.0,0.0,9.0,12.0,2.0,8.0,15.0,18.0,2.0,8.0,1.0,1.0,0.0,0.0,1.0,0.0,0.0,0.0,0.0,0.0,1.0,227.0,0.75,0.25,1.0,,1.0,0.0,1.0,0.0,0.0,0.0,0.0,0.0,0.0,0.0,0.0,0.0,0.0,0.0,1.0,0.0,0.0,0.0,0.0,1.0,17.0,20.0,43.0,19.0,38.0,72.0,99.0,1.0,10.0,1.0,1.0,0.0,0.0,0.0,0.0,0.0,0.0,2.0,480.0,0.058823529411764705,0.46511627906976744,0.1,1.0,1.0,0.0,0.0,0.0,0.0,0.0,0.0,1.0,0.0,0.0,0.0,0.0,1.0,17.0,20.0,43.0,19.0,38.0,72.0,99.0,1.0,10.0,1.0,1.0,0.0,0.0,0.0,0.0,0.0,0.0,2.0,480.0,0.058823529411764705,0.46511627906976744,0.1,1.0,1.0,0.0,0.0,0.0,0.0,0.0,0.0,1.0,0.0,0.0,0.0,0.0,1.0,17.0,20.0,43.0,19.0,38.0,72.0,99.0,1.0,10.0,1.0,1.0,0.0,0.0,0.0,0.0,0.0,0.0,2.0,480.0,0.058823529411764705,0.46511627906976744,0.1,1.0,1.0,0.0,0.0,0.0,0.0,0.0,0.0,1.0,0.0,0.0,0.0,0.0,1.0,17.0,20.0,43.0,19.0,38.0,72.0,99.0,1.0,10.0,1.0,1.0,0.0,0.0,0.0,0.0,0.0,0.0,2.0,480.0,0.058823529411764705,0.46511627906976744,0.1,1.0,0.0,0.0,0.0,,0.0,1.0,-10.0,,-5.938398357289525,0.0,1.0,-1.0,1.0,0.0,1.0,0.0,0.0,1.0,0.0,1.0,0.0,0.0,0.0,-1.0,1.0,0.0,0.0,0.0,8.0,-5.0,-18.0,-35.0,-4.0,-20.0,-70.0,-91.0,0.0,-9.0,-1.0,-1.0,1.0,0.0,0.0,0.0,0.0,0.0,-1.0,-253.0,0.6911764705882353,-0.21511627906976744,0.9,,0.0,1.0,0.0,1.0,0.0,0.0,0.0,-1.0,1.0,0.0,0.0,0.0,8.0,-5.0,-18.0,-35.0,-4.0,-20.0,-70.0,-91.0,0.0,-9.0,-1.0,-1.0,1.0,0.0,0.0,0.0,0.0,0.0,-1.0,-253.0,0.6911764705882353,-0.21511627906976744,0.9,,0.0,1.0,0.0,1.0,0.0,0.0,0.0,-1.0,1.0,0.0,0.0,0.0,8.0,-5.0,-18.0,-35.0,-4.0,-20.0,-70.0,-91.0,0.0,-9.0,-1.0,-1.0,1.0,0.0,0.0,0.0,0.0,0.0,-1.0,-253.0,0.6911764705882353,-0.21511627906976744,0.9,,0.0,1.0,0.0,1.0,0.0,0.0,0.0,-1.0,1.0,0.0,0.0,0.0,8.0,-5.0,-18.0,-35.0,-4.0,-20.0,-70.0,-91.0,0.0,-9.0,-1.0,-1.0,1.0,0.0,0.0,0.0,0.0,0.0,-1.0,-253.0,0.6911764705882353,-0.21511627906976744,0.9,
b312baec8b33a370,621a6c59f88a44fe,1998-10-11,7929be8290289a47,fbbde91f7bc2d3c5,Open Weight,0,1,68.0,205.0,,25.180013689253936,Orthodox,Igor Vovchanchyn,75.0,249.0,,32.73100616016427,Orthodox,Gary Goodridge,Orthodox_vs_Orthodox,0.0,0.0,0.0,,,,,,,,,,,,,,,,,,,,,,,,,,,,,,,,,,,,,,,,,0.0,,,,,,,,,,,,,,,,,,,,,,,,,,,,,,,,,,,,0.0,,,,,,,,,,,,,,,,,,,,,,,,,,,,,,,,,,,,0.0,,,,,,,,,,,,,,,,,,,,,,,,,,,,,,,,,,,,10.0,5.0,5.0,0.5,0.5,0.0,0.0,0.5,0.5,0.5,0.0,0.0,0.2,0.3,0.0,0.5,0.5,0.2,0.0,8.6,15.4,8.8,16.5,13.8,21.2,24.9,34.0,0.5,0.7,0.5,1.3,0.3,0.2,0.2,0.2,0.0,0.0,1.0,367.3,0.5584415584415584,0.5333333333333333,0.7142857142857143,0.38461538461538464,3.0,0.6666666666666666,0.6666666666666666,0.0,0.0,0.0,0.3333333333333333,0.0,0.6666666666666666,0.3333333333333333,0.6666666666666666,0.0,16.666666666666668,30.333333333333332,4.333333333333333,7.333333333333333,19.666666666666668,33.666666666666664,13.0,16.666666666666668,0.3333333333333333,0.3333333333333333,0.0,1.6666666666666667,0.6666666666666666,0.6666666666666666,0.0,0.0,0.0,0.0,1.0,429.3333333333333,0.5494505494505495,0.5909090909090909,1.0,0.0,5.0,0.6,0.6,0.0,0.0,0.0,0.4,0.0,0.6,0.4,0.4,0.0,13.8,24.6,6.8,11.8,22.0,33.6,15.8,21.8,0.4,0.4,0.0,1.2,0.4,0.4,0.2,0.0,0.0,0.0,1.0,411.0,0.5609756097560976,0.576271186440678,1.0,0.0,10.0,0.5,0.5,0.0,0.0,0.2,0.3,0.0,0.5,0.5,0.2,0.0,8.6,15.4,8.8,16.5,13.8,21.2,24.9,34.0,0.5,0.7,0.5,1.3,0.3,0.2,0.2,0.2,0.0,0.0,1.0,367.3,0.5584415584415584,0.5333333333333333,0.7142857142857143,0.38461538461538464,0.0,0.0,0.0,,0.0,-7.0,-44.0,,-7.550992470910334,-10.0,-5.0,-5.0,,,,,,,,,,,,,,,,,,,,,,,,,,,,,,,,,,,,,,,,,-3.0,,,,,,,,,,,,,,,,,,,,,,,,,,,,,,,,,,,,-5.0,,,,,,,,,,,,,,,,,,,,,,,,,,,,,,,,,,,,-10.0,,,,,,,,,,,,,,,,,,,,,,,,,,,,,,,,,,,
ebcf97b53ba4a4fe,621a6c59f88a44fe,1998-10-11,194fc025f9355db6,a25b71fe5e31fa97,Open Weight,0,1,70.0,185.0,,39.89048596851472,Switch,Rickson Gracie,72.0,220.0,,36.498288843258045,Southpaw,Nobuhiko Takada,Switch_vs_Southpaw,1.0,1.0,0.0,1.0,0.0,1.0,0.0,0.0,1.0,0.0,1.0,0.0,0.0,0.0,0.0,1.0,0.0,0.0,0.0,16.0,24.0,2.0,4.0,29.0,37.0,2.0,4.0,1.0,3.0,0.0,0.0,1.0,0.0,0.0,0.0,0.0,0.0,1.0,287.0,0.6666666666666666,0.5,0.3333333333333333,,1.0,1.0,0.0,1.0,0.0,0.0,0.0,0.0,1.0,0.0,0.0,0.0,16.0,24.0,2.0,4.0,29.0,37.0,2.0,4.0,1.0,3.0,0.0,0.0,1.0,0.0,0.0,0.0,0.0,0.0,1.0,287.0,0.6666666666666666,0.5,0.3333333333333333,,1.0,1.0,0.0,1.0,0.0,0.0,0.0,0.0,1.0,0.0,0.0,0.0,16.0,24.0,2.0,4.0,29.0,37.0,2.0,4.0,1.0,3.0,0.0,0.0,1.0,0.0,0.0,0.0,0.0,0.0,1.0,287.0,0.6666666666666666,0.5,0.3333333333333333,,1.0,1.0,0.0,1.0,0.0,0.0,0.0,0.0,1.0,0.0,0.0,0.0,16.0,24.0,2.0,4.0,29.0,37.0,2.0,4.0,1.0,3.0,0.0,0.0,1.0,0.0,0.0,0.0,0.0,0.0,1.0,287.0,0.6666666666666666,0.5,0.3333333333333333,,2.0,1.0,1.0,0.5,0.0,0.5,0.0,0.5,0.5,0.0,0.5,0.0,0.0,0.5,0.0,0.5,0.5,0.0,0.0,1.5,3.0,9.5,15.0,2.5,4.0,22.5,28.5,0.5,0.5,1.0,2.0,0.5,0.5,0.0,0.0,0.0,0.0,1.0,212.5,0.5,0.6333333333333333,1.0,0.5,2.0,0.5,0.0,0.5,0.0,0.0,0.5,0.0,0.5,0.5,0.0,0.0,1.5,3.0,9.5,15.0,2.5,4.0,22.5,28.5,0.5,0.5,1.0,2.0,0.5,0.5,0.0,0.0,0.0,0.0,1.0,212.5,0.5,0.6333333333333333,1.0,0.5,2.0,0.5,0.0,0.5,0.0,0.0,0.5,0.0,0.5,0.5,0.0,0.0,1.5,3.0,9.5,15.0,2.5,4.0,22.5,28.5,0.5,0.5,1.0,2.0,0.5,0.5,0.0,0.0,0.0,0.0,1.0,212.5,0.5,0.6333333333333333,1.0,0.5,2.0,0.5,0.0,0.5,0.0,0.0,0.5,0.0,0.5,0.5,0.0,0.0,1.5,3.0,9.5,15.0,2.5,4.0,22.5,28.5,0.5,0.5,1.0,2.0,0.5,0.5,0.0,0.0,0.0,0.0,1.0,212.5,0.5,0.6333333333333333,1.0,0.5,1.0,1.0,0.0,1.0,1.0,-2.0,-35.0,,3.392197125256672,-1.0,0.0,-1.0,0.5,0.0,0.5,0.0,-0.5,0.5,0.0,0.5,0.0,0.0,-0.5,0.0,0.5,-0.5,0.0,0.0,14.5,21.0,-7.5,-11.0,26.5,33.0,-20.5,-24.5,0.5,2.5,-1.0,-2.0,0.5,-0.5,0.0,0.0,0.0,0.0,0.0,74.5,0.16666666666666663,-0.1333333333333333,-0.6666666666666667,,-1.0,0.5,0.0,0.5,0.0,0.0,-0.5,0.0,0.5,-0.5,0.0,0.0,14.5,21.0,-7.5,-11.0,26.5,33.0,-20.5,-24.5,0.5,2.5,-1.0,-2.0,0.5,-0.5,0.0,0.0,0.0,0.0,0.0,74.5,0.16666666666666663,-0.1333333333333333,-0.6666666666666667,,-1.0,0.5,0.0,0.5,0.0,0.0,-0.5,0.0,0.5,-0.5,0.0,0.0,14.5,21.0,-7.5,-11.0,26.5,33.0,-20.5,-24.5,0.5,2.5,-1.0,-2.0,0.5,-0.5,0.0,0.0,0.0,0.0,0.0,74.5,0.16666666666666663,-0.1333333333333333,-0.6666666666666667,,-1.0,0.5,0.0,0.5,0.0,0.0,-0.5,0.0,0.5,-0.5,0.0,0.0,14.5,21.0,-7.5,-11.0,26.5,33.0,-20.5,-24.5,0.5,2.5,-1.0,-2.0,0.5,-0.5,0.0,0.0,0.0,0.0,0.0,74.5,0.16666666666666663,-0.1333333333333333,-0.6666666666666667,
